ID_TERMINE,PLAN_BEZ,STRASSE1,ORTSTEIL1,PLZ1,HNR_GE_AB,HNR_GE_BIS,HNR_UG_AB,HNR_UG_BIS,TERMIN001,TERMIN002,TERMIN003
43394,Sperrmüll,Simone-Veil-Straße,,53121,2,9998,1,9999,2026-02-09,2026-05-27,2026-10-07
13860,Sperrmüll,Aennchenplatz,Alt-Godesberg,53173,2,9998,1,9999,2026-03-10,2026-06-26,2026-11-13
13875,Sperrmüll,Aennchenstr.,Alt-Godesberg,53177,2,9998,1,9999,2026-03-10,2026-06-26,2026-11-13
14785,Sperrmüll,Alte Bahnhofstr.,Alt-Godesberg,53173,2,9998,1,9999,2026-03-11,2026-06-25,2026-11-18
20646,Sperrmüll,Am Bismarckturm,Alt-Godesberg,53177,2,9998,1,9999,2026-03-12,2026-06-29,2026-11-17
19011,Sperrmüll,Am Draitschbusch,Alt-Godesberg,53177,2,9998,1,9999,2026-03-11,2026-06-25,2026-11-18
14100,Sperrmüll,Am Fronhof,Alt-Godesberg,53177,2,9998,1,9999,2026-03-11,2026-06-25,2026-11-18
14145,Sperrmüll,Am Kreuter,Alt-Godesberg,53177,2,9998,1,9999,2026-03-12,2026-06-29,2026-11-17
17910,Sperrmüll,Am Kurpark,Alt-Godesberg,53177,2,9998,1,9999,2026-03-11,2026-06-25,2026-11-18
14160,Sperrmüll,Am Lenkert,Alt-Godesberg,53177,2,9998,1,9999,2026-03-11,2026-06-25,2026-11-18
19586,Sperrmüll,Am Michaelshof,Alt-Godesberg,53177,2,9998,1,9999,2026-03-11,2026-06-25,2026-11-18
14600,Sperrmüll,Auf dem Godesberg,Alt-Godesberg,53177,2,9998,1,9999,2026-03-11,2026-06-25,2026-11-18
15060,Sperrmüll,Bonner Str.,Alt-Godesberg,53173,2,4,1,17,2026-03-10,2026-06-26,2026-11-13
15075,Sperrmüll,Bonner Str.,Alt-Godesberg,53173,6,9998,19,9999,2026-03-10,2026-06-26,2026-11-13
15165,Sperrmüll,Brunnenallee,Alt-Godesberg,53177,2,4,1,15,2026-03-11,2026-06-25,2026-11-18
15180,Sperrmüll,Brunnenallee,Alt-Godesberg,53177,6,9998,17,9999,2026-03-11,2026-06-25,2026-11-18
15240,Sperrmüll,Bürgerstr.,Alt-Godesberg,53173,2,10,1,19,2026-03-11,2026-06-25,2026-11-18
15255,Sperrmüll,Bürgerstr.,Alt-Godesberg,53173,12,9998,21,9999,2026-03-23,2026-07-08,2026-11-26
15285,Sperrmüll,Burgstr.,Alt-Godesberg,53177,2,9998,1,9999,2026-03-11,2026-06-25,2026-11-18
15425,Sperrmüll,Dechant-Heimbach-Str.,Alt-Godesberg,53177,2,28,1,47,2026-03-11,2026-06-25,2026-11-18
15440,Sperrmüll,Dechant-Heimbach-Str.,Alt-Godesberg,53177,30,9998,49,9999,2026-03-11,2026-06-25,2026-11-18
15635,Sperrmüll,Drachenfelsstr.,Alt-Godesberg,53177,2,9998,1,9999,2026-03-12,2026-06-29,2026-11-17
15785,Sperrmüll,Elisabethstr.,Alt-Godesberg,53177,2,9998,1,9999,2026-03-12,2026-06-29,2026-11-17
18155,Sperrmüll,Embavenhof,Alt-Godesberg,53177,2,9998,1,9999,2026-03-11,2026-06-25,2026-11-18
16160,Sperrmüll,Friedrich-Ebert-Str.,Alt-Godesberg,53173,2,6,1,5,2026-03-12,2026-06-29,2026-11-17
16175,Sperrmüll,Friedrich-Ebert-Str.,Alt-Godesberg,53177,8,58,7,57,2026-03-12,2026-06-29,2026-11-17
16190,Sperrmüll,Friedrich-Ebert-Str.,Alt-Godesberg,53177,60,9998,59,9999,2026-03-12,2026-06-29,2026-11-17
16235,Sperrmüll,Friesdorfer Str.,Alt-Godesberg,53173,2,86,1,73,2026-03-10,2026-06-26,2026-11-13
16250,Sperrmüll,Friesdorfer Str.,Alt-Godesberg,53173,88,140,75,121,2026-03-10,2026-06-26,2026-11-13
16265,Sperrmüll,Friesdorfer Str.,Alt-Godesberg,53175,142,184,123,139,2026-03-10,2026-06-26,2026-11-13
16280,Sperrmüll,Friesdorfer Str.,Alt-Godesberg,53175,260,9998,217,9999,2026-03-10,2026-06-26,2026-11-13
16295,Sperrmüll,Friesdorfer Str.,Alt-Godesberg,53175,,,,,2026-03-10,2026-06-26,2026-11-13
16310,Sperrmüll,Friesdorfer Str.,Alt-Godesberg,53175,186,240,141,187,2026-03-10,2026-06-26,2026-11-13
44302,Sperrmüll,Friesdorfer Str.,Alt-Godesberg,53175,242,258,189,215,2026-03-10,2026-06-26,2026-11-13
22525,Sperrmüll,Hubertinumshof,Alt-Godesberg,53173,2,9998,1,9999,2026-03-11,2026-06-25,2026-11-18
15135,Sperrmüll,Im Äuelchen,Alt-Godesberg,53177,2,9998,1,9999,2026-03-11,2026-06-25,2026-11-18
17480,Sperrmüll,Im Etzental,Alt-Godesberg,53177,2,9998,1,9999,2026-03-12,2026-06-29,2026-11-17
17895,Sperrmüll,Junkerstr.,Alt-Godesberg,53177,2,9998,1,9999,2026-03-11,2026-06-25,2026-11-18
18275,Sperrmüll,Koblenzer Str.,Alt-Godesberg,53173,2,64,1,63,2026-03-11,2026-06-25,2026-11-18
18290,Sperrmüll,Koblenzer Str.,Alt-Godesberg,53177,100,148,105,193,2026-03-16,2026-07-02,2026-11-19
18309,Sperrmüll,Koblenzer Str.,Alt-Godesberg,53177,66,98,65,103,2026-03-12,2026-06-29,2026-11-17
18324,Sperrmüll,Koblenzer Str.,Alt-Godesberg,53177,,,,,2026-03-12,2026-06-29,2026-11-17
18339,Sperrmüll,Koblenzer Str.,Alt-Godesberg,53177,150,9998,195,9999,2026-03-16,2026-07-02,2026-11-19
18734,Sperrmüll,Kurfürstenallee,Alt-Godesberg,53177,2,10,1,9,2026-03-12,2026-06-29,2026-11-17
18754,Sperrmüll,Kurfürstenallee,Alt-Godesberg,53177,30,74,,,2026-03-12,2026-06-29,2026-11-17
18769,Sperrmüll,Kurfürstenallee,Alt-Godesberg,53177,76,9998,23,9999,2026-03-12,2026-06-29,2026-11-17
18784,Sperrmüll,Kurfürstenallee,Alt-Godesberg,53177,12,28,11,21,2026-03-12,2026-06-29,2026-11-17
19891,Sperrmüll,Laufenbergstr.,Alt-Godesberg,53173,2,9998,1,9999,2026-03-10,2026-06-26,2026-11-13
20336,Sperrmüll,Löbestr.,Alt-Godesberg,53173,2,9998,1,9999,2026-03-11,2026-06-25,2026-11-18
19026,Sperrmüll,Lohrbergstr.,Alt-Godesberg,53177,2,9998,1,9999,2026-03-12,2026-06-29,2026-11-17
19281,Sperrmüll,Marienforster Promenade,Alt-Godesberg,53177,2,9998,1,9999,2026-03-11,2026-06-25,2026-11-18
19296,Sperrmüll,Marienforster Steinweg,Alt-Godesberg,53177,2,9998,1,9999,2026-03-12,2026-06-29,2026-11-17
19401,Sperrmüll,Max-Franz-Str.,Alt-Godesberg,53177,2,9998,1,9999,2026-03-11,2026-06-25,2026-11-18
19571,Sperrmüll,Michaelplatz,Alt-Godesberg,53177,2,9998,1,9999,2026-03-11,2026-06-25,2026-11-18
18459,Sperrmüll,Milchgäßchen,Alt-Godesberg,53173,2,9998,1,9999,2026-03-11,2026-06-25,2026-11-18
19646,Sperrmüll,Moltkeplatz,Alt-Godesberg,53173,2,9998,1,9999,2026-03-11,2026-06-25,2026-11-18
19661,Sperrmüll,Moltkestr.,Alt-Godesberg,53173,2,64,1,41,2026-03-11,2026-06-25,2026-11-18
19681,Sperrmüll,Moltkestr.,Alt-Godesberg,53173,66,9998,43,9999,2026-03-12,2026-06-29,2026-11-17
19756,Sperrmüll,Muffendorfer Str.,Alt-Godesberg,53177,2,9998,1,9999,2026-03-12,2026-06-29,2026-11-17
19876,Sperrmüll,Nikolaus-Becker-Str.,Alt-Godesberg,53177,2,9998,1,9999,2026-03-11,2026-06-25,2026-11-18
20011,Sperrmüll,Ölbergstr.,Alt-Godesberg,53177,2,9998,1,9999,2026-03-12,2026-06-29,2026-11-17
20026,Sperrmüll,Oststr.,Alt-Godesberg,53173,2,9998,1,9999,2026-03-11,2026-06-25,2026-11-18
20151,Sperrmüll,Petersbergstr.,Alt-Godesberg,53177,2,9998,1,9999,2026-03-12,2026-06-29,2026-11-17
23166,Sperrmüll,Pfarrer-Minartz-Str.,Alt-Godesberg,53177,2,9998,1,9999,2026-03-11,2026-06-25,2026-11-18
20366,Sperrmüll,Promenadenweg,Alt-Godesberg,53175,2,9998,1,93,2026-03-10,2026-06-26,2026-11-13
44077,Sperrmüll,Promenadenweg,Alt-Godesberg,53175,,,105,9999,2026-03-10,2026-06-26,2026-11-13
44092,Sperrmüll,Promenadenweg,Alt-Godesberg,53175,,,95,103,2026-03-10,2026-07-14,2026-12-18
20411,Sperrmüll,Quellenstr.,Alt-Godesberg,53177,2,42,1,41,2026-03-11,2026-06-25,2026-11-18
20426,Sperrmüll,Quellenstr.,Alt-Godesberg,53177,44,9998,43,9999,2026-03-11,2026-06-25,2026-11-18
21705,Sperrmüll,Redoutenweg,Alt-Godesberg,53177,2,9998,1,9999,2026-03-11,2026-06-25,2026-11-18
23646,Sperrmüll,Ria-Maternus-Platz,Alt-Godesberg,53173,2,9998,1,9999,2026-03-12,2026-06-29,2026-11-17
21625,Sperrmüll,Sankt-Augustinus-Str.,Alt-Godesberg,53173,2,28,1,21,2026-03-10,2026-06-26,2026-11-13
21645,Sperrmüll,Sankt-Augustinus-Str.,Alt-Godesberg,53175,30,9998,23,9999,2026-03-09,2026-06-24,2026-11-12
21221,Sperrmüll,Schultheißgasse,Alt-Godesberg,53177,2,9998,1,9999,2026-03-11,2026-06-25,2026-11-18
19341,Sperrmüll,Schwertberger Str.,Alt-Godesberg,53177,2,9998,1,9999,2026-03-11,2026-06-25,2026-11-18
21945,Sperrmüll,Theaterpassage,Alt-Godesberg,53173,2,9998,1,9999,2026-03-11,2026-06-25,2026-11-18
21960,Sperrmüll,Theaterplatz,Alt-Godesberg,53177,2,9998,1,9999,2026-03-11,2026-06-25,2026-11-18
21990,Sperrmüll,Theodor-Heuss-Str.,Alt-Godesberg,53177,2,9998,1,9999,2026-03-16,2026-07-02,2026-11-19
22025,Sperrmüll,Truchseßstr.,Alt-Godesberg,53177,2,34,1,45,2026-03-10,2026-06-26,2026-11-13
22040,Sperrmüll,Truchseßstr.,Alt-Godesberg,53175,36,9998,47,9999,2026-03-10,2026-06-26,2026-11-13
22330,Sperrmüll,Villichgasse,Alt-Godesberg,53177,2,9998,1,9999,2026-03-11,2026-06-25,2026-11-18
22375,Sperrmüll,Von-der-Heydt-Str.,Alt-Godesberg,53177,2,9998,1,9999,2026-03-12,2026-06-29,2026-11-17
22600,Sperrmüll,Weißenburgstr.,Alt-Godesberg,53175,2,54,1,47,2026-03-10,2026-06-26,2026-11-13
22617,Sperrmüll,Weißenburgstr.,Alt-Godesberg,53175,56,9998,49,9999,2026-03-10,2026-06-26,2026-11-13
22756,Sperrmüll,Winterstr.,Alt-Godesberg,53177,2,9998,1,9999,2026-03-11,2026-06-25,2026-11-18
22816,Sperrmüll,Wolkenburgstr.,Alt-Godesberg,53177,2,9998,1,9999,2026-03-12,2026-06-29,2026-11-17
22786,Sperrmüll,Wörthstr.,Alt-Godesberg,53177,2,38,1,39,2026-03-10,2026-06-26,2026-11-13
22801,Sperrmüll,Wörthstr.,Alt-Godesberg,53177,40,9998,41,9999,2026-03-10,2026-06-26,2026-11-13
21975,Sperrmüll,Yalovastr.,Alt-Godesberg,53177,2,9998,1,9999,2026-03-12,2026-06-29,2026-11-17
270,Sperrmüll,Allensteiner Str.,Auerberg,53117,2,9998,1,9999,2026-01-06,2026-05-06,2026-09-15
13830,Sperrmüll,Am Josephinum,Auerberg,53117,2,9998,1,9999,2026-01-07,2026-05-07,2026-09-16
1284,Sperrmüll,Amsterdamer Str.,Auerberg,53117,2,9998,1,9999,2026-01-06,2026-05-06,2026-09-15
913,Sperrmüll,An der Josefshöhe,Auerberg,53117,2,9998,1,9999,2026-01-07,2026-05-07,2026-09-16
2660,Sperrmüll,An der Rheindorfer Burg,Auerberg,53117,2,9998,1,9999,2026-01-05,2026-05-05,2026-09-14
8775,Sperrmüll,Athener Str.,Auerberg,53117,2,9998,1,9999,2026-01-06,2026-05-06,2026-09-15
8700,Sperrmüll,Auerberger Allee,Auerberg,53117,2,9998,1,9999,2026-01-06,2026-05-06,2026-09-15
9157,Sperrmüll,Auerberger Mitte,Auerberg,53117,2,9998,1,9999,2026-01-06,2026-05-06,2026-09-15
1138,Sperrmüll,Auerbergweg,Auerberg,53117,2,9998,1,9999,2026-01-06,2026-05-06,2026-09-15
2811,Sperrmüll,Auf dem Schleifacker,Auerberg,53117,2,9998,1,9999,2026-01-06,2026-05-06,2026-09-15
8715,Sperrmüll,Berner Str.,Auerberg,53117,2,9998,1,9999,2026-01-06,2026-05-06,2026-09-15
2690,Sperrmüll,Brüsseler Str.,Auerberg,53117,2,52,1,13,2026-01-06,2026-05-06,2026-09-15
42930,Sperrmüll,Brüsseler Str.,Auerberg,53117,54,9998,15,9999,2026-01-06,2026-05-06,2026-09-15
8790,Sperrmüll,Bukarester Str.,Auerberg,53117,2,9998,1,9999,2026-01-06,2026-05-06,2026-09-15
3393,Sperrmüll,Dubliner Str.,Auerberg,53117,2,9998,1,9999,2026-01-06,2026-05-06,2026-09-15
3844,Sperrmüll,Engländerweg,Auerberg,53117,2,9998,1,9999,2026-01-06,2026-05-06,2026-09-15
3994,Sperrmüll,Eupener Str.,Auerberg,53117,2,9998,1,9999,2026-01-06,2026-05-06,2026-09-15
4109,Sperrmüll,Flensburger Str.,Auerberg,53117,2,9998,1,9999,2026-01-06,2026-05-06,2026-09-15
4587,Sperrmüll,Friedrich-Wöhler-Str.,Auerberg,53117,2,9998,1,9999,2026-01-07,2026-05-07,2026-09-16
5027,Sperrmüll,Georg-von-Boeselager-Str.,Auerberg,53117,2,9998,1,9999,2026-01-07,2026-05-07,2026-09-16
8685,Sperrmüll,Helsinkistr.,Auerberg,53117,2,9998,1,9999,2026-01-06,2026-05-06,2026-09-15
5147,Sperrmüll,In den Dauen,Auerberg,53117,2,9998,1,9999,2026-01-07,2026-05-07,2026-09-16
6515,Sperrmüll,Insterburger Str.,Auerberg,53117,2,9998,1,9999,2026-01-06,2026-05-06,2026-09-15
7281,Sperrmüll,Klemens-Hofbauer-Str.,Auerberg,53117,2,9998,1,9999,2026-01-07,2026-05-07,2026-09-16
7491,Sperrmüll,Kölnstr.,Auerberg,53111,,,1,47,2026-01-30,2026-05-20,2026-09-29
7507,Sperrmüll,Kölnstr.,Auerberg,53111,2,28,,,2026-01-30,2026-05-20,2026-09-29
7522,Sperrmüll,Kölnstr.,Auerberg,53111,,,67,119,2026-01-30,2026-05-20,2026-09-29
7537,Sperrmüll,Kölnstr.,Auerberg,53111,54,86,,,2026-01-30,2026-05-20,2026-09-29
7552,Sperrmüll,Kölnstr.,Auerberg,53111,,,121,133,2026-01-29,2026-05-19,2026-09-28
7567,Sperrmüll,Kölnstr.,Auerberg,53111,88,198,,,2026-01-29,2026-05-19,2026-09-28
7582,Sperrmüll,Kölnstr.,Auerberg,53117,,,201,251,2026-01-29,2026-05-19,2026-09-28
7597,Sperrmüll,Kölnstr.,Auerberg,53117,200,224,,,2026-01-29,2026-05-19,2026-09-28
7612,Sperrmüll,Kölnstr.,Auerberg,53117,,,417,487,2026-01-07,2026-05-07,2026-09-16
7627,Sperrmüll,Kölnstr.,Auerberg,53117,370,510,,,2026-01-07,2026-05-07,2026-09-16
7647,Sperrmüll,Kölnstr.,Auerberg,53117,,,593,9999,2026-01-08,2026-05-08,2026-09-17
7662,Sperrmüll,Kölnstr.,Auerberg,53117,602,9998,,,2026-01-08,2026-05-08,2026-09-17
7677,Sperrmüll,Kölnstr.,Auerberg,53117,,,489,591,2026-01-07,2026-05-07,2026-09-16
7692,Sperrmüll,Kölnstr.,Auerberg,53117,512,600,,,2026-01-07,2026-05-07,2026-09-16
7707,Sperrmüll,Kölnstr.,Auerberg,53111,30,52,,,2026-01-30,2026-05-20,2026-09-29
7722,Sperrmüll,Kölnstr.,Auerberg,53111,,,49,65,2026-01-30,2026-05-20,2026-09-29
7737,Sperrmüll,Kölnstr.,Auerberg,53117,,,,,2026-01-28,2026-05-18,2026-09-23
7752,Sperrmüll,Kölnstr.,Auerberg,53117,,,253,415,2026-01-29,2026-05-19,2026-09-28
7767,Sperrmüll,Kölnstr.,Auerberg,53117,226,368,,,2026-01-29,2026-05-19,2026-09-28
7782,Sperrmüll,Kölnstr.,Auerberg,53111,,,135,199,2026-01-29,2026-05-19,2026-09-28
1842,Sperrmüll,Kopenhagener Str.,Auerberg,53117,2,9998,1,9999,2026-01-06,2026-05-06,2026-09-15
8460,Sperrmüll,Lissaboner Str.,Auerberg,53117,2,9998,1,9999,2026-01-06,2026-05-06,2026-09-15
8655,Sperrmüll,Londoner Str.,Auerberg,53117,2,9998,1,9999,2026-01-06,2026-05-06,2026-09-15
8640,Sperrmüll,Luxemburger Str.,Auerberg,53117,2,9998,1,9999,2026-01-06,2026-05-06,2026-09-15
8760,Sperrmüll,Madridstr.,Auerberg,53117,2,9998,1,9999,2026-01-06,2026-05-06,2026-09-15
10041,Sperrmüll,Osloer Str.,Auerberg,53117,2,9998,1,9999,2026-01-06,2026-05-06,2026-09-15
10458,Sperrmüll,Pariser Str.,Auerberg,53117,,,1,21,2026-01-06,2026-05-06,2026-09-15
10473,Sperrmüll,Pariser Str.,Auerberg,53117,,,23,9999,2026-01-06,2026-05-06,2026-09-15
10488,Sperrmüll,Pariser Str.,Auerberg,53117,2,9998,,,2026-01-06,2026-05-06,2026-09-15
8820,Sperrmüll,Prager Str.,Auerberg,53117,2,9998,1,9999,2026-01-06,2026-05-06,2026-09-15
8730,Sperrmüll,Reykjavikstr.,Auerberg,53117,2,9998,1,9999,2026-01-06,2026-05-06,2026-09-15
10964,Sperrmüll,Richthofenstr.,Auerberg,53117,2,48,1,63,2026-01-06,2026-05-06,2026-09-15
10979,Sperrmüll,Richthofenstr.,Auerberg,53117,50,9998,65,9999,2026-01-07,2026-05-07,2026-09-16
11479,Sperrmüll,Saarbrückener Str.,Auerberg,53117,2,9998,1,9999,2026-01-06,2026-05-06,2026-09-15
11953,Sperrmüll,Seehausstr.,Auerberg,53117,2,9998,1,9999,2026-01-07,2026-05-07,2026-09-16
12398,Sperrmüll,Stockholmer Str.,Auerberg,53117,2,9998,1,9999,2026-01-06,2026-05-06,2026-09-15
12578,Sperrmüll,Tilsiter Str.,Auerberg,53117,2,9998,1,9999,2026-01-06,2026-05-06,2026-09-15
13044,Sperrmüll,Warschauer Str.,Auerberg,53117,2,9998,1,9999,2026-01-06,2026-05-06,2026-09-15
8745,Sperrmüll,Wiener Str.,Auerberg,53117,2,9998,1,9999,2026-01-06,2026-05-06,2026-09-15
14925,Sperrmüll,Bernkasteler Str.,Bad Godesberg Nord,53175,2,10,1,9,2026-03-10,2026-06-26,2026-11-13
14940,Sperrmüll,Bernkasteler Str.,Bad Godesberg Nord,53175,12,9998,11,9999,2026-03-09,2026-06-24,2026-11-12
15575,Sperrmüll,Dietrichstr.,Bad Godesberg Nord,53175,2,9998,1,9999,2026-03-10,2026-06-26,2026-11-13
15870,Sperrmüll,Elsässer Str.,Bad Godesberg Nord,53175,2,9998,1,9999,2026-03-09,2026-06-24,2026-11-12
16535,Sperrmüll,Godesberger Str.,Bad Godesberg Nord,53175,2,9998,1,9999,2026-03-09,2026-06-24,2026-11-12
17135,Sperrmüll,Hochkreuzallee,Bad Godesberg Nord,53175,2,6,1,3,2026-03-09,2026-06-24,2026-11-12
17150,Sperrmüll,Hochkreuzallee,Bad Godesberg Nord,53175,94,9998,113,9999,2026-03-10,2026-06-26,2026-11-13
17165,Sperrmüll,Hochkreuzallee,Bad Godesberg Nord,53175,8,92,5,111,2026-03-09,2026-06-24,2026-11-12
23541,Sperrmüll,Im Bendel,Bad Godesberg Nord,53175,2,9998,1,9999,2026-03-10,2026-06-26,2026-11-13
20506,Sperrmüll,Mathonetstr.,Bad Godesberg Nord,53175,2,9998,1,9999,2026-03-10,2026-06-26,2026-11-13
20196,Sperrmüll,Pionierstr.,Bad Godesberg Nord,53175,2,6,1,7,2026-03-10,2026-06-26,2026-11-13
20211,Sperrmüll,Pionierstr.,Bad Godesberg Nord,53175,8,9998,9,9999,2026-03-10,2026-06-26,2026-11-13
20246,Sperrmüll,Pionierweg,Bad Godesberg Nord,53177,2,9998,1,9999,2026-03-10,2026-06-26,2026-11-13
21550,Sperrmüll,Spichernstr.,Bad Godesberg Nord,53175,2,9998,1,9999,2026-03-10,2026-06-26,2026-11-13
21870,Sperrmüll,Südstr.,Bad Godesberg Nord,53175,2,9998,1,9999,2026-03-09,2026-06-24,2026-11-12
22651,Sperrmüll,Weststr.,Bad Godesberg Nord,53175,2,9998,1,9999,2026-03-09,2026-06-24,2026-11-12
14555,Sperrmüll,Am Arndtplatz,Bad Godesberg-Villenviert,53173,2,9998,1,9999,2026-03-25,2026-07-10,2026-11-30
14680,Sperrmüll,Augustastr.,Bad Godesberg-Villenviert,53173,2,34,1,31,2026-03-23,2026-07-08,2026-11-26
14695,Sperrmüll,Augustastr.,Bad Godesberg-Villenviert,53173,36,64,33,67,2026-03-23,2026-07-08,2026-11-26
14710,Sperrmüll,Augustastr.,Bad Godesberg-Villenviert,53173,66,9998,69,9999,2026-03-26,2026-07-13,2026-12-01
14815,Sperrmüll,Beethovenallee,Bad Godesberg-Villenviert,53173,2,14,1,15,2026-03-23,2026-07-08,2026-11-26
14835,Sperrmüll,Beethovenallee,Bad Godesberg-Villenviert,53173,16,9998,17,9999,2026-03-25,2026-07-10,2026-11-30
15470,Sperrmüll,Denglerstr.,Bad Godesberg-Villenviert,53173,2,28,1,11,2026-03-25,2026-07-10,2026-11-30
15485,Sperrmüll,Denglerstr.,Bad Godesberg-Villenviert,53173,30,32,13,17,2026-03-25,2026-07-10,2026-11-30
15500,Sperrmüll,Denglerstr.,Bad Godesberg-Villenviert,53173,34,58,19,39,2026-03-25,2026-07-10,2026-11-30
42729,Sperrmüll,Denglerstr.,Bad Godesberg-Villenviert,53173,60,9998,41,9999,2026-03-25,2026-07-10,2026-11-30
15740,Sperrmüll,Dürenstr.,Bad Godesberg-Villenviert,53173,2,9998,1,9999,2026-03-24,2026-07-09,2026-11-27
16205,Sperrmüll,Friedrichallee,Bad Godesberg-Villenviert,53173,2,18,1,25,2026-03-24,2026-07-09,2026-11-27
16220,Sperrmüll,Friedrichallee,Bad Godesberg-Villenviert,53173,20,9998,27,9999,2026-03-24,2026-07-09,2026-11-27
16520,Sperrmüll,Gneisenaustr.,Bad Godesberg-Villenviert,53173,2,9998,1,9999,2026-03-23,2026-07-08,2026-11-26
16840,Sperrmüll,Habsburgerstr.,Bad Godesberg-Villenviert,53173,2,9998,1,9999,2026-03-25,2026-07-10,2026-11-30
16550,Sperrmüll,Hensstr.,Bad Godesberg-Villenviert,53173,2,9998,1,9999,2026-03-25,2026-07-10,2026-11-30
16580,Sperrmüll,Herderstr.,Bad Godesberg-Villenviert,53173,2,52,1,51,2026-03-25,2026-07-10,2026-11-30
16595,Sperrmüll,Herderstr.,Bad Godesberg-Villenviert,53173,54,9998,53,9999,2026-03-25,2026-07-10,2026-11-30
17195,Sperrmüll,Hohenzollernplatz,Bad Godesberg-Villenviert,53173,2,9998,1,9999,2026-03-23,2026-07-08,2026-11-26
17210,Sperrmüll,Hohenzollernstr.,Bad Godesberg-Villenviert,53173,2,28,1,31,2026-03-25,2026-07-10,2026-11-30
17225,Sperrmüll,Hohenzollernstr.,Bad Godesberg-Villenviert,53173,30,44,33,47,2026-03-23,2026-07-08,2026-11-26
17240,Sperrmüll,Hohenzollernstr.,Bad Godesberg-Villenviert,53173,46,68,49,73,2026-03-26,2026-07-13,2026-12-01
17255,Sperrmüll,Hohenzollernstr.,Bad Godesberg-Villenviert,53173,70,9998,75,9999,2026-03-26,2026-07-13,2026-12-01
17805,Sperrmüll,Jahnallee,Bad Godesberg-Villenviert,53173,2,32,1,37,2026-03-23,2026-07-08,2026-11-26
17820,Sperrmüll,Jahnallee,Bad Godesberg-Villenviert,53173,34,9998,39,9999,2026-03-23,2026-07-08,2026-11-26
21116,Sperrmüll,Jean-Paul-Str.,Bad Godesberg-Villenviert,53173,2,9998,1,9999,2026-03-24,2026-07-09,2026-11-27
22726,Sperrmüll,Kolfhausstr.,Bad Godesberg-Villenviert,53173,2,9998,1,9999,2026-03-23,2026-07-08,2026-11-26
18429,Sperrmüll,Königsplatz,Bad Godesberg-Villenviert,53173,2,10,1,15,2026-03-23,2026-07-08,2026-11-26
18444,Sperrmüll,Königsplatz,Bad Godesberg-Villenviert,53173,12,9998,17,9999,2026-03-24,2026-07-09,2026-11-27
18489,Sperrmüll,Körnerstr.,Bad Godesberg-Villenviert,53173,2,12,1,13,2026-03-25,2026-07-10,2026-11-30
18504,Sperrmüll,Körnerstr.,Bad Godesberg-Villenviert,53175,14,9998,15,9999,2026-03-23,2026-07-08,2026-11-26
18659,Sperrmüll,Kronprinzenstr.,Bad Godesberg-Villenviert,53173,2,18,1,5,2026-03-24,2026-07-09,2026-11-27
18674,Sperrmüll,Kronprinzenstr.,Bad Godesberg-Villenviert,53173,20,30,7,25,2026-03-24,2026-07-09,2026-11-27
18689,Sperrmüll,Kronprinzenstr.,Bad Godesberg-Villenviert,53173,68,9998,53,9999,2026-03-25,2026-07-10,2026-11-30
18704,Sperrmüll,Kronprinzenstr.,Bad Godesberg-Villenviert,53173,32,66,27,51,2026-03-25,2026-07-10,2026-11-30
19041,Sperrmüll,Lützowstr.,Bad Godesberg-Villenviert,53173,2,9998,1,9999,2026-03-26,2026-07-13,2026-12-01
19601,Sperrmüll,Mirbachstr.,Bad Godesberg-Villenviert,53173,2,9998,1,9999,2026-03-24,2026-07-09,2026-11-27
20041,Sperrmüll,Otto-Kühne-Platz,Bad Godesberg-Villenviert,53173,2,9998,1,9999,2026-03-24,2026-07-09,2026-11-27
14770,Sperrmüll,Paul-Kemp-Str.,Bad Godesberg-Villenviert,53173,2,9998,1,9999,2026-03-23,2026-07-08,2026-11-26
20471,Sperrmüll,Rheinallee,Bad Godesberg-Villenviert,53173,2,76,1,53,2026-03-23,2026-07-08,2026-11-26
20491,Sperrmüll,Rheinallee,Bad Godesberg-Villenviert,53173,78,9998,55,9999,2026-03-23,2026-07-08,2026-11-26
20901,Sperrmüll,Roonstr.,Bad Godesberg-Villenviert,53175,2,9998,1,9999,2026-03-23,2026-07-08,2026-11-26
20991,Sperrmüll,Rüngsdorfer Str.,Bad Godesberg-Villenviert,53173,2,18,1,41,2026-03-23,2026-07-08,2026-11-26
21006,Sperrmüll,Rüngsdorfer Str.,Bad Godesberg-Villenviert,53173,20,9998,43,9999,2026-03-23,2026-07-08,2026-11-26
21071,Sperrmüll,Scharnhorststr.,Bad Godesberg-Villenviert,53175,2,9998,1,9999,2026-03-23,2026-07-08,2026-11-26
21086,Sperrmüll,Schenkendorfstr.,Bad Godesberg-Villenviert,53173,2,9998,1,9999,2026-03-26,2026-07-13,2026-12-01
22100,Sperrmüll,Ubierstr.,Bad Godesberg-Villenviert,53173,2,110,1,109,2026-03-25,2026-07-10,2026-11-30
22115,Sperrmüll,Ubierstr.,Bad Godesberg-Villenviert,53173,112,9998,111,9999,2026-03-24,2026-07-09,2026-11-27
22150,Sperrmüll,Uhlandstr.,Bad Godesberg-Villenviert,53173,2,20,1,21,2026-03-25,2026-07-10,2026-11-30
22165,Sperrmüll,Uhlandstr.,Bad Godesberg-Villenviert,53173,22,9998,23,9999,2026-03-25,2026-07-10,2026-11-30
22255,Sperrmüll,Viktoriaplatz,Bad Godesberg-Villenviert,53173,2,9998,1,9999,2026-03-26,2026-07-13,2026-12-01
22270,Sperrmüll,Viktoriastr.,Bad Godesberg-Villenviert,53173,2,26,1,27,2026-03-25,2026-07-10,2026-11-30
22285,Sperrmüll,Viktoriastr.,Bad Godesberg-Villenviert,53173,28,9998,29,9999,2026-03-23,2026-07-08,2026-11-26
15855,Sperrmüll,Welfenstr.,Bad Godesberg-Villenviert,53173,2,9998,1,9999,2026-03-23,2026-07-08,2026-11-26
22771,Sperrmüll,Wittelsbacherstr.,Bad Godesberg-Villenviert,53173,2,9998,1,9999,2026-03-25,2026-07-10,2026-11-30
22846,Sperrmüll,Wurzerstr.,Bad Godesberg-Villenviert,53175,2,32,1,29,2026-03-26,2026-07-13,2026-12-01
22861,Sperrmüll,Wurzerstr.,Bad Godesberg-Villenviert,53175,112,140,117,131,2026-03-25,2026-07-10,2026-11-30
22876,Sperrmüll,Wurzerstr.,Bad Godesberg-Villenviert,53175,34,72,31,51,2026-03-26,2026-07-13,2026-12-01
22891,Sperrmüll,Wurzerstr.,Bad Godesberg-Villenviert,53175,74,110,53,115,2026-03-26,2026-07-13,2026-12-01
42524,Sperrmüll,Wurzerstr.,Bad Godesberg-Villenviert,53175,142,9998,133,9999,2026-03-25,2026-07-10,2026-11-30
22966,Sperrmüll,Zietenstr.,Bad Godesberg-Villenviert,53173,2,16,1,13,2026-03-26,2026-07-13,2026-12-01
22981,Sperrmüll,Zietenstr.,Bad Godesberg-Villenviert,53173,18,9998,15,9999,2026-03-26,2026-07-13,2026-12-01
20261,Sperrmüll,Plittersdorfer Str.,Bad Godesberg-Villenviertel,53173,2,20,1,19,2026-03-10,2026-06-26,2026-11-13
20276,Sperrmüll,Plittersdorfer Str.,Bad Godesberg-Villenviertel,53173,144,9998,131,9999,2026-03-25,2026-07-10,2026-11-30
20291,Sperrmüll,Plittersdorfer Str.,Bad Godesberg-Villenviertel,53173,64,88,61,81,2026-03-23,2026-07-08,2026-11-26
20306,Sperrmüll,Plittersdorfer Str.,Bad Godesberg-Villenviertel,53173,22,62,21,59,2026-03-23,2026-07-08,2026-11-26
20321,Sperrmüll,Plittersdorfer Str.,Bad Godesberg-Villenviertel,53173,90,142,83,129,2026-03-23,2026-07-08,2026-11-26
23916,Sperrmüll,Agnesstr.,Beuel Zentrum,53225,2,40,1,29,2026-04-22,2026-09-02,2026-12-10
23931,Sperrmüll,Agnesstr.,Beuel Zentrum,53225,42,9998,31,9999,2026-04-22,2026-09-02,2026-12-10
24211,Sperrmüll,Am Stadion,Beuel Zentrum,53225,2,9998,1,9999,2026-04-17,2026-09-03,2026-12-09
30476,Sperrmüll,An der Gierponte,Beuel Zentrum,53225,2,9998,1,9999,2026-04-17,2026-09-03,2026-12-09
24541,Sperrmüll,An der Küppe,Beuel Zentrum,53225,2,9998,1,9999,2026-04-22,2026-09-02,2026-12-10
27366,Sperrmüll,An Sankt Josef,Beuel Zentrum,53225,2,8,1,17,2026-04-22,2026-09-02,2026-12-10
27381,Sperrmüll,An Sankt Josef,Beuel Zentrum,53225,10,9998,19,9999,2026-04-22,2026-09-02,2026-12-10
24616,Sperrmüll,Auf dem Grendt,Beuel Zentrum,53225,2,9998,1,9999,2026-04-16,2026-08-31,2026-12-07
24451,Sperrmüll,Auf der Schleide,Beuel Zentrum,53225,2,9998,1,9999,2026-04-22,2026-09-02,2026-12-10
24961,Sperrmüll,Bergweg,Beuel Zentrum,53225,2,9998,1,9999,2026-04-17,2026-09-03,2026-12-09
24856,Sperrmüll,Beueler Bahnhofsplatz,Beuel Zentrum,53225,2,9998,1,9999,2026-04-22,2026-09-02,2026-12-10
25416,Sperrmüll,Bröltalbahnweg,Beuel Zentrum,53225,2,9998,1,9999,2026-04-20,2026-09-01,2026-12-11
25506,Sperrmüll,Combahnstr.,Beuel Zentrum,53225,2,36,1,43,2026-04-20,2026-09-01,2026-12-11
25521,Sperrmüll,Combahnstr.,Beuel Zentrum,53225,38,68,45,81,2026-04-20,2026-09-01,2026-12-11
25536,Sperrmüll,Combahnstr.,Beuel Zentrum,53225,70,9998,83,9999,2026-04-22,2026-09-02,2026-12-10
25686,Sperrmüll,Doktor-Weis-Platz,Beuel Zentrum,53225,2,9998,1,9999,2026-04-22,2026-09-02,2026-12-10
25671,Sperrmüll,Dunantstr.,Beuel Zentrum,53225,2,9998,1,9999,2026-04-20,2026-09-01,2026-12-11
25761,Sperrmüll,Elsa-Brändström-Str.,Beuel Zentrum,53225,2,64,1,53,2026-04-17,2026-09-03,2026-12-09
25781,Sperrmüll,Elsa-Brändström-Str.,Beuel Zentrum,53227,,,61,101,2026-04-16,2026-08-31,2026-12-07
25796,Sperrmüll,Elsa-Brändström-Str.,Beuel Zentrum,53227,76,9998,103,9999,2026-04-16,2026-08-31,2026-12-07
25816,Sperrmüll,Elsa-Brändström-Str.,Beuel Zentrum,53227,66,74,55,59,2026-04-17,2026-09-03,2026-12-09
25861,Sperrmüll,Ernst-Moritz-Arndt-Str.,Beuel Zentrum,53225,2,9998,1,9999,2026-04-17,2026-09-03,2026-12-09
25951,Sperrmüll,Feldstr.,Beuel Zentrum,53225,2,9998,1,9999,2026-04-17,2026-09-03,2026-12-09
25996,Sperrmüll,Franziskanerinnenplatz,Beuel Zentrum,53225,2,9998,1,9999,2026-04-22,2026-09-02,2026-12-10
26101,Sperrmüll,Friedhofstr.,Beuel Zentrum,53225,2,9998,1,9999,2026-04-22,2026-09-02,2026-12-10
26136,Sperrmüll,Friedrich-Breuer-Str.,Beuel Zentrum,53225,2,14,1,19,2026-04-22,2026-09-02,2026-12-10
26151,Sperrmüll,Friedrich-Breuer-Str.,Beuel Zentrum,53225,16,38,21,41,2026-04-22,2026-09-02,2026-12-10
26166,Sperrmüll,Friedrich-Breuer-Str.,Beuel Zentrum,53225,40,98,43,97,2026-04-22,2026-09-02,2026-12-10
26181,Sperrmüll,Friedrich-Breuer-Str.,Beuel Zentrum,53225,100,9998,99,9999,2026-04-22,2026-09-02,2026-12-10
26121,Sperrmüll,Friedrich-Friesen-Str.,Beuel Zentrum,53225,2,9998,1,9999,2026-04-22,2026-09-02,2026-12-10
26441,Sperrmüll,Goetheallee,Beuel Zentrum,53225,2,46,1,49,2026-04-22,2026-09-02,2026-12-10
26461,Sperrmüll,Goetheallee,Beuel Zentrum,53225,48,9998,51,9999,2026-04-22,2026-09-02,2026-12-10
26476,Sperrmüll,Gottfried-Claren-Str.,Beuel Zentrum,53225,2,9998,1,9999,2026-04-22,2026-09-02,2026-12-10
26506,Sperrmüll,Grabenstr.,Beuel Zentrum,53225,2,86,1,83,2026-04-20,2026-09-01,2026-12-11
42419,Sperrmüll,Grabenstr.,Beuel Zentrum,53225,88,9998,85,9999,2026-04-20,2026-09-01,2026-12-11
26566,Sperrmüll,Gustav-Kessler-Str.,Beuel Zentrum,53225,2,9998,1,9999,2026-04-22,2026-09-02,2026-12-10
26631,Sperrmüll,Hans-Böckler-Str.,Beuel Zentrum,53225,2,20,1,5,2026-04-22,2026-09-02,2026-12-10
26646,Sperrmüll,Hans-Böckler-Str.,Beuel Zentrum,53225,22,9998,7,9999,2026-04-22,2026-09-02,2026-12-10
26961,Sperrmüll,Hans-Steger-Ufer,Beuel Zentrum,53225,2,9998,1,9999,2026-04-17,2026-09-03,2026-12-09
26911,Sperrmüll,Heckelsbergplatz,Beuel Zentrum,53225,2,9998,1,9999,2026-04-22,2026-09-02,2026-12-10
26726,Sperrmüll,Heinrich-Heine-Str.,Beuel Zentrum,53225,2,9998,1,9999,2026-04-17,2026-09-03,2026-12-09
26741,Sperrmüll,Helenenstr.,Beuel Zentrum,53225,2,34,1,31,2026-04-17,2026-09-03,2026-12-09
26756,Sperrmüll,Helenenstr.,Beuel Zentrum,53225,36,9998,33,9999,2026-04-17,2026-09-03,2026-12-09
30976,Sperrmüll,Herbert-Rabius-Str.,Beuel Zentrum,53225,2,9998,1,9999,2026-04-22,2026-09-02,2026-12-10
26771,Sperrmüll,Hermannstr.,Beuel Zentrum,53225,2,44,1,35,2026-04-22,2026-09-02,2026-12-10
26786,Sperrmüll,Hermannstr.,Beuel Zentrum,53225,70,92,41,65,2026-04-22,2026-09-02,2026-12-10
26801,Sperrmüll,Hermannstr.,Beuel Zentrum,53225,94,9998,67,9999,2026-04-17,2026-09-03,2026-12-09
42404,Sperrmüll,Hermannstr.,Beuel Zentrum,53225,56,68,37,39,2026-04-22,2026-09-02,2026-12-10
42434,Sperrmüll,Hermannstr.,Beuel Zentrum,53225,46,54,,,2026-04-22,2026-09-02,2026-12-10
27126,Sperrmüll,Im Rheinfeld,Beuel Zentrum,53227,2,9998,1,9999,2026-04-17,2026-09-03,2026-12-09
27141,Sperrmüll,Im Rheingarten,Beuel Zentrum,53225,2,9998,1,9999,2026-04-17,2026-09-03,2026-12-09
30521,Sperrmüll,Johann-Link-Str.,Beuel Zentrum,53225,2,12,1,5,2026-04-22,2026-09-02,2026-12-10
30536,Sperrmüll,Johann-Link-Str.,Beuel Zentrum,53225,14,14,7,11,2026-04-22,2026-09-02,2026-12-10
42629,Sperrmüll,Johann-Link-Str.,Beuel Zentrum,53225,16,9998,13,9999,2026-04-22,2026-09-02,2026-12-10
27501,Sperrmüll,Johannes-Bücher-Ufer,Beuel Zentrum,53225,2,9998,1,9999,2026-04-17,2026-09-03,2026-12-09
27321,Sperrmüll,Johannesstr.,Beuel Zentrum,53225,2,24,1,17,2026-04-17,2026-09-03,2026-12-09
27336,Sperrmüll,Johannesstr.,Beuel Zentrum,53225,26,30,19,35,2026-04-17,2026-09-03,2026-12-09
27351,Sperrmüll,Johannesstr.,Beuel Zentrum,53225,32,58,37,65,2026-04-17,2026-09-03,2026-12-09
42699,Sperrmüll,Johannesstr.,Beuel Zentrum,53225,60,9998,67,9999,2026-04-17,2026-09-03,2026-12-09
27546,Sperrmüll,Kaiser-Konrad-Str.,Beuel Zentrum,53225,2,46,1,49,2026-04-20,2026-09-01,2026-12-11
27561,Sperrmüll,Kaiser-Konrad-Str.,Beuel Zentrum,53225,48,9998,51,9999,2026-04-20,2026-09-01,2026-12-11
28040,Sperrmüll,Kennedybrücke,Beuel Zentrum,53225,2,9998,1,9999,2026-04-22,2026-09-02,2026-12-10
27761,Sperrmüll,Königsheimstr.,Beuel Zentrum,53225,2,9998,1,9999,2026-04-17,2026-09-03,2026-12-09
28085,Sperrmüll,Konrad-Adenauer-Platz,Beuel Zentrum,53225,2,9998,1,9999,2026-04-22,2026-09-02,2026-12-10
28150,Sperrmüll,Kreuzstr.,Beuel Zentrum,53225,2,9998,1,9999,2026-04-22,2026-09-02,2026-12-10
28200,Sperrmüll,Limpericher Str.,Beuel Zentrum,53225,2,22,1,13,2026-04-22,2026-09-02,2026-12-10
28220,Sperrmüll,Limpericher Str.,Beuel Zentrum,53225,24,94,15,103,2026-04-22,2026-09-02,2026-12-10
28235,Sperrmüll,Limpericher Str.,Beuel Zentrum,53225,196,9998,167,9999,2026-04-16,2026-08-31,2026-12-07
28250,Sperrmüll,Limpericher Str.,Beuel Zentrum,53225,144,194,145,165,2026-04-17,2026-09-03,2026-12-09
28265,Sperrmüll,Limpericher Str.,Beuel Zentrum,53225,96,142,105,143,2026-04-17,2026-09-03,2026-12-09
28400,Sperrmüll,Marchstr.,Beuel Zentrum,53225,2,9998,1,9999,2026-04-17,2026-09-03,2026-12-09
28430,Sperrmüll,Marienstr.,Beuel Zentrum,53225,2,9998,1,9999,2026-04-22,2026-09-02,2026-12-10
28799,Sperrmüll,Nepomuk-Platz,Beuel Zentrum,53225,2,9998,1,9999,2026-04-17,2026-09-03,2026-12-09
28859,Sperrmüll,Neustr.,Beuel Zentrum,53225,2,8,1,13,2026-04-22,2026-09-02,2026-12-10
28874,Sperrmüll,Neustr.,Beuel Zentrum,53225,30,86,31,73,2026-04-17,2026-09-03,2026-12-09
28889,Sperrmüll,Neustr.,Beuel Zentrum,53225,88,9998,75,9999,2026-04-17,2026-09-03,2026-12-09
28904,Sperrmüll,Neustr.,Beuel Zentrum,53225,10,28,15,29,2026-04-17,2026-09-03,2026-12-09
30761,Sperrmüll,Obere Wilhelmstr.,Beuel Zentrum,53225,2,9998,1,9999,2026-04-22,2026-09-02,2026-12-10
29185,Sperrmüll,Platanenweg,Beuel Zentrum,53225,2,9998,1,9999,2026-04-22,2026-09-02,2026-12-10
24871,Sperrmüll,Professor-Neu-Allee,Beuel Zentrum,53225,2,9998,1,9999,2026-04-20,2026-09-01,2026-12-11
24886,Sperrmüll,Professor-Neu-Allee,Beuel Zentrum,53225,,,,,2026-04-20,2026-09-01,2026-12-11
29415,Sperrmüll,Rathausstr.,Beuel Zentrum,53225,2,6,1,3,2026-04-22,2026-09-02,2026-12-10
29430,Sperrmüll,Rathausstr.,Beuel Zentrum,53225,8,30,5,25,2026-04-22,2026-09-02,2026-12-10
29445,Sperrmüll,Rathausstr.,Beuel Zentrum,53225,32,9998,27,9999,2026-04-20,2026-09-01,2026-12-11
29505,Sperrmüll,Rheinaustr.,Beuel Zentrum,53225,2,116,1,99,2026-04-17,2026-09-03,2026-12-09
29520,Sperrmüll,Rheinaustr.,Beuel Zentrum,53225,132,136,129,135,2026-04-17,2026-09-03,2026-12-09
29535,Sperrmüll,Rheinaustr.,Beuel Zentrum,53227,,,,,2026-04-17,2026-09-03,2026-12-09
29550,Sperrmüll,Rheinaustr.,Beuel Zentrum,53225,118,130,101,127,2026-04-17,2026-09-03,2026-12-09
29565,Sperrmüll,Rheinaustr.,Beuel Zentrum,53225,178,212,217,247,2026-04-17,2026-09-03,2026-12-09
29580,Sperrmüll,Rheinaustr.,Beuel Zentrum,53225,232,9998,271,9999,2026-04-17,2026-09-03,2026-12-09
29595,Sperrmüll,Rheinaustr.,Beuel Zentrum,53225,138,140,137,167,2026-04-17,2026-09-03,2026-12-09
29610,Sperrmüll,Rheinaustr.,Beuel Zentrum,53225,214,230,249,269,2026-04-17,2026-09-03,2026-12-09
29625,Sperrmüll,Rheinaustr.,Beuel Zentrum,53225,142,176,169,215,2026-04-17,2026-09-03,2026-12-09
43258,Sperrmüll,Rheinaustr.,Beuel Zentrum,53227,,,,,2026-04-16,2026-08-31,2026-12-07
29640,Sperrmüll,Rheindorfer Str.,Beuel Zentrum,53225,2,40,1,39,2026-04-20,2026-09-01,2026-12-11
29655,Sperrmüll,Rheindorfer Str.,Beuel Zentrum,53225,42,98,41,101,2026-04-20,2026-09-01,2026-12-11
29670,Sperrmüll,Rheindorfer Str.,Beuel Zentrum,53225,100,122,103,119,2026-04-20,2026-09-01,2026-12-11
29685,Sperrmüll,Rheindorfer Str.,Beuel Zentrum,53225,124,9998,121,9999,2026-04-20,2026-09-01,2026-12-11
29715,Sperrmüll,Rilkestr.,Beuel Zentrum,53225,2,32,1,35,2026-04-17,2026-09-03,2026-12-09
42714,Sperrmüll,Rilkestr.,Beuel Zentrum,53225,34,9998,37,9999,2026-04-17,2026-09-03,2026-12-09
29730,Sperrmüll,Ringstr.,Beuel Zentrum,53225,2,40,1,43,2026-04-17,2026-09-03,2026-12-09
29750,Sperrmüll,Ringstr.,Beuel Zentrum,53225,68,9998,63,9999,2026-04-17,2026-09-03,2026-12-09
29765,Sperrmüll,Ringstr.,Beuel Zentrum,53225,,,45,47,2026-04-17,2026-09-03,2026-12-09
42389,Sperrmüll,Ringstr.,Beuel Zentrum,53225,,,49,61,2026-04-17,2026-09-03,2026-12-09
44272,Sperrmüll,Ringstr.,Beuel Zentrum,53225,42,52,,,2026-04-17,2026-09-03,2026-12-09
44287,Sperrmüll,Ringstr.,Beuel Zentrum,53225,54,66,,,2026-04-17,2026-09-03,2026-12-09
29355,Sperrmüll,Rölsdorfstr.,Beuel Zentrum,53225,2,9998,1,9999,2026-04-17,2026-09-03,2026-12-09
29840,Sperrmüll,Rosenweg,Beuel Zentrum,53225,2,9998,1,9999,2026-04-17,2026-09-03,2026-12-09
27396,Sperrmüll,Rudolf-Hahn-Str.,Beuel Zentrum,53225,2,18,1,23,2026-04-17,2026-09-03,2026-12-09
27411,Sperrmüll,Rudolf-Hahn-Str.,Beuel Zentrum,53225,20,108,25,67,2026-04-16,2026-08-31,2026-12-07
27426,Sperrmüll,Rudolf-Hahn-Str.,Beuel Zentrum,53227,134,9998,93,9999,2026-04-16,2026-08-31,2026-12-07
27441,Sperrmüll,Rudolf-Hahn-Str.,Beuel Zentrum,53227,110,122,69,71,2026-04-16,2026-08-31,2026-12-07
27456,Sperrmüll,Rudolf-Hahn-Str.,Beuel Zentrum,53225,,,73,91,2026-04-16,2026-08-31,2026-12-07
27471,Sperrmüll,Rudolf-Hahn-Str.,Beuel Zentrum,53227,124,132,,,2026-04-16,2026-08-31,2026-12-07
25021,Sperrmüll,Sankt Augustiner Str.,Beuel Zentrum,53225,2,18,1,27,2026-04-22,2026-09-02,2026-12-10
25036,Sperrmüll,Sankt Augustiner Str.,Beuel Zentrum,53225,76,9998,95,9999,2026-04-22,2026-09-02,2026-12-10
25051,Sperrmüll,Sankt Augustiner Str.,Beuel Zentrum,53225,20,74,29,93,2026-04-22,2026-09-02,2026-12-10
30841,Sperrmüll,Siegfried-Leopold-Str.,Beuel Zentrum,53225,2,44,1,37,2026-04-22,2026-09-02,2026-12-10
30856,Sperrmüll,Siegfried-Leopold-Str.,Beuel Zentrum,53225,46,9998,41,9999,2026-04-22,2026-09-02,2026-12-10
30250,Sperrmüll,Steinerstr.,Beuel Zentrum,53225,2,30,1,35,2026-04-22,2026-09-02,2026-12-10
30265,Sperrmüll,Steinerstr.,Beuel Zentrum,53225,32,9998,37,9999,2026-04-22,2026-09-02,2026-12-10
30386,Sperrmüll,Synagogenplatz,Beuel Zentrum,53225,2,9998,1,9999,2026-04-22,2026-09-02,2026-12-10
30611,Sperrmüll,Von-Sandt-Str.,Beuel Zentrum,53225,2,9998,1,9999,2026-04-20,2026-09-01,2026-12-11
30901,Sperrmüll,Wagnergasse,Beuel Zentrum,53225,2,9998,1,9999,2026-04-22,2026-09-02,2026-12-10
30916,Sperrmüll,Zingsheimstr.,Beuel Zentrum,53225,2,8,1,9,2026-04-22,2026-09-02,2026-12-10
30931,Sperrmüll,Zingsheimstr.,Beuel Zentrum,53225,10,9998,11,9999,2026-04-22,2026-09-02,2026-12-10
24146,Sperrmüll,Am Langen Graben,Beuel-Ost,53227,2,9998,1,9999,2026-04-30,2026-09-25,2026-12-22
24466,Sperrmüll,Auguststr.,Beuel-Ost,53229,2,9998,1,9999,2026-04-30,2026-09-25,2026-12-22
30961,Sperrmüll,Christian-Kölbach-Str.,Beuel-Ost,53227,2,9998,1,9999,2026-04-30,2026-09-25,2026-12-22
27261,Sperrmüll,In den Wiesen,Beuel-Ost,53227,2,9998,1,9999,2026-04-30,2026-09-25,2026-12-22
30641,Sperrmüll,Josef-Thiebes-Str.,Beuel-Ost,53227,2,9998,1,9999,2026-04-30,2026-09-25,2026-12-22
27681,Sperrmüll,Käthe-Kollwitz-Str.,Beuel-Ost,53227,2,9998,1,9999,2026-04-30,2026-09-25,2026-12-22
27776,Sperrmüll,Königswinterer Str.,Beuel-Ost,53227,2,8,1,9,2026-04-30,2026-09-25,2026-12-22
27796,Sperrmüll,Königswinterer Str.,Beuel-Ost,53227,460,588,471,615,2026-04-14,2026-07-16,2026-12-02
27815,Sperrmüll,Königswinterer Str.,Beuel-Ost,53227,396,458,399,469,2026-04-14,2026-07-16,2026-12-02
27830,Sperrmüll,Königswinterer Str.,Beuel-Ost,53227,266,318,271,325,2026-04-15,2026-07-17,2026-12-08
27845,Sperrmüll,Königswinterer Str.,Beuel-Ost,53227,180,240,165,239,2026-04-15,2026-07-17,2026-12-08
27860,Sperrmüll,Königswinterer Str.,Beuel-Ost,53227,120,178,123,163,2026-04-15,2026-07-17,2026-12-08
27875,Sperrmüll,Königswinterer Str.,Beuel-Ost,53227,590,700,617,737,2026-04-13,2026-07-15,2026-12-03
27890,Sperrmüll,Königswinterer Str.,Beuel-Ost,53227,,,,,2026-04-15,2026-07-17,2026-12-08
27905,Sperrmüll,Königswinterer Str.,Beuel-Ost,53227,,,,,2026-04-14,2026-07-16,2026-12-02
27920,Sperrmüll,Königswinterer Str.,Beuel-Ost,53227,,,,,2026-04-14,2026-07-16,2026-12-02
27935,Sperrmüll,Königswinterer Str.,Beuel-Ost,53227,,,,,2026-04-15,2026-07-17,2026-12-08
27950,Sperrmüll,Königswinterer Str.,Beuel-Ost,53227,702,9998,739,9999,2026-04-13,2026-07-15,2026-12-03
27965,Sperrmüll,Königswinterer Str.,Beuel-Ost,53227,258,264,261,269,2026-04-15,2026-07-17,2026-12-08
27980,Sperrmüll,Königswinterer Str.,Beuel-Ost,53227,320,394,327,397,2026-04-14,2026-07-16,2026-12-02
27995,Sperrmüll,Königswinterer Str.,Beuel-Ost,53227,10,52,11,55,2026-04-30,2026-09-25,2026-12-22
28010,Sperrmüll,Königswinterer Str.,Beuel-Ost,53227,242,256,241,259,2026-04-15,2026-07-17,2026-12-08
28025,Sperrmüll,Königswinterer Str.,Beuel-Ost,53227,54,118,57,121,2026-04-30,2026-09-25,2026-12-22
28385,Sperrmüll,Maarstr.,Beuel-Ost,53227,2,44,1,41,2026-04-30,2026-09-25,2026-12-22
43043,Sperrmüll,Maarstr.,Beuel-Ost,53227,46,9998,43,9999,2026-04-30,2026-09-25,2026-12-22
28939,Sperrmüll,Marquartstr.,Beuel-Ost,53229,2,9998,1,9999,2026-04-30,2026-09-25,2026-12-22
28769,Sperrmüll,Mutter-Theresa-Str.,Beuel-Ost,53227,2,9998,1,9999,2026-04-30,2026-09-25,2026-12-22
29109,Sperrmüll,Paulusstr.,Beuel-Ost,53227,2,9998,1,9999,2026-04-30,2026-09-25,2026-12-22
29169,Sperrmüll,Pfaffenweg,Beuel-Ost,53227,2,18,1,19,2026-04-30,2026-09-25,2026-12-22
43614,Sperrmüll,Pfaffenweg,Beuel-Ost,53227,20,50,21,49,2026-04-30,2026-09-25,2026-12-22
29200,Sperrmüll,Pützchens Chaussee,Beuel-Ost,53227,2,98,1,97,2026-04-30,2026-09-25,2026-12-22
29220,Sperrmüll,Pützchens Chaussee,Beuel-Ost,53229,100,134,99,131,2026-04-30,2026-09-25,2026-12-22
29235,Sperrmüll,Pützchens Chaussee,Beuel-Ost,53229,136,174,133,137,2026-04-30,2026-09-25,2026-12-22
29250,Sperrmüll,Pützchens Chaussee,Beuel-Ost,53229,176,226,139,239,2026-04-30,2026-09-25,2026-12-22
29265,Sperrmüll,Pützchens Chaussee,Beuel-Ost,53229,228,9998,241,9999,2026-05-04,2026-09-11,2026-12-23
29780,Sperrmüll,Röhfeldstr.,Beuel-Ost,53227,2,20,1,25,2026-04-30,2026-09-25,2026-12-22
29795,Sperrmüll,Röhfeldstr.,Beuel-Ost,53227,60,9998,57,9999,2026-04-30,2026-09-25,2026-12-22
29810,Sperrmüll,Röhfeldstr.,Beuel-Ost,53227,22,58,27,55,2026-04-30,2026-09-25,2026-12-22
30190,Sperrmüll,Schwarzer Weg,Beuel-Ost,53227,2,9998,1,9999,2026-04-30,2026-09-25,2026-12-22
28954,Sperrmüll,Siebenmorgenweg,Beuel-Ost,53229,2,22,,,2026-04-30,2026-09-25,2026-12-22
28969,Sperrmüll,Siebenmorgenweg,Beuel-Ost,53229,24,60,1,57,2026-04-24,2026-09-08,2026-12-16
28984,Sperrmüll,Siebenmorgenweg,Beuel-Ost,53229,62,9998,59,9999,2026-04-24,2026-09-08,2026-12-16
29945,Sperrmüll,Siegburger Str.,Beuel-Ost,53229,2,58,1,101,2026-04-30,2026-09-25,2026-12-22
29965,Sperrmüll,Siegburger Str.,Beuel-Ost,53229,126,200,189,351,2026-04-27,2026-09-24,2026-12-17
29980,Sperrmüll,Siegburger Str.,Beuel-Ost,53229,202,9998,353,9999,2026-04-27,2026-09-24,2026-12-17
29995,Sperrmüll,Siegburger Str.,Beuel-Ost,53229,,,103,187,2026-04-24,2026-09-08,2026-12-16
30010,Sperrmüll,Siegburger Str.,Beuel-Ost,53229,,,,,2026-04-24,2026-09-08,2026-12-16
30025,Sperrmüll,Siegburger Str.,Beuel-Ost,53229,60,124,,,2026-04-24,2026-09-08,2026-12-16
30040,Sperrmüll,Siegburger Str.,Beuel-Ost,53229,,,,,2026-04-27,2026-09-24,2026-12-17
481,Sperrmüll,Am Agnesstift,Bonn-Castell,53117,2,9998,1,9999,2026-01-05,2026-05-05,2026-09-14
527,Sperrmüll,Am Jesuitenhof,Bonn-Castell,53117,2,9998,1,9999,2026-01-05,2026-05-05,2026-09-14
547,Sperrmüll,Am Johanneskreuz,Bonn-Castell,53111,2,9998,1,9999,2026-01-30,2026-05-20,2026-09-29
728,Sperrmüll,Am Römerkastell,Bonn-Castell,53111,2,9998,1,9999,2026-01-29,2026-05-19,2026-09-28
2061,Sperrmüll,Am Römerlager,Bonn-Castell,53117,2,9998,1,9999,2026-01-05,2026-05-05,2026-09-14
743,Sperrmüll,Am Schänzchen,Bonn-Castell,53111,2,9998,1,9999,2026-01-29,2026-05-19,2026-09-28
818,Sperrmüll,Am Wichelshof,Bonn-Castell,53111,2,9998,1,9999,2026-01-29,2026-05-19,2026-09-28
853,Sperrmüll,An der Esche,Bonn-Castell,53111,2,14,1,13,2026-01-29,2026-05-19,2026-09-28
868,Sperrmüll,An der Esche,Bonn-Castell,53111,16,9998,15,9999,2026-01-29,2026-05-19,2026-09-28
1108,Sperrmüll,Arminiusstr.,Bonn-Castell,53117,2,9998,1,9999,2026-01-05,2026-05-05,2026-09-14
1233,Sperrmüll,Augustusring,Bonn-Castell,53111,2,9998,1,9999,2026-01-05,2026-05-05,2026-09-14
1519,Sperrmüll,Badener Str.,Bonn-Castell,53111,2,9998,1,9999,2026-01-29,2026-05-19,2026-09-28
1550,Sperrmüll,Bataverweg,Bonn-Castell,53117,2,9998,1,9999,2026-01-05,2026-05-05,2026-09-14
2510,Sperrmüll,Bungartstr.,Bonn-Castell,53111,2,9998,1,9999,2026-01-29,2026-05-19,2026-09-28
3117,Sperrmüll,Dietkirchenstr.,Bonn-Castell,53111,2,9998,1,9999,2026-01-29,2026-05-19,2026-09-28
3348,Sperrmüll,Drususstr.,Bonn-Castell,53111,2,9998,1,9999,2026-01-29,2026-05-19,2026-09-28
3934,Sperrmüll,Eduard-Spoelgen-Str.,Bonn-Castell,53117,2,9998,1,9999,2026-01-05,2026-05-05,2026-09-14
3614,Sperrmüll,Eintrachtstr.,Bonn-Castell,53117,2,9998,1,9999,2026-01-05,2026-05-05,2026-09-14
4404,Sperrmüll,Fritz-Schroeder-Ufer,Bonn-Castell,53111,2,9998,1,9999,2026-01-30,2026-05-20,2026-09-29
5087,Sperrmüll,Gallierweg,Bonn-Castell,53117,2,9998,1,9999,2026-01-05,2026-05-05,2026-09-14
10850,Sperrmüll,Graurheindorfer Str.,Bonn-Castell,53111,2,88,1,101,2026-01-29,2026-05-19,2026-09-28
10870,Sperrmüll,Graurheindorfer Str.,Bonn-Castell,53117,90,9998,103,9999,2026-01-05,2026-05-05,2026-09-14
6681,Sperrmüll,Heinrich-Sauer-Str.,Bonn-Castell,53111,2,9998,1,9999,2026-01-30,2026-05-20,2026-09-29
6144,Sperrmüll,Husarenstr.,Bonn-Castell,53117,2,9998,1,9999,2026-01-05,2026-05-05,2026-09-14
6530,Sperrmüll,Irmintrudisstr.,Bonn-Castell,53111,2,9998,1,9999,2026-01-29,2026-05-19,2026-09-28
43957,Sperrmüll,Irmintrudisstr.,Bonn-Castell,53111,,,,,2026-01-29,2026-05-19,2026-09-28
6911,Sperrmüll,Kaiser-Karl-Ring,Bonn-Castell,53111,2,40,1,25,2026-01-05,2026-05-05,2026-09-14
6926,Sperrmüll,Kaiser-Karl-Ring,Bonn-Castell,53111,,,27,9999,2026-01-28,2026-05-18,2026-09-23
6941,Sperrmüll,Kaiser-Karl-Ring,Bonn-Castell,53119,42,9998,,,2026-01-28,2026-05-18,2026-09-23
7125,Sperrmüll,Karl-Legien-Str.,Bonn-Castell,53117,2,146,1,65,2026-01-05,2026-05-05,2026-09-14
7145,Sperrmüll,Karl-Legien-Str.,Bonn-Castell,53117,148,160,67,199,2026-01-05,2026-05-05,2026-09-14
7160,Sperrmüll,Karl-Legien-Str.,Bonn-Castell,53117,162,9998,201,9999,2026-01-05,2026-05-05,2026-09-14
4952,Sperrmüll,Legionsweg,Bonn-Castell,53117,2,9998,1,9999,2026-01-05,2026-05-05,2026-09-14
8224,Sperrmüll,Leinpfad,Bonn-Castell,53111,2,9998,1,9999,2026-01-05,2026-05-05,2026-09-14
9797,Sperrmüll,Nordstr.,Bonn-Castell,53111,2,58,1,59,2026-01-29,2026-05-19,2026-09-28
9812,Sperrmüll,Nordstr.,Bonn-Castell,53111,60,9998,61,9999,2026-01-29,2026-05-19,2026-09-28
10271,Sperrmüll,Peter-Ruster-Str.,Bonn-Castell,53111,2,9998,1,9999,2026-01-05,2026-05-05,2026-09-14
10316,Sperrmüll,Pfälzer Str.,Bonn-Castell,53111,2,9998,1,9999,2026-01-29,2026-05-19,2026-09-28
11175,Sperrmüll,Römerstr.,Bonn-Castell,53111,2,20,1,21,2026-01-30,2026-05-20,2026-09-29
11190,Sperrmüll,Römerstr.,Bonn-Castell,53117,118,144,123,159,2026-01-05,2026-05-05,2026-09-14
11205,Sperrmüll,Römerstr.,Bonn-Castell,53117,226,9998,301,9999,2026-01-05,2026-05-05,2026-09-14
11220,Sperrmüll,Römerstr.,Bonn-Castell,53117,146,224,161,299,2026-01-05,2026-05-05,2026-09-14
11235,Sperrmüll,Römerstr.,Bonn-Castell,53111,22,116,23,121,2026-01-29,2026-05-19,2026-09-28
11355,Sperrmüll,Rosenstr.,Bonn-Castell,53111,2,9998,1,9999,2026-01-30,2026-05-20,2026-09-29
11370,Sperrmüll,Rosental,Bonn-Castell,53111,2,52,1,37,2026-01-30,2026-05-20,2026-09-29
11385,Sperrmüll,Rosental,Bonn-Castell,53111,54,9998,39,9999,2026-01-30,2026-05-20,2026-09-29
12013,Sperrmüll,Sigambrerweg,Bonn-Castell,53117,2,9998,1,9999,2026-01-05,2026-05-05,2026-09-14
12563,Sperrmüll,Thusneldastr.,Bonn-Castell,53117,2,9998,1,9999,2026-01-05,2026-05-05,2026-09-14
12788,Sperrmüll,Ubierweg,Bonn-Castell,53117,2,9998,1,9999,2026-01-05,2026-05-05,2026-09-14
13074,Sperrmüll,Wachsbleiche,Bonn-Castell,53111,2,9998,1,9999,2026-01-30,2026-05-20,2026-09-29
13255,Sperrmüll,Welrichsweg,Bonn-Castell,53111,2,9998,1,9999,2026-01-29,2026-05-19,2026-09-28
13619,Sperrmüll,Württemberger Str.,Bonn-Castell,53111,2,9998,1,9999,2026-01-29,2026-05-19,2026-09-28
28,Sperrmüll,Acherstr.,Bonn-Zentrum,53111,2,9998,1,9999,2026-02-06,2026-05-29,2026-10-01
178,Sperrmüll,Alexanderstr.,Bonn-Zentrum,53111,2,9998,1,9999,2026-01-30,2026-05-20,2026-09-29
361,Sperrmüll,Am Boeselagerhof,Bonn-Zentrum,53111,2,9998,1,9999,2026-01-30,2026-05-20,2026-09-29
466,Sperrmüll,Am Gymnicher Hof,Bonn-Zentrum,53111,2,9998,1,9999,2026-01-30,2026-05-20,2026-09-29
1535,Sperrmüll,Am Hauptbahnhof,Bonn-Zentrum,53111,2,9998,1,9999,2026-02-06,2026-05-29,2026-10-01
497,Sperrmüll,Am Hof,Bonn-Zentrum,53113,2,9998,1,9999,2026-02-06,2026-05-29,2026-10-01
577,Sperrmüll,Am Marthashof,Bonn-Zentrum,53111,2,9998,1,9999,2026-01-30,2026-05-20,2026-09-29
1033,Sperrmüll,Am Metternicher Hof,Bonn-Zentrum,53111,2,9998,1,9999,2026-01-30,2026-05-20,2026-09-29
592,Sperrmüll,Am Nesselroder Hof,Bonn-Zentrum,53111,2,9998,1,9999,2026-01-30,2026-05-20,2026-09-29
608,Sperrmüll,Am Neutor,Bonn-Zentrum,53113,2,9998,1,9999,2026-02-06,2026-05-29,2026-10-01
1269,Sperrmüll,An der Schloßkirche,Bonn-Zentrum,53113,2,9998,1,9999,2026-02-06,2026-05-29,2026-10-01
943,Sperrmüll,An der Windmühle,Bonn-Zentrum,53111,2,9998,1,9999,2026-01-30,2026-05-20,2026-09-29
1003,Sperrmüll,Annagraben,Bonn-Zentrum,53111,2,28,1,39,2026-01-30,2026-05-20,2026-09-29
1018,Sperrmüll,Annagraben,Bonn-Zentrum,53111,40,9998,41,9999,2026-01-30,2026-05-20,2026-09-29
1641,Sperrmüll,Belderberg,Bonn-Zentrum,53111,,,1,9,2026-01-30,2026-05-20,2026-09-29
1657,Sperrmüll,Belderberg,Bonn-Zentrum,53111,2,22,,,2026-01-30,2026-05-20,2026-09-29
1672,Sperrmüll,Belderberg,Bonn-Zentrum,53113,,,11,9999,2026-01-30,2026-05-20,2026-09-29
1687,Sperrmüll,Belderberg,Bonn-Zentrum,53113,24,9998,,,2026-01-30,2026-05-20,2026-09-29
1812,Sperrmüll,Berliner Freiheit,Bonn-Zentrum,53111,,,1,9999,2026-01-30,2026-05-20,2026-09-29
1827,Sperrmüll,Berliner Freiheit,Bonn-Zentrum,53111,2,9998,,,2026-01-30,2026-05-20,2026-09-29
1878,Sperrmüll,Bertha-von-Suttner-Platz,Bonn-Zentrum,53111,,,1,9999,2026-01-30,2026-05-20,2026-09-29
1894,Sperrmüll,Bertha-von-Suttner-Platz,Bonn-Zentrum,53111,2,9998,,,2026-01-30,2026-05-20,2026-09-29
1940,Sperrmüll,Bischofsplatz,Bonn-Zentrum,53111,,,1,9999,2026-02-06,2026-05-29,2026-10-01
1956,Sperrmüll,Bischofsplatz,Bonn-Zentrum,53111,2,9998,,,2026-02-06,2026-05-29,2026-10-01
2268,Sperrmüll,Bonngasse,Bonn-Zentrum,53111,2,10,1,19,2026-02-06,2026-05-29,2026-10-01
42761,Sperrmüll,Bonngasse,Bonn-Zentrum,53111,12,9998,21,9999,2026-02-06,2026-05-29,2026-10-01
2329,Sperrmüll,Bottlerplatz,Bonn-Zentrum,53111,2,9998,1,9999,2026-02-06,2026-05-29,2026-10-01
2465,Sperrmüll,Brüdergasse,Bonn-Zentrum,53111,2,9998,1,9999,2026-02-06,2026-05-29,2026-10-01
2480,Sperrmüll,Brühler Str.,Bonn-Zentrum,53119,2,9998,1,9999,2026-01-28,2026-05-18,2026-09-23
3424,Sperrmüll,Budapester Str.,Bonn-Zentrum,53111,2,8,1,9,2026-02-06,2026-05-29,2026-10-01
3440,Sperrmüll,Budapester Str.,Bonn-Zentrum,53111,10,9998,11,9999,2026-02-06,2026-05-29,2026-10-01
2842,Sperrmüll,Cassiusgraben,Bonn-Zentrum,53111,2,9998,1,9999,2026-02-06,2026-05-29,2026-10-01
3147,Sperrmüll,Doetschstr.,Bonn-Zentrum,53111,2,9998,1,9999,2026-01-30,2026-05-20,2026-09-29
3303,Sperrmüll,Dreieck,Bonn-Zentrum,53111,2,9998,1,9999,2026-02-06,2026-05-29,2026-10-01
44168,Sperrmüll,Dreieck,Bonn-Zentrum,53111,,,,,2026-02-06,2026-05-29,2026-10-01
3829,Sperrmüll,Engeltalstr.,Bonn-Zentrum,53111,2,9998,1,9999,2026-01-30,2026-05-20,2026-09-29
3904,Sperrmüll,Erzbergerufer,Bonn-Zentrum,53111,2,9998,1,9999,2026-01-30,2026-05-20,2026-09-29
4175,Sperrmüll,Florentiusgraben,Bonn-Zentrum,53111,2,9998,1,9999,2026-02-06,2026-05-29,2026-10-01
4221,Sperrmüll,Franziskanerstr.,Bonn-Zentrum,53113,2,9998,1,9999,2026-02-06,2026-05-29,2026-10-01
4297,Sperrmüll,Friedensplatz,Bonn-Zentrum,53111,2,9998,1,9999,2026-02-06,2026-05-29,2026-10-01
4359,Sperrmüll,Friedrichstr.,Bonn-Zentrum,53111,2,9998,1,9999,2026-02-06,2026-05-29,2026-10-01
4450,Sperrmüll,Fürstenstr.,Bonn-Zentrum,53111,2,9998,1,9999,2026-02-06,2026-05-29,2026-10-01
4496,Sperrmüll,Gangolfstr.,Bonn-Zentrum,53111,2,9998,1,9999,2026-02-06,2026-05-29,2026-10-01
4572,Sperrmüll,Gerhard-von-Are-Str.,Bonn-Zentrum,53111,2,9998,1,9999,2026-02-06,2026-05-29,2026-10-01
4692,Sperrmüll,Giergasse,Bonn-Zentrum,53113,2,9998,1,9999,2026-01-30,2026-05-20,2026-09-29
5377,Sperrmüll,Hatschiergasse,Bonn-Zentrum,53111,2,9998,1,9999,2026-01-30,2026-05-20,2026-09-29
5674,Sperrmüll,Heisterbacherhofstr.,Bonn-Zentrum,53111,2,9998,1,9999,2026-01-30,2026-05-20,2026-09-29
6500,Sperrmüll,In der Sürst,Bonn-Zentrum,53111,2,9998,1,9999,2026-02-06,2026-05-29,2026-10-01
6741,Sperrmüll,Josefstr.,Bonn-Zentrum,53111,2,9998,1,9999,2026-01-30,2026-05-20,2026-09-29
6957,Sperrmüll,Kaiserplatz,Bonn-Zentrum,53113,,,1,9,2026-02-06,2026-05-29,2026-10-01
6973,Sperrmüll,Kaiserplatz,Bonn-Zentrum,53113,,,11,9999,2026-02-06,2026-05-29,2026-10-01
6989,Sperrmüll,Kaiserplatz,Bonn-Zentrum,53113,2,9998,,,2026-02-06,2026-05-29,2026-10-01
7110,Sperrmüll,Kapuzinerstr.,Bonn-Zentrum,53111,2,9998,1,9999,2026-01-30,2026-05-20,2026-09-29
7206,Sperrmüll,Kasernenstr.,Bonn-Zentrum,53111,2,32,1,5,2026-02-06,2026-05-29,2026-10-01
7221,Sperrmüll,Kasernenstr.,Bonn-Zentrum,53111,34,9998,7,9999,2026-01-30,2026-05-20,2026-09-29
6651,Sperrmüll,Kesselgasse,Bonn-Zentrum,53111,2,9998,1,9999,2026-02-06,2026-05-29,2026-10-01
7842,Sperrmüll,Kommanderiestr.,Bonn-Zentrum,53111,2,9998,1,9999,2026-01-30,2026-05-20,2026-09-29
7917,Sperrmüll,Konviktstr.,Bonn-Zentrum,53113,2,9998,1,9999,2026-01-30,2026-05-20,2026-09-29
8194,Sperrmüll,Langgasse,Bonn-Zentrum,53111,2,9998,1,9999,2026-01-30,2026-05-20,2026-09-29
43515,Sperrmüll,Maarhofplatz,Bonn-Zentrum,53111,2,9998,1,9999,2026-01-20,2026-06-19,2026-11-27
9003,Sperrmüll,Markt,Bonn-Zentrum,53111,2,9998,1,9999,2026-02-06,2026-05-29,2026-10-01
9019,Sperrmüll,Marktbrücke,Bonn-Zentrum,53111,2,9998,1,9999,2026-02-06,2026-05-29,2026-10-01
9065,Sperrmüll,Martinsplatz,Bonn-Zentrum,53113,2,9998,1,9999,2026-02-06,2026-05-29,2026-10-01
9097,Sperrmüll,Mauspfad,Bonn-Zentrum,53111,2,9998,1,9999,2026-02-06,2026-05-29,2026-10-01
13755,Sperrmüll,Maximilianpassage,Bonn-Zentrum,53111,2,9998,1,9999,2026-02-06,2026-05-29,2026-10-01
9081,Sperrmüll,Maximilianstr.,Bonn-Zentrum,53111,2,10,1,5,2026-02-06,2026-05-29,2026-10-01
43659,Sperrmüll,Maximilianstr.,Bonn-Zentrum,53111,12,9998,7,9999,2026-02-06,2026-05-29,2026-10-01
9571,Sperrmüll,Moses-Hess-Ufer,Bonn-Zentrum,53111,2,9998,1,9999,2026-01-30,2026-05-20,2026-09-29
9459,Sperrmüll,Mülheimer Platz,Bonn-Zentrum,53111,2,9998,1,9999,2026-02-06,2026-05-29,2026-10-01
9475,Sperrmüll,Münsterplatz,Bonn-Zentrum,53111,2,9998,1,9999,2026-01-20,2026-06-19,2026-11-27
9491,Sperrmüll,Münsterstr.,Bonn-Zentrum,53111,2,9998,1,9999,2026-02-06,2026-05-29,2026-10-01
9767,Sperrmüll,Noeggerathstr.,Bonn-Zentrum,53111,2,9998,1,9999,2026-02-06,2026-05-29,2026-10-01
8836,Sperrmüll,Oxfordstr.,Bonn-Zentrum,53111,,,1,9999,2026-01-30,2026-05-20,2026-09-29
8852,Sperrmüll,Oxfordstr.,Bonn-Zentrum,53111,2,9998,,,2026-01-30,2026-05-20,2026-09-29
10413,Sperrmüll,Poststr.,Bonn-Zentrum,53111,2,9998,1,9999,2026-02-06,2026-05-29,2026-10-01
2796,Sperrmüll,Rabinstr.,Bonn-Zentrum,53111,,,1,9999,2026-02-06,2026-05-29,2026-10-01
43274,Sperrmüll,Rabinstr.,Bonn-Zentrum,53111,2,9998,,,2026-02-06,2026-05-29,2026-10-01
10564,Sperrmüll,Rathausgasse,Bonn-Zentrum,53111,2,9998,1,9999,2026-02-06,2026-05-29,2026-10-01
8330,Sperrmüll,Regina-Pacis-Weg,Bonn-Zentrum,53113,2,9998,1,9999,2026-02-06,2026-05-29,2026-10-01
11160,Sperrmüll,Remigiusplatz,Bonn-Zentrum,53111,2,9998,1,9999,2026-02-06,2026-05-29,2026-10-01
43440,Sperrmüll,Remigiusplatz,Bonn-Zentrum,53111,,,,,2026-02-06,2026-05-29,2026-10-01
10640,Sperrmüll,Remigiusstr.,Bonn-Zentrum,53111,2,9998,1,9999,2026-02-06,2026-05-29,2026-10-01
10889,Sperrmüll,Rheingasse,Bonn-Zentrum,53113,2,9998,1,9999,2026-01-30,2026-05-20,2026-09-29
11539,Sperrmüll,Sandkaule,Bonn-Zentrum,53111,2,9998,1,9999,2026-01-30,2026-05-20,2026-09-29
12149,Sperrmüll,Sternstr.,Bonn-Zentrum,53111,2,78,1,55,2026-02-06,2026-05-29,2026-10-01
12165,Sperrmüll,Sternstr.,Bonn-Zentrum,53111,,,57,67,2026-02-06,2026-05-29,2026-10-01
12181,Sperrmüll,Sternstr.,Bonn-Zentrum,53111,80,9998,69,9999,2026-02-06,2026-05-29,2026-10-01
12197,Sperrmüll,Sterntorbrücke,Bonn-Zentrum,53111,2,9998,1,9999,2026-02-06,2026-05-29,2026-10-01
12232,Sperrmüll,Stiftsgasse,Bonn-Zentrum,53111,2,9998,1,9999,2026-01-30,2026-05-20,2026-09-29
12247,Sperrmüll,Stiftsplatz,Bonn-Zentrum,53111,2,9998,1,9999,2026-01-30,2026-05-20,2026-09-29
12263,Sperrmüll,Stockenstr.,Bonn-Zentrum,53113,2,9998,1,9999,2026-02-06,2026-05-29,2026-10-01
12448,Sperrmüll,Theaterstr.,Bonn-Zentrum,53111,2,22,1,21,2026-01-30,2026-05-20,2026-09-29
12468,Sperrmüll,Theaterstr.,Bonn-Zentrum,53111,24,9998,23,9999,2026-01-30,2026-05-20,2026-09-29
9233,Sperrmüll,Thomas-Mann-Str.,Bonn-Zentrum,53111,2,9998,1,9999,2026-02-06,2026-05-29,2026-10-01
12939,Sperrmüll,Vivatsgasse,Bonn-Zentrum,53111,2,9998,1,9999,2026-02-06,2026-05-29,2026-10-01
12954,Sperrmüll,Vogtsgasse,Bonn-Zentrum,53113,2,9998,1,9999,2026-01-30,2026-05-20,2026-09-29
13270,Sperrmüll,Welschnonnenstr.,Bonn-Zentrum,53111,2,9998,1,9999,2026-01-30,2026-05-20,2026-09-29
13286,Sperrmüll,Wenzelgasse,Bonn-Zentrum,53111,2,28,1,23,2026-02-06,2026-05-29,2026-10-01
42745,Sperrmüll,Wenzelgasse,Bonn-Zentrum,53111,30,9998,25,9999,2026-02-06,2026-05-29,2026-10-01
13332,Sperrmüll,Wesselstr.,Bonn-Zentrum,53113,2,9998,1,9999,2026-02-06,2026-05-29,2026-10-01
13437,Sperrmüll,Wilhelmsplatz,Bonn-Zentrum,53111,2,9998,1,9999,2026-01-30,2026-05-20,2026-09-29
13453,Sperrmüll,Wilhelmstr.,Bonn-Zentrum,53111,2,20,1,9,2026-02-06,2026-05-29,2026-10-01
13468,Sperrmüll,Wilhelmstr.,Bonn-Zentrum,53111,22,9998,11,9999,2026-01-30,2026-05-20,2026-09-29
13484,Sperrmüll,Windeckstr.,Bonn-Zentrum,53111,2,9998,1,9999,2026-02-06,2026-05-29,2026-10-01
13499,Sperrmüll,Windmühlenstr.,Bonn-Zentrum,53111,2,9998,1,9999,2026-01-30,2026-05-20,2026-09-29
38439,Sperrmüll,Abenteuerweg,Brüser Berg,53125,2,9998,1,9999,2026-02-20,2026-06-09,2026-10-14
40999,Sperrmüll,Altenburgstr.,Brüser Berg,53125,2,9998,1,9999,2026-02-20,2026-06-09,2026-10-14
37594,Sperrmüll,An der Haeschmaar,Brüser Berg,53125,2,9998,1,9999,2026-02-20,2026-06-09,2026-10-14
40439,Sperrmüll,Borsigallee,Brüser Berg,53125,2,9998,1,9999,2026-02-20,2026-06-09,2026-10-14
34786,Sperrmüll,Bredowallee,Brüser Berg,53125,2,9998,1,9999,2026-02-20,2026-06-09,2026-10-14
36629,Sperrmüll,Brüser Damm,Brüser Berg,53125,2,9998,1,9999,2026-02-20,2026-06-09,2026-10-14
37239,Sperrmüll,Celsiusstr.,Brüser Berg,53125,2,112,1,41,2026-02-20,2026-06-09,2026-10-14
37258,Sperrmüll,Celsiusstr.,Brüser Berg,53125,114,9998,43,9999,2026-02-20,2026-06-09,2026-10-14
41014,Sperrmüll,Dessaustr.,Brüser Berg,53125,2,9998,1,9999,2026-02-20,2026-06-09,2026-10-14
41164,Sperrmüll,Dornierstr.,Brüser Berg,53125,2,9998,1,9999,2026-02-20,2026-06-09,2026-10-14
40379,Sperrmüll,Edisonallee,Brüser Berg,53125,2,9998,1,9999,2026-02-20,2026-06-09,2026-10-14
41029,Sperrmüll,Eislebenstr.,Brüser Berg,53125,2,9998,1,9999,2026-02-20,2026-06-09,2026-10-14
41089,Sperrmüll,Erfurtstr.,Brüser Berg,53125,,,1,17,2026-02-20,2026-06-09,2026-10-14
41104,Sperrmüll,Erfurtstr.,Brüser Berg,53125,,,19,47,2026-02-20,2026-06-09,2026-10-14
41119,Sperrmüll,Erfurtstr.,Brüser Berg,53125,2,9998,75,9999,2026-02-20,2026-06-09,2026-10-14
41134,Sperrmüll,Erfurtstr.,Brüser Berg,53125,,,49,55,2026-02-20,2026-06-09,2026-10-14
41149,Sperrmüll,Erfurtstr.,Brüser Berg,53125,,,57,73,2026-02-20,2026-06-09,2026-10-14
37534,Sperrmüll,Fahrenheitstr.,Brüser Berg,53125,2,9998,1,9999,2026-02-20,2026-06-09,2026-10-14
41179,Sperrmüll,Fockestr.,Brüser Berg,53125,2,9998,1,9999,2026-02-20,2026-06-09,2026-10-14
38964,Sperrmüll,Fritz-Eggeling-Platz,Brüser Berg,53125,2,9998,1,9999,2026-02-20,2026-06-09,2026-10-14
37219,Sperrmüll,Gaußstr.,Brüser Berg,53125,2,9998,1,9999,2026-02-20,2026-06-09,2026-10-14
40829,Sperrmüll,Gebrüder-Wright-Str.,Brüser Berg,53125,2,9998,1,9999,2026-02-20,2026-06-09,2026-10-14
41059,Sperrmüll,Gerastr.,Brüser Berg,53125,2,9998,1,9999,2026-02-20,2026-06-09,2026-10-14
41239,Sperrmüll,Goddardstr.,Brüser Berg,53125,2,9998,1,9999,2026-02-20,2026-06-09,2026-10-14
34756,Sperrmüll,Goldfußstr.,Brüser Berg,53125,2,9998,1,9999,2026-02-20,2026-06-09,2026-10-14
40984,Sperrmüll,Gothastr.,Brüser Berg,53125,2,9998,1,9999,2026-02-20,2026-06-09,2026-10-14
41074,Sperrmüll,Halberstadtstr.,Brüser Berg,53125,2,9998,1,9999,2026-02-20,2026-06-09,2026-10-14
40934,Sperrmüll,Hallestr.,Brüser Berg,53125,2,9998,1,9999,2026-02-20,2026-06-09,2026-10-14
37549,Sperrmüll,Hankelstr.,Brüser Berg,53125,2,9998,1,9999,2026-02-20,2026-06-09,2026-10-14
41224,Sperrmüll,Hans-Grade-Str.,Brüser Berg,53125,2,9998,1,9999,2026-02-20,2026-06-09,2026-10-14
41209,Sperrmüll,Heinkelstr.,Brüser Berg,53125,2,9998,1,9999,2026-02-20,2026-06-09,2026-10-14
41194,Sperrmüll,Hugo-Junkers-Str.,Brüser Berg,53125,2,9998,1,9999,2026-02-20,2026-06-09,2026-10-14
40954,Sperrmüll,Jenastr.,Brüser Berg,53125,2,9998,1,23,2026-02-20,2026-06-09,2026-10-14
40969,Sperrmüll,Jenastr.,Brüser Berg,53125,,,25,9999,2026-02-20,2026-06-09,2026-10-14
34801,Sperrmüll,Köhlstr.,Brüser Berg,53125,2,9998,1,9999,2026-02-20,2026-06-09,2026-10-14
34771,Sperrmüll,Lilienthalstr.,Brüser Berg,53125,2,9998,1,9999,2026-02-20,2026-06-09,2026-10-14
38979,Sperrmüll,Marie-Curie-Str.,Brüser Berg,53125,2,9998,1,9999,2026-02-20,2026-06-09,2026-10-14
40859,Sperrmüll,Messerschmittstr.,Brüser Berg,53125,2,9998,1,9999,2026-02-20,2026-06-09,2026-10-14
40229,Sperrmüll,Morseweg,Brüser Berg,53125,2,9998,1,9999,2026-02-20,2026-06-09,2026-10-14
39009,Sperrmüll,Newtonstr.,Brüser Berg,53125,2,9998,1,9999,2026-02-20,2026-06-09,2026-10-14
34816,Sperrmüll,Nipkowstr.,Brüser Berg,53125,2,9998,1,9999,2026-02-20,2026-06-09,2026-10-14
38424,Sperrmüll,Pascalstr.,Brüser Berg,53125,2,9998,1,9999,2026-02-20,2026-06-09,2026-10-14
40799,Sperrmüll,Philipp-Reis-Str.,Brüser Berg,53125,2,9998,1,9999,2026-02-20,2026-06-09,2026-10-14
34741,Sperrmüll,Philippsonstr.,Brüser Berg,53125,2,9998,1,9999,2026-02-20,2026-06-09,2026-10-14
37944,Sperrmüll,Réaumurstr.,Brüser Berg,53125,2,9998,1,9999,2026-02-20,2026-06-09,2026-10-14
37959,Sperrmüll,Riemannstr.,Brüser Berg,53125,2,9998,1,9999,2026-02-20,2026-06-09,2026-10-14
38944,Sperrmüll,Schießstandweg,Brüser Berg,53125,2,9998,1,9999,2026-02-20,2026-06-09,2026-10-14
34726,Sperrmüll,Schönfeldstr.,Brüser Berg,53125,2,9998,1,9999,2026-02-20,2026-06-09,2026-10-14
40769,Sperrmüll,Von-Guericke-Allee,Brüser Berg,53125,2,9998,1,9999,2026-02-20,2026-06-09,2026-10-14
40349,Sperrmüll,Weimarer Str.,Brüser Berg,53125,2,9998,1,9999,2026-02-20,2026-06-09,2026-10-14
41044,Sperrmüll,Wittenbergstr.,Brüser Berg,53125,2,9998,1,9999,2026-02-20,2026-06-09,2026-10-14
36449,Sperrmüll,Adolf-Heuser-Weg,Buschdorf,53117,2,9998,1,9999,2026-01-08,2026-05-08,2026-09-17
35680,Sperrmüll,Aegidienstr.,Buschdorf,53117,2,14,1,7,2026-01-08,2026-05-08,2026-09-17
35695,Sperrmüll,Aegidienstr.,Buschdorf,53117,16,9998,9,9999,2026-01-08,2026-05-08,2026-09-17
36524,Sperrmüll,Aloys-Müller-Weg,Buschdorf,53117,2,9998,1,9999,2026-01-08,2026-05-08,2026-09-17
42960,Sperrmüll,Am Apfelbaum,Buschdorf,53117,2,9998,1,9999,2026-01-08,2026-05-08,2026-09-17
35421,Sperrmüll,Am Paulusacker,Buschdorf,53117,2,9998,1,9999,2026-01-07,2026-05-07,2026-09-16
35436,Sperrmüll,Am Petrusacker,Buschdorf,53117,2,9998,1,9999,2026-01-07,2026-05-07,2026-09-16
35835,Sperrmüll,Am Spielplatz,Buschdorf,53117,2,9998,1,9999,2026-01-08,2026-05-08,2026-09-17
35406,Sperrmüll,An der Buschdorfer Burg,Buschdorf,53117,2,9998,1,9999,2026-01-08,2026-05-08,2026-09-17
35451,Sperrmüll,An der Landstr.,Buschdorf,53117,2,9998,1,9999,2026-01-07,2026-05-07,2026-09-16
36494,Sperrmüll,Anna-Schubring-Str.,Buschdorf,53117,2,9998,1,9999,2026-01-08,2026-05-08,2026-09-17
35575,Sperrmüll,Antilopenweg,Buschdorf,53117,2,9998,1,9999,2026-01-07,2026-05-07,2026-09-16
35466,Sperrmüll,Anton-Engels-Str.,Buschdorf,53117,2,9998,1,9999,2026-01-08,2026-05-08,2026-09-17
35980,Sperrmüll,Azaleenweg,Buschdorf,53117,2,9998,1,9999,2026-01-08,2026-05-08,2026-09-17
35635,Sperrmüll,Buschdorfer Str.,Buschdorf,53117,2,8,1,3,2026-01-08,2026-05-08,2026-09-17
35650,Sperrmüll,Buschdorfer Str.,Buschdorf,53117,10,9998,5,9999,2026-01-08,2026-05-08,2026-09-17
36344,Sperrmüll,Carlo-Mense-Str.,Buschdorf,53117,2,9998,1,9999,2026-01-08,2026-05-08,2026-09-17
36284,Sperrmüll,Christian-Lassen-Str.,Buschdorf,53117,2,9998,1,9999,2026-01-07,2026-05-07,2026-09-16
3102,Sperrmüll,Dellweg,Buschdorf,53117,2,9998,1,9999,2026-01-08,2026-05-08,2026-09-17
35515,Sperrmüll,Dresdener Str.,Buschdorf,53117,2,9998,1,9999,2026-01-08,2026-05-08,2026-09-17
35530,Sperrmüll,Egerstr.,Buschdorf,53117,2,9998,1,9999,2026-01-08,2026-05-08,2026-09-17
35545,Sperrmüll,Eisenacher Str.,Buschdorf,53117,2,9998,1,9999,2026-01-08,2026-05-08,2026-09-17
35560,Sperrmüll,Elbingstr.,Buschdorf,53117,2,9998,1,9999,2026-01-08,2026-05-08,2026-09-17
36509,Sperrmüll,Elisabeth-Daub-Str.,Buschdorf,53117,2,9998,1,9999,2026-01-08,2026-05-08,2026-09-17
36404,Sperrmüll,Ernst-Meurer-Weg,Buschdorf,53117,2,9998,1,9999,2026-01-08,2026-05-08,2026-09-17
36299,Sperrmüll,Ernst-Robert-Curtius-Str.,Buschdorf,53117,2,9998,1,9999,2026-01-07,2026-05-07,2026-09-16
36464,Sperrmüll,Franz-Grünkorn-Str.,Buschdorf,53117,2,9998,1,9999,2026-01-08,2026-05-08,2026-09-17
35481,Sperrmüll,Friedlandstr.,Buschdorf,53117,2,9998,1,9999,2026-01-08,2026-05-08,2026-09-17
36434,Sperrmüll,Hans-Herter-Str.,Buschdorf,53117,2,9998,1,9999,2026-01-07,2026-05-07,2026-09-16
35995,Sperrmüll,Heinrich-Bursch-Str.,Buschdorf,53117,2,9998,1,9999,2026-01-08,2026-05-08,2026-09-17
36359,Sperrmüll,Heinrich-Nauen-Str.,Buschdorf,53117,2,9998,1,9999,2026-01-08,2026-05-08,2026-09-17
36209,Sperrmüll,Heinrich-Settels-Str.,Buschdorf,53117,2,9998,1,9999,2026-01-08,2026-05-08,2026-09-17
36389,Sperrmüll,Hermann-Dienz-Str.,Buschdorf,53117,2,9998,1,9999,2026-01-08,2026-05-08,2026-09-17
36179,Sperrmüll,Im Dahl,Buschdorf,53117,2,9998,1,9999,2026-01-08,2026-05-08,2026-09-17
42979,Sperrmüll,Im großen Garten,Buschdorf,53117,2,9998,1,9999,2026-01-08,2026-05-08,2026-09-17
36329,Sperrmüll,Im Schildchen,Buschdorf,53117,2,9998,1,9999,2026-01-08,2026-05-08,2026-09-17
6264,Sperrmüll,Im Winkel,Buschdorf,53117,2,9998,1,9999,2026-01-08,2026-05-08,2026-09-17
36239,Sperrmüll,Jakob-Mager-Str.,Buschdorf,53117,2,9998,1,9999,2026-01-08,2026-05-08,2026-09-17
36419,Sperrmüll,Johann-Wirtz-Str.,Buschdorf,53117,2,9998,1,9999,2026-01-08,2026-05-08,2026-09-17
36010,Sperrmüll,Josef-Kuth-Str.,Buschdorf,53117,2,9998,1,9999,2026-01-08,2026-05-08,2026-09-17
35665,Sperrmüll,Karlsbader Str.,Buschdorf,53117,2,9998,1,9999,2026-01-08,2026-05-08,2026-09-17
35710,Sperrmüll,Klosterweg,Buschdorf,53117,2,14,1,13,2026-01-08,2026-05-08,2026-09-17
42945,Sperrmüll,Klosterweg,Buschdorf,53117,16,9998,15,9999,2026-01-08,2026-05-08,2026-09-17
35745,Sperrmüll,Lärchenstr.,Buschdorf,53117,2,9998,1,9999,2026-01-08,2026-05-08,2026-09-17
36374,Sperrmüll,Leo-Breuer-Weg,Buschdorf,53117,2,9998,1,9999,2026-01-08,2026-05-08,2026-09-17
36224,Sperrmüll,Ludwig-Schopp-Str.,Buschdorf,53117,2,9998,1,9999,2026-01-08,2026-05-08,2026-09-17
36194,Sperrmüll,Martin-Görgens-Str.,Buschdorf,53117,2,9998,1,9999,2026-01-08,2026-05-08,2026-09-17
35760,Sperrmüll,Naumburger Str.,Buschdorf,53117,2,9998,1,9999,2026-01-08,2026-05-08,2026-09-17
35496,Sperrmüll,Otto-Hahn-Str.,Buschdorf,53117,2,74,1,103,2026-01-08,2026-05-08,2026-09-17
43123,Sperrmüll,Otto-Hahn-Str.,Buschdorf,53117,76,9998,105,9999,2026-01-08,2026-05-08,2026-09-17
35725,Sperrmüll,Peter-Klein-Str.,Buschdorf,53117,2,9998,1,9999,2026-01-08,2026-05-08,2026-09-17
35775,Sperrmüll,Ratiborstr.,Buschdorf,53117,2,9998,1,9999,2026-01-08,2026-05-08,2026-09-17
35790,Sperrmüll,Rostocker Str.,Buschdorf,53117,2,9998,1,9999,2026-01-08,2026-05-08,2026-09-17
35805,Sperrmüll,Schickgasse,Buschdorf,53117,2,9998,1,9999,2026-01-08,2026-05-08,2026-09-17
12368,Sperrmüll,Schlesienstr.,Buschdorf,53119,2,100,1,101,2026-01-07,2026-05-07,2026-09-16
12383,Sperrmüll,Schlesienstr.,Buschdorf,53119,102,9998,103,9999,2026-01-07,2026-05-07,2026-09-16
35885,Sperrmüll,Ulmenweg,Buschdorf,53117,2,9998,1,9999,2026-01-08,2026-05-08,2026-09-17
35590,Sperrmüll,Von-den-Driesch-Str.,Buschdorf,53117,2,16,1,59,2026-01-08,2026-05-08,2026-09-17
35605,Sperrmüll,Von-den-Driesch-Str.,Buschdorf,53117,18,9998,61,9999,2026-01-08,2026-05-08,2026-09-17
1369,Sperrmüll,Am Bleidriesch,Dottendorf,53129,2,9998,1,9999,2026-03-06,2026-06-23,2026-11-11
698,Sperrmüll,Am Quirinusbrunnen,Dottendorf,53129,2,9998,1,9999,2026-03-10,2026-07-14,2026-12-18
1459,Sperrmüll,Am Zinnbruch,Dottendorf,53129,2,9998,1,9999,2026-03-05,2026-06-22,2026-11-10
2780,Sperrmüll,Auf dem Junkerfeld,Dottendorf,53129,2,9998,1,9999,2026-03-10,2026-07-14,2026-12-18
2977,Sperrmüll,Christian-Miesen-Str.,Dottendorf,53129,2,9998,1,9999,2026-03-05,2026-06-22,2026-11-10
3027,Sperrmüll,Christoph-Fischer-Weg,Dottendorf,53129,2,9998,1,9999,2026-03-05,2026-06-22,2026-11-10
3057,Sperrmüll,Damaschkestr.,Dottendorf,53129,2,9998,1,9999,2026-03-05,2026-06-22,2026-11-10
3242,Sperrmüll,Dottendorfer Str.,Dottendorf,53129,2,64,1,69,2026-03-05,2026-06-22,2026-11-10
3257,Sperrmüll,Dottendorfer Str.,Dottendorf,53129,66,9998,71,9999,2026-03-05,2026-06-22,2026-11-10
3333,Sperrmüll,Droste-Hülshoff-Str.,Dottendorf,53129,2,9998,1,9999,2026-03-05,2026-06-22,2026-11-10
5844,Sperrmüll,Elisabeth-Selbert-Platz,Dottendorf,53129,2,9998,1,9999,2026-02-05,2026-05-21,2026-09-30
3919,Sperrmüll,Eschelbachstr.,Dottendorf,53129,2,9998,1,9999,2026-03-05,2026-06-22,2026-11-10
3979,Sperrmüll,Eulenweg,Dottendorf,53129,2,9998,1,9999,2026-03-05,2026-06-22,2026-11-10
4074,Sperrmüll,F.-A.-Schmidt-Weg,Dottendorf,53129,2,9998,1,9999,2026-03-05,2026-06-22,2026-11-10
4967,Sperrmüll,Gustav-Oel-Str.,Dottendorf,53129,2,9998,1,9999,2026-03-10,2026-07-14,2026-12-18
5347,Sperrmüll,Harleßstr.,Dottendorf,53129,2,9998,1,9999,2026-03-05,2026-06-22,2026-11-10
5407,Sperrmüll,Hausdorffstr.,Dottendorf,53129,2,4,1,21,2026-03-04,2026-06-19,2026-11-09
5422,Sperrmüll,Hausdorffstr.,Dottendorf,53129,80,156,73,159,2026-03-04,2026-06-19,2026-11-09
5437,Sperrmüll,Hausdorffstr.,Dottendorf,53129,158,196,161,221,2026-03-04,2026-06-19,2026-11-09
5452,Sperrmüll,Hausdorffstr.,Dottendorf,53129,198,234,223,239,2026-03-04,2026-06-19,2026-11-09
5467,Sperrmüll,Hausdorffstr.,Dottendorf,53129,236,9998,241,9999,2026-03-05,2026-06-22,2026-11-10
42464,Sperrmüll,Hausdorffstr.,Dottendorf,53129,6,78,23,71,2026-03-04,2026-06-19,2026-11-09
6419,Sperrmüll,Heinrich-Schneiders-Str.,Dottendorf,53129,2,9998,1,9999,2026-03-05,2026-06-22,2026-11-10
6234,Sperrmüll,Heinrich-Winand-Weg,Dottendorf,53129,2,9998,1,9999,2026-03-05,2026-06-22,2026-11-10
5719,Sperrmüll,Hermann-Milde-Str.,Dottendorf,53129,2,9998,1,9999,2026-03-05,2026-06-22,2026-11-10
5859,Sperrmüll,Hinsenkampstr.,Dottendorf,53129,2,9998,1,9999,2026-03-05,2026-06-22,2026-11-10
6204,Sperrmüll,Hinter Hoben,Dottendorf,53129,2,9998,1,9999,2026-03-05,2026-06-22,2026-11-10
5889,Sperrmüll,Hittorfstr.,Dottendorf,53129,2,9998,1,9999,2026-03-05,2026-06-22,2026-11-10
6249,Sperrmüll,Im Dottenberg,Dottendorf,53129,2,9998,1,9999,2026-03-05,2026-06-22,2026-11-10
6309,Sperrmüll,Im Kirchenbenden,Dottendorf,53129,2,9998,1,9999,2026-03-05,2026-06-22,2026-11-10
6339,Sperrmüll,Im Maigarten,Dottendorf,53129,2,9998,1,9999,2026-03-05,2026-06-22,2026-11-10
6771,Sperrmüll,Im Sonnenpütz,Dottendorf,53129,2,9998,1,9999,2026-03-04,2026-06-19,2026-11-09
10548,Sperrmüll,In der Raste,Dottendorf,53129,2,9998,1,9999,2026-03-05,2026-06-22,2026-11-10
7050,Sperrmüll,Kallenweg,Dottendorf,53129,2,9998,1,9999,2026-03-04,2026-06-19,2026-11-09
4602,Sperrmüll,Karl-Barth-Str.,Dottendorf,53129,2,14,1,55,2026-03-06,2026-06-23,2026-11-11
4617,Sperrmüll,Karl-Barth-Str.,Dottendorf,53129,16,9998,57,9999,2026-03-06,2026-06-23,2026-11-11
7296,Sperrmüll,Kessenicher Str.,Dottendorf,53129,2,32,1,33,2026-03-04,2026-06-19,2026-11-09
7311,Sperrmüll,Kessenicher Str.,Dottendorf,53129,178,208,175,199,2026-03-05,2026-06-22,2026-11-10
7326,Sperrmüll,Kessenicher Str.,Dottendorf,53129,34,176,35,173,2026-03-05,2026-06-22,2026-11-10
42494,Sperrmüll,Kessenicher Str.,Dottendorf,53129,210,9998,201,9999,2026-03-05,2026-06-22,2026-11-10
8209,Sperrmüll,Langwartweg,Dottendorf,53129,2,9998,1,9999,2026-03-05,2026-06-22,2026-11-10
43485,Sperrmüll,Loki-Schmidt-Platz,Dottendorf,53129,2,9998,1,9999,2026-03-05,2026-06-22,2026-11-10
8430,Sperrmüll,Mönkemöllerstr.,Dottendorf,53129,2,16,1,11,2026-03-05,2026-06-22,2026-11-10
8445,Sperrmüll,Mönkemöllerstr.,Dottendorf,53129,18,34,13,17,2026-03-05,2026-06-22,2026-11-10
44411,Sperrmüll,Mönkemöllerstr.,Dottendorf,53129,36,9998,19,9999,2026-03-10,2026-07-14,2026-12-18
9877,Sperrmüll,Oberer Lindweg,Dottendorf,53129,2,9998,1,9999,2026-03-06,2026-06-23,2026-11-11
9922,Sperrmüll,Oeliedenweg,Dottendorf,53129,2,9998,1,9999,2026-03-05,2026-06-22,2026-11-10
10361,Sperrmüll,Pleimesstr.,Dottendorf,53129,2,9998,1,9999,2026-03-05,2026-06-22,2026-11-10
10518,Sperrmüll,Quirinstr.,Dottendorf,53129,2,9998,1,9999,2026-03-05,2026-06-22,2026-11-10
10533,Sperrmüll,Quirinusplatz,Dottendorf,53129,2,9998,1,9999,2026-03-05,2026-06-22,2026-11-10
11099,Sperrmüll,Rochusweg,Dottendorf,53129,2,18,1,9,2026-03-05,2026-06-22,2026-11-10
11114,Sperrmüll,Rochusweg,Dottendorf,53129,20,9998,11,9999,2026-03-05,2026-06-22,2026-11-10
11799,Sperrmüll,Schüllerweg,Dottendorf,53129,2,9998,1,9999,2026-03-05,2026-06-22,2026-11-10
21326,Sperrmüll,Servatiusstr.,Dottendorf,53129,2,104,1,27,2026-03-06,2026-06-23,2026-11-11
21346,Sperrmüll,Servatiusstr.,Dottendorf,53175,106,9998,29,9999,2026-03-06,2026-06-23,2026-11-11
11874,Sperrmüll,Siegweg,Dottendorf,53129,2,9998,1,9999,2026-03-05,2026-06-22,2026-11-10
12103,Sperrmüll,Stephanstr.,Dottendorf,53129,2,9998,1,9999,2026-03-06,2026-06-23,2026-11-11
12818,Sperrmüll,Urstadtstr.,Dottendorf,53129,2,9998,1,9999,2026-03-04,2026-06-19,2026-11-09
12923,Sperrmüll,Villenstr.,Dottendorf,53129,2,9998,1,9999,2026-03-05,2026-06-22,2026-11-10
13134,Sperrmüll,Wasserland,Dottendorf,53129,2,9998,1,9999,2026-03-05,2026-06-22,2026-11-10
13514,Sperrmüll,Winzerstr.,Dottendorf,53129,2,60,1,67,2026-03-05,2026-06-22,2026-11-10
13529,Sperrmüll,Winzerstr.,Dottendorf,53129,62,86,69,105,2026-03-05,2026-06-22,2026-11-10
43898,Sperrmüll,Winzerstr.,Dottendorf,53129,88,9998,107,9999,2026-03-10,2026-07-14,2026-12-18
41699,Sperrmüll,Alfterer Str.,Dransdorf,53121,2,9998,1,9999,2026-02-09,2026-05-27,2026-10-07
43304,Sperrmüll,Alfterer Str.,Dransdorf,53121,,,,,2026-02-09,2026-05-27,2026-10-07
7341,Sperrmüll,Am Kettelerplatz,Dransdorf,53121,2,9998,1,9999,2026-02-09,2026-05-27,2026-10-07
838,Sperrmüll,An der Dransdorfer Burg,Dransdorf,53121,2,9998,1,9999,2026-02-09,2026-05-27,2026-10-07
12728,Sperrmüll,An der Schwarzen Brücke,Dransdorf,53121,2,9998,1,9999,2026-02-09,2026-05-27,2026-10-07
1153,Sperrmüll,Auf dem Dransdorfer Berg,Dransdorf,53121,2,9998,1,9999,2026-02-09,2026-05-27,2026-10-07
6851,Sperrmüll,Auf der Koppel,Dransdorf,53121,2,9998,1,9999,2026-02-09,2026-05-27,2026-10-07
1702,Sperrmüll,Bendenweg,Dransdorf,53121,2,9998,1,9999,2026-02-09,2026-05-27,2026-10-07
1737,Sperrmüll,Bergiusstr.,Dransdorf,53121,2,9998,1,9999,2026-02-09,2026-05-27,2026-10-07
2525,Sperrmüll,Bunsenstr.,Dransdorf,53121,2,9998,1,9999,2026-02-09,2026-05-27,2026-10-07
6560,Sperrmüll,Carl-Duisberg-Str.,Dransdorf,53121,2,9998,1,9999,2026-02-09,2026-05-27,2026-10-07
4044,Sperrmüll,Carmen-Sylva-Weg,Dransdorf,53121,2,9998,1,9999,2026-02-09,2026-05-27,2026-10-07
3455,Sperrmüll,Elisabeth-Enseling-Str.,Dransdorf,53121,2,9998,1,9999,2026-02-10,2026-06-01,2026-10-09
12758,Sperrmüll,Euskirchener Bahnweg,Dransdorf,53121,2,9998,1,9999,2026-02-09,2026-05-27,2026-10-07
4266,Sperrmüll,Fraunhoferstr.,Dransdorf,53121,2,9998,1,9999,2026-02-09,2026-05-27,2026-10-07
44394,Sperrmüll,Frieda-Mager-Allee,Dransdorf,53121,2,9998,1,9999,2026-02-09,2026-05-27,2026-10-07
5057,Sperrmüll,Gerhart-Hauptmann-Str.,Dransdorf,53121,2,9998,1,9999,2026-02-09,2026-05-27,2026-10-07
4922,Sperrmüll,Grootestr.,Dransdorf,53121,2,50,1,59,2026-01-26,2026-05-12,2026-09-21
4937,Sperrmüll,Grootestr.,Dransdorf,53121,74,9998,103,9999,2026-01-26,2026-05-12,2026-09-21
42509,Sperrmüll,Grootestr.,Dransdorf,53121,52,72,61,101,2026-01-26,2026-05-12,2026-09-21
6219,Sperrmüll,Haberstr.,Dransdorf,53121,2,9998,1,9999,2026-02-09,2026-05-27,2026-10-07
6159,Sperrmüll,Hans-Sachs-Str.,Dransdorf,53121,2,9998,1,9999,2026-02-09,2026-05-27,2026-10-07
6189,Sperrmüll,Hölderlinstr.,Dransdorf,53121,2,9998,1,9999,2026-01-26,2026-05-12,2026-09-21
41909,Sperrmüll,Im Dransdorfer Feld,Dransdorf,53121,2,9998,1,9999,2026-02-09,2026-05-27,2026-10-07
42329,Sperrmüll,Im Haeringsthal,Dransdorf,53121,2,9998,1,9999,2026-01-26,2026-05-12,2026-09-21
6404,Sperrmüll,Im Uhlengarten,Dransdorf,53121,2,9998,1,9999,2026-02-09,2026-05-27,2026-10-07
6786,Sperrmüll,Justus-von-Liebig-Str.,Dransdorf,53121,2,9998,1,9999,2026-02-09,2026-05-27,2026-10-07
43590,Sperrmüll,Justus-von-Liebig-Str.,Dransdorf,53121,,,,,2026-02-09,2026-05-27,2026-10-07
7812,Sperrmüll,Klara-M.-Faßbinder-Str.,Dransdorf,53121,2,9998,1,9999,2026-01-26,2026-05-12,2026-09-21
7446,Sperrmüll,Kleine Str.,Dransdorf,53121,2,9998,1,9999,2026-01-26,2026-05-12,2026-09-21
7827,Sperrmüll,Kleingartenstr.,Dransdorf,53121,2,9998,1,9999,2026-01-26,2026-05-12,2026-09-21
8022,Sperrmüll,Kolpingstr.,Dransdorf,53121,2,9998,1,9999,2026-02-09,2026-05-27,2026-10-07
8129,Sperrmüll,Lambertusweg,Dransdorf,53121,2,9998,1,9999,2026-02-09,2026-05-27,2026-10-07
6174,Sperrmüll,Lenaustr.,Dransdorf,53121,2,9998,1,9999,2026-01-26,2026-05-12,2026-09-21
6575,Sperrmüll,Maximilian-Kolbe-Brücke,Dransdorf,53119,2,9998,1,9999,2026-01-26,2026-05-12,2026-09-21
41804,Sperrmüll,Meßdorfer Str.,Dransdorf,53121,2,80,1,109,2026-02-10,2026-06-01,2026-10-09
41819,Sperrmüll,Meßdorfer Str.,Dransdorf,53123,200,254,163,189,2026-02-10,2026-06-01,2026-10-09
41834,Sperrmüll,Meßdorfer Str.,Dransdorf,53123,,,,,2026-02-10,2026-06-01,2026-10-09
41849,Sperrmüll,Meßdorfer Str.,Dransdorf,53123,256,9998,191,9999,2026-02-10,2026-06-01,2026-10-09
41864,Sperrmüll,Meßdorfer Str.,Dransdorf,53123,82,198,111,161,2026-02-10,2026-06-01,2026-10-09
9506,Sperrmüll,Mörikestr.,Dransdorf,53121,2,9998,1,9999,2026-01-26,2026-05-12,2026-09-21
10091,Sperrmüll,Pfarrer-Schneider-Str.,Dransdorf,53121,2,9998,1,9999,2026-01-26,2026-05-12,2026-09-21
11039,Sperrmüll,Robert-Kirchhoff-Str.,Dransdorf,53121,2,9998,1,9999,2026-02-09,2026-05-27,2026-10-07
11295,Sperrmüll,Roisdorfer Weg,Dransdorf,53121,2,9998,1,9999,2026-02-09,2026-05-27,2026-10-07
11250,Sperrmüll,Römerweg,Dransdorf,53121,2,34,1,15,2026-02-09,2026-05-27,2026-10-07
11265,Sperrmüll,Römerweg,Dransdorf,53121,36,9998,17,9999,2026-02-09,2026-05-27,2026-10-07
11829,Sperrmüll,Saime-Genc-Ring,Dransdorf,53121,2,9998,1,9999,2026-01-26,2026-05-12,2026-09-21
2091,Sperrmüll,Siemensstr.,Dransdorf,53121,2,106,1,151,2026-02-09,2026-05-27,2026-10-07
2111,Sperrmüll,Siemensstr.,Dransdorf,53121,108,208,153,211,2026-02-09,2026-05-27,2026-10-07
2131,Sperrmüll,Siemensstr.,Dransdorf,53121,210,9998,213,9999,2026-02-09,2026-05-27,2026-10-07
44362,Sperrmüll,Vili-Viorel-Paun-Platz,Dransdorf,53121,2,9998,1,9999,2026-02-09,2026-05-27,2026-10-07
13029,Sperrmüll,Vorgebirgsbahnweg,Dransdorf,53121,2,9998,1,9999,2026-02-09,2026-05-27,2026-10-07
13634,Sperrmüll,Wolfgang-Paul-Str.,Dransdorf,53121,2,9998,1,9999,2026-01-26,2026-05-12,2026-09-21
41924,Sperrmüll,Am Dörnchen,Dransdorf (HA),53121,2,9998,1,9999,2026-02-09,2026-05-27,2026-10-07
41684,Sperrmüll,An der alten Stadtgärtnerei,Dransdorf (HA),53121,2,9998,1,9999,2026-02-09,2026-05-27,2026-10-07
42134,Sperrmüll,An der Dransdorfer Mühle,Dransdorf (HA),53121,2,9998,1,9999,2026-02-09,2026-05-27,2026-10-07
41394,Sperrmüll,Auf dem Tonnenpfad,Dransdorf (HA),53123,2,9998,1,9999,2026-02-10,2026-06-01,2026-10-09
36614,Sperrmüll,Alte Str.,Duisdorf,53123,2,9998,1,9999,2026-02-11,2026-06-02,2026-10-08
36569,Sperrmüll,Alter Heerweg,Duisdorf,53123,2,20,1,37,2026-02-11,2026-06-02,2026-10-08
36584,Sperrmüll,Alter Heerweg,Duisdorf,53123,22,62,39,71,2026-02-10,2026-06-01,2026-10-09
36599,Sperrmüll,Alter Heerweg,Duisdorf,53123,64,9998,73,9999,2026-02-10,2026-06-01,2026-10-09
38654,Sperrmüll,Alter Römerweg,Duisdorf,53123,2,9998,1,9999,2026-02-19,2026-06-08,2026-10-13
37414,Sperrmüll,Am Bruch,Duisdorf,53123,2,9998,1,9999,2026-02-10,2026-06-01,2026-10-09
36904,Sperrmüll,Am Burgweiher,Duisdorf,53123,16,54,29,61,2026-02-11,2026-06-02,2026-10-08
36919,Sperrmüll,Am Burgweiher,Duisdorf,53123,,,,,2026-02-11,2026-06-02,2026-10-08
36934,Sperrmüll,Am Burgweiher,Duisdorf,53123,56,9998,63,9999,2026-02-11,2026-06-02,2026-10-08
42776,Sperrmüll,Am Burgweiher,Duisdorf,53123,2,14,1,27,2026-02-11,2026-06-02,2026-10-08
37384,Sperrmüll,Am Dichbach,Duisdorf,53123,2,9998,1,9999,2026-02-11,2026-06-02,2026-10-08
36649,Sperrmüll,Am Schickshof,Duisdorf,53123,2,9998,1,9999,2026-02-11,2026-06-02,2026-10-08
37399,Sperrmüll,Am Sennertspfad,Duisdorf,53123,2,9998,1,9999,2026-02-11,2026-06-02,2026-10-08
37624,Sperrmüll,Am Wesselpütz,Duisdorf,53123,2,9998,1,9999,2026-02-11,2026-06-02,2026-10-08
37864,Sperrmüll,An der Burg Medinghoven,Duisdorf,53123,2,9998,1,9999,2026-02-19,2026-06-08,2026-10-13
38199,Sperrmüll,An der Kurfürstenquelle,Duisdorf,53123,2,9998,1,9999,2026-02-11,2026-06-02,2026-10-08
37879,Sperrmüll,Anton-Mai-Str.,Duisdorf,53123,2,9998,1,9999,2026-02-19,2026-06-08,2026-10-13
41379,Sperrmüll,Auf der Erk,Duisdorf,53123,2,9998,1,9999,2026-02-10,2026-06-01,2026-10-09
37429,Sperrmüll,Auf der Urdel,Duisdorf,53123,2,9998,1,9999,2026-02-11,2026-06-02,2026-10-08
40694,Sperrmüll,Augustinusstr.,Duisdorf,53123,2,9998,1,9999,2026-02-23,2026-06-10,2026-10-15
36724,Sperrmüll,Bahnhofstr.,Duisdorf,53123,2,8,3,11,2026-02-11,2026-06-02,2026-10-08
36739,Sperrmüll,Bahnhofstr.,Duisdorf,53123,10,32,13,33,2026-02-11,2026-06-02,2026-10-08
36754,Sperrmüll,Bahnhofstr.,Duisdorf,53123,62,9998,99,9999,2026-02-11,2026-06-02,2026-10-08
36769,Sperrmüll,Bahnhofstr.,Duisdorf,53123,34,60,35,97,2026-02-11,2026-06-02,2026-10-08
41269,Sperrmüll,Basketsring,Duisdorf,53123,2,9998,1,9999,2026-02-23,2026-06-10,2026-10-15
36784,Sperrmüll,Beckstr.,Duisdorf,53123,2,9998,1,9999,2026-02-23,2026-06-10,2026-10-15
38639,Sperrmüll,Billrothstr.,Duisdorf,53123,2,9998,1,9999,2026-02-18,2026-06-03,2026-10-12
38994,Sperrmüll,Blaumeisenweg,Duisdorf,53123,2,9998,1,9999,2026-02-18,2026-06-03,2026-10-12
37759,Sperrmüll,Briandstr.,Duisdorf,53123,2,9998,1,9999,2026-02-19,2026-06-08,2026-10-13
36874,Sperrmüll,Brunnenstr.,Duisdorf,53123,2,9998,1,9999,2026-02-11,2026-06-02,2026-10-08
37054,Sperrmüll,Buchfinkenweg,Duisdorf,53123,2,9998,1,9999,2026-02-18,2026-06-03,2026-10-12
36694,Sperrmüll,Buntspechtweg,Duisdorf,53123,2,9998,1,9999,2026-02-18,2026-06-03,2026-10-12
36949,Sperrmüll,Buschackerweg,Duisdorf,53123,2,9998,1,9999,2026-02-19,2026-06-08,2026-10-13
38094,Sperrmüll,Carl-Schurz-Str.,Duisdorf,53123,2,9998,1,9999,2026-02-18,2026-06-03,2026-10-12
37579,Sperrmüll,Clara-Viebig-Str.,Duisdorf,53123,2,9998,1,9999,2026-02-10,2026-06-01,2026-10-09
37744,Sperrmüll,Dachsweg,Duisdorf,53125,2,9998,1,9999,2026-02-19,2026-06-08,2026-10-13
37974,Sperrmüll,De-Gasperi-Str.,Duisdorf,53123,2,9998,1,9999,2026-02-19,2026-06-08,2026-10-13
36979,Sperrmüll,Delpstr.,Duisdorf,53123,2,9998,1,9999,2026-02-23,2026-06-10,2026-10-15
34691,Sperrmüll,Derlestr.,Duisdorf,53123,2,40,,,2026-02-11,2026-06-02,2026-10-08
34711,Sperrmüll,Derlestr.,Duisdorf,53123,42,9998,,,2026-02-19,2026-06-08,2026-10-13
37009,Sperrmüll,Distelfinkweg,Duisdorf,53123,2,9998,1,9999,2026-02-18,2026-06-03,2026-10-12
37024,Sperrmüll,Edith-Stein-Anlage,Duisdorf,53123,2,9998,1,9999,2026-02-23,2026-06-10,2026-10-15
37699,Sperrmüll,Eichhörnchenweg,Duisdorf,53125,2,9998,1,9999,2026-02-19,2026-06-08,2026-10-13
37714,Sperrmüll,Einsteinstr.,Duisdorf,53123,2,9998,1,9999,2026-02-18,2026-06-03,2026-10-12
37729,Sperrmüll,Einsteinstr.,Duisdorf,53123,,,,,2026-02-18,2026-06-03,2026-10-12
36964,Sperrmüll,Ettighofferstr.,Duisdorf,53123,2,9998,1,9999,2026-02-18,2026-06-03,2026-10-12
37774,Sperrmüll,Europaring,Duisdorf,53123,2,52,1,63,2026-02-19,2026-06-08,2026-10-13
37789,Sperrmüll,Europaring,Duisdorf,53123,54,78,65,169,2026-02-19,2026-06-08,2026-10-13
37804,Sperrmüll,Europaring,Duisdorf,53123,80,88,,,2026-02-19,2026-06-08,2026-10-13
37819,Sperrmüll,Europaring,Duisdorf,53123,90,9998,171,9999,2026-02-19,2026-06-08,2026-10-13
41639,Sperrmüll,Ferdinand-Porsche-Str.,Duisdorf,53123,2,9998,1,9999,2026-02-10,2026-06-01,2026-10-09
37039,Sperrmüll,Finkenhof,Duisdorf,53123,2,9998,1,9999,2026-02-23,2026-06-10,2026-10-15
38484,Sperrmüll,Flemingstr.,Duisdorf,53123,2,9998,1,9999,2026-02-18,2026-06-03,2026-10-12
37069,Sperrmüll,Fontainengraben,Duisdorf,53123,2,148,1,9999,2026-02-18,2026-06-03,2026-10-12
37084,Sperrmüll,Fontainengraben,Duisdorf,53123,150,9998,,,2026-02-18,2026-06-03,2026-10-12
38824,Sperrmüll,Freiligrathstr.,Duisdorf,53123,2,9998,1,9999,2026-02-18,2026-06-03,2026-10-12
43198,Sperrmüll,Fritz-Bauer-Str.,Duisdorf,53123,2,9998,1,9999,2026-02-23,2026-06-10,2026-10-15
37654,Sperrmüll,Fuchsweg,Duisdorf,53125,2,9998,1,9999,2026-02-19,2026-06-08,2026-10-13
36679,Sperrmüll,Gellertstr.,Duisdorf,53123,2,9998,1,9999,2026-02-18,2026-06-03,2026-10-12
37303,Sperrmüll,Gerberaweg,Duisdorf,53123,2,9998,1,9999,2026-02-10,2026-06-01,2026-10-09
36829,Sperrmüll,Geschwister-Scholl-Str.,Duisdorf,53123,2,9998,1,9999,2026-02-23,2026-06-10,2026-10-15
37114,Sperrmüll,Goerdelerstr.,Duisdorf,53123,2,9998,1,9999,2026-02-23,2026-06-10,2026-10-15
37129,Sperrmüll,Gottfried-Kinkel-Str.,Duisdorf,53123,2,9998,1,9999,2026-02-18,2026-06-03,2026-10-12
36664,Sperrmüll,Grasmückenweg,Duisdorf,53123,2,9998,1,9999,2026-02-18,2026-06-03,2026-10-12
37144,Sperrmüll,Grimmgasse,Duisdorf,53123,2,30,1,29,2026-02-11,2026-06-02,2026-10-08
42584,Sperrmüll,Grimmgasse,Duisdorf,53123,32,9998,31,9999,2026-02-11,2026-06-02,2026-10-08
37639,Sperrmüll,Gutenbergstr.,Duisdorf,53123,2,9998,1,9999,2026-02-23,2026-06-10,2026-10-15
37669,Sperrmüll,Hasenweg,Duisdorf,53125,2,9998,1,9999,2026-02-19,2026-06-08,2026-10-13
38274,Sperrmüll,Haubenlerchenweg,Duisdorf,53123,2,9998,1,9999,2026-02-18,2026-06-03,2026-10-12
37834,Sperrmüll,Heilsbachstr.,Duisdorf,53123,2,4,,,2026-02-11,2026-06-02,2026-10-08
37849,Sperrmüll,Heilsbachstr.,Duisdorf,53123,6,9998,1,9999,2026-02-19,2026-06-08,2026-10-13
37989,Sperrmüll,Helmholtzstr.,Duisdorf,53123,2,18,1,13,2026-02-18,2026-06-03,2026-10-12
38004,Sperrmüll,Helmholtzstr.,Duisdorf,53123,20,38,,,2026-02-18,2026-06-03,2026-10-12
38019,Sperrmüll,Helmholtzstr.,Duisdorf,53123,40,9998,15,9999,2026-02-18,2026-06-03,2026-10-12
38624,Sperrmüll,Henri-Spaak-Str.,Duisdorf,53123,2,9998,1,9999,2026-02-19,2026-06-08,2026-10-13
38034,Sperrmüll,Hinter Aue,Duisdorf,53123,2,9998,1,9999,2026-02-18,2026-06-03,2026-10-12
39024,Sperrmüll,Hüttenweg,Duisdorf,53123,2,9998,1,9999,2026-02-18,2026-06-03,2026-10-12
37684,Sperrmüll,Igelweg,Duisdorf,53125,2,9998,1,9999,2026-02-19,2026-06-08,2026-10-13
39039,Sperrmüll,Iltisweg,Duisdorf,53125,2,9998,1,9999,2026-02-19,2026-06-08,2026-10-13
37334,Sperrmüll,Im Ahlgasserfeld,Duisdorf,53123,2,9998,1,9999,2026-02-11,2026-06-02,2026-10-08
37273,Sperrmüll,Im Burgacker,Duisdorf,53123,2,9998,1,9999,2026-02-11,2026-06-02,2026-10-08
37349,Sperrmüll,Im Göseler,Duisdorf,53123,2,9998,1,9999,2026-02-11,2026-06-02,2026-10-08
37444,Sperrmüll,Im grünen Winkel,Duisdorf,53123,2,9998,1,9999,2026-02-10,2026-06-01,2026-10-09
38049,Sperrmüll,Im Mühlenfeld,Duisdorf,53123,2,9998,1,9999,2026-02-11,2026-06-02,2026-10-08
36709,Sperrmüll,In der Dehlen,Duisdorf,53125,2,9998,1,9999,2026-02-20,2026-06-09,2026-10-14
38064,Sperrmüll,Johanna-Kirchner-Str.,Duisdorf,53123,2,9998,1,9999,2026-02-23,2026-06-10,2026-10-15
37204,Sperrmüll,Josef-Böcker-Str.,Duisdorf,53123,2,9998,1,9999,2026-02-19,2026-06-08,2026-10-13
40199,Sperrmüll,Josef-Wirmer-Str.,Duisdorf,53123,2,9998,1,9999,2026-02-23,2026-06-10,2026-10-15
44032,Sperrmüll,Julius-Leber-Str.,Duisdorf,53123,6,9998,1,9999,2026-02-23,2026-06-10,2026-10-15
44137,Sperrmüll,Julius-Leber-Str.,Duisdorf,53123,2,4,,,2026-02-23,2026-06-10,2026-10-15
36844,Sperrmüll,Kannheideweg,Duisdorf,53123,2,9998,1,9999,2026-02-19,2026-06-08,2026-10-13
38079,Sperrmüll,Karl-Leisner-Str.,Duisdorf,53123,2,9998,1,9999,2026-02-23,2026-06-10,2026-10-15
38394,Sperrmüll,Katharinenstr.,Duisdorf,53123,2,9998,1,9999,2026-02-11,2026-06-02,2026-10-08
38124,Sperrmüll,Kirchplatz,Duisdorf,53123,2,9998,1,9999,2026-02-11,2026-06-02,2026-10-08
38139,Sperrmüll,Kirchweg,Duisdorf,53123,2,9998,1,9999,2026-02-11,2026-06-02,2026-10-08
37288,Sperrmüll,Klarastr.,Duisdorf,53123,2,9998,1,9999,2026-02-11,2026-06-02,2026-10-08
38154,Sperrmüll,Klosterstr.,Duisdorf,53123,2,8,1,15,2026-02-18,2026-06-03,2026-10-12
38169,Sperrmüll,Klosterstr.,Duisdorf,53123,10,9998,17,9999,2026-02-18,2026-06-03,2026-10-12
38184,Sperrmüll,Königsberger Weg,Duisdorf,53123,2,9998,1,9999,2026-02-18,2026-06-03,2026-10-12
37914,Sperrmüll,Konrad-Adenauer-Damm,Duisdorf,53123,2,9998,1,9999,2026-02-19,2026-06-08,2026-10-13
37099,Sperrmüll,Köslinstr.,Duisdorf,53123,2,9998,1,9999,2026-02-18,2026-06-03,2026-10-12
36554,Sperrmüll,Kragstr.,Duisdorf,53123,2,9998,1,9999,2026-02-19,2026-06-08,2026-10-13
38109,Sperrmüll,Kuckucksweg,Duisdorf,53123,2,9998,1,9999,2026-02-18,2026-06-03,2026-10-12
36859,Sperrmüll,Küstriner Str.,Duisdorf,53123,2,9998,1,9999,2026-02-18,2026-06-03,2026-10-12
38409,Sperrmüll,Ladestr.,Duisdorf,53123,2,9998,1,9999,2026-02-11,2026-06-02,2026-10-08
38289,Sperrmüll,Lessenicher Str.,Duisdorf,53123,,,1,9,2026-02-11,2026-06-02,2026-10-08
38304,Sperrmüll,Lessenicher Str.,Duisdorf,53123,16,9998,25,9999,2026-02-10,2026-06-01,2026-10-09
38319,Sperrmüll,Lessenicher Str.,Duisdorf,53123,2,14,11,23,2026-02-18,2026-06-03,2026-10-12
38334,Sperrmüll,Letterhausstr.,Duisdorf,53123,2,9998,1,9999,2026-02-23,2026-06-10,2026-10-15
38349,Sperrmüll,Leuschnerstr.,Duisdorf,53123,2,9998,1,9999,2026-02-23,2026-06-10,2026-10-15
36799,Sperrmüll,Lilienweg,Duisdorf,53123,2,9998,1,9999,2026-02-11,2026-06-02,2026-10-08
37159,Sperrmüll,Ludwig-Richter-Str.,Duisdorf,53123,2,9998,1,9999,2026-02-23,2026-06-10,2026-10-15
37174,Sperrmüll,Ludwig-Richter-Str.,Duisdorf,53123,,,,,2026-02-23,2026-06-10,2026-10-15
38364,Sperrmüll,Maarweg,Duisdorf,53123,2,24,1,23,2026-02-18,2026-06-03,2026-10-12
38379,Sperrmüll,Maarweg,Duisdorf,53123,26,9998,25,9999,2026-02-18,2026-06-03,2026-10-12
38794,Sperrmüll,Matthäistr.,Duisdorf,53123,2,14,1,15,2026-02-23,2026-06-10,2026-10-15
38809,Sperrmüll,Matthäistr.,Duisdorf,53123,16,9998,17,9999,2026-02-23,2026-06-10,2026-10-15
40034,Sperrmüll,Max-Habermann-Str.,Duisdorf,53123,2,9998,1,9999,2026-02-23,2026-06-10,2026-10-15
36814,Sperrmüll,Nelkenweg,Duisdorf,53123,2,9998,1,9999,2026-02-11,2026-06-02,2026-10-08
37504,Sperrmüll,Nonnenstrombergstr.,Duisdorf,53123,2,9998,1,9999,2026-02-11,2026-06-02,2026-10-08
37319,Sperrmüll,Orchideenweg,Duisdorf,53123,2,9998,1,9999,2026-02-10,2026-06-01,2026-10-09
37489,Sperrmüll,Ossietzkystr.,Duisdorf,53123,2,9998,1,9999,2026-02-23,2026-06-10,2026-10-15
37459,Sperrmüll,Pfarrer-Pohl-Str.,Duisdorf,53123,2,9998,1,9999,2026-02-10,2026-06-01,2026-10-09
37519,Sperrmüll,Professor-Huber-Str.,Duisdorf,53123,2,9998,1,9999,2026-02-23,2026-06-10,2026-10-15
37894,Sperrmüll,René-Schickele-Str.,Duisdorf,53123,2,9998,1,9999,2026-02-19,2026-06-08,2026-10-13
38469,Sperrmüll,Robelstr.,Duisdorf,53123,2,9998,1,9999,2026-02-11,2026-06-02,2026-10-08
38499,Sperrmüll,Rochusplatz,Duisdorf,53123,2,9998,1,9999,2026-02-11,2026-06-02,2026-10-08
38514,Sperrmüll,Rochusstr.,Duisdorf,53123,2,50,1,153,2026-02-18,2026-06-03,2026-10-12
38534,Sperrmüll,Rochusstr.,Duisdorf,53123,148,210,155,193,2026-02-11,2026-06-02,2026-10-08
38549,Sperrmüll,Rochusstr.,Duisdorf,53123,268,286,255,287,2026-02-19,2026-06-08,2026-10-13
38564,Sperrmüll,Rochusstr.,Duisdorf,53123,212,266,195,253,2026-02-11,2026-06-02,2026-10-08
38579,Sperrmüll,Rochusstr.,Duisdorf,53123,,,,,2026-02-11,2026-06-02,2026-10-08
38594,Sperrmüll,Rochusstr.,Duisdorf,53123,288,9998,289,9999,2026-02-11,2026-06-02,2026-10-08
43108,Sperrmüll,Rochusstr.,Duisdorf,53123,,,,,2026-02-18,2026-06-03,2026-10-12
44257,Sperrmüll,Rochusstr.,Duisdorf,53123,52,146,,,2026-02-18,2026-06-03,2026-10-12
38609,Sperrmüll,Rödderstr.,Duisdorf,53123,2,9998,1,9999,2026-02-18,2026-06-03,2026-10-12
38669,Sperrmüll,Rosenhain,Duisdorf,53123,2,9998,1,9999,2026-02-11,2026-06-02,2026-10-08
38684,Sperrmüll,Rudolf-Herzog-Str.,Duisdorf,53123,2,9998,1,9999,2026-02-10,2026-06-01,2026-10-09
38714,Sperrmüll,Schieffelingsweg,Duisdorf,53123,2,9998,1,9999,2026-02-23,2026-06-10,2026-10-15
37364,Sperrmüll,Schmittgasser Kirchweg,Duisdorf,53123,2,9998,1,9999,2026-02-10,2026-06-01,2026-10-09
38734,Sperrmüll,Schmittstr.,Duisdorf,53123,2,14,1,15,2026-02-11,2026-06-02,2026-10-08
38749,Sperrmüll,Schmittstr.,Duisdorf,53123,16,9998,17,9999,2026-02-11,2026-06-02,2026-10-08
38764,Sperrmüll,Schwalbenweg,Duisdorf,53123,2,9998,1,9999,2026-02-11,2026-06-02,2026-10-08
38699,Sperrmüll,Semmelweisstr.,Duisdorf,53123,2,9998,1,9999,2026-02-18,2026-06-03,2026-10-12
38779,Sperrmüll,Steinpilzweg,Duisdorf,53123,2,9998,1,9999,2026-02-11,2026-06-02,2026-10-08
37929,Sperrmüll,Stresemannstr.,Duisdorf,53123,2,9998,1,9999,2026-02-19,2026-06-08,2026-10-13
40049,Sperrmüll,Ulrich-von-Hassell-Str.,Duisdorf,53123,2,9998,1,9999,2026-02-23,2026-06-10,2026-10-15
37474,Sperrmüll,Ursulastr.,Duisdorf,53123,2,9998,1,9999,2026-02-11,2026-06-02,2026-10-08
38214,Sperrmüll,Villemombler Str.,Duisdorf,53123,2,72,1,75,2026-02-18,2026-06-03,2026-10-12
38229,Sperrmüll,Villemombler Str.,Duisdorf,53123,74,80,77,101,2026-02-23,2026-06-10,2026-10-15
38244,Sperrmüll,Villemombler Str.,Duisdorf,53127,82,192,103,175,2026-02-24,2026-06-11,2026-10-16
38259,Sperrmüll,Villemombler Str.,Duisdorf,53127,194,9998,177,9999,2026-02-24,2026-06-11,2026-10-16
38839,Sperrmüll,Virchowstr.,Duisdorf,53123,2,9998,1,9999,2026-02-18,2026-06-03,2026-10-12
37564,Sperrmüll,Von-Hompesch-Str.,Duisdorf,53123,2,9998,1,9999,2026-02-19,2026-06-08,2026-10-13
40874,Sperrmüll,Von-Witzleben-Str.,Duisdorf,53123,2,9998,1,9999,2026-02-23,2026-06-10,2026-10-15
38854,Sperrmüll,Weierbornstr.,Duisdorf,53123,2,44,1,31,2026-02-11,2026-06-02,2026-10-08
38869,Sperrmüll,Weierbornstr.,Duisdorf,53123,46,9998,33,9999,2026-02-11,2026-06-02,2026-10-08
38884,Sperrmüll,Weiherpfad,Duisdorf,53123,2,9998,1,9999,2026-02-11,2026-06-02,2026-10-08
36994,Sperrmüll,Weilbergstr.,Duisdorf,53123,2,9998,1,9999,2026-02-11,2026-06-02,2026-10-08
38899,Sperrmüll,Weißstr.,Duisdorf,53123,2,9998,1,9999,2026-02-18,2026-06-03,2026-10-12
36889,Sperrmüll,Wesselheideweg,Duisdorf,53123,2,100,1,99,2026-02-19,2026-06-08,2026-10-13
43093,Sperrmüll,Wesselheideweg,Duisdorf,53123,102,9998,101,9999,2026-02-19,2026-06-08,2026-10-13
38454,Sperrmüll,Wieselweg,Duisdorf,53125,2,9998,1,9999,2026-02-19,2026-06-08,2026-10-13
38914,Sperrmüll,Witterschlicker Allee,Duisdorf,53125,2,100,1,101,2026-02-19,2026-06-08,2026-10-13
37609,Sperrmüll,Witterschlicker Str.,Duisdorf,53123,2,9998,1,9999,2026-02-19,2026-06-08,2026-10-13
1253,Sperrmüll,Albert-Schweitzer-Str.,Endenich,53115,2,9998,1,9999,2026-03-03,2026-06-17,2026-11-05
193,Sperrmüll,Alfred-Bucherer-Str.,Endenich,53115,2,48,1,47,2026-02-04,2026-05-28,2026-10-06
208,Sperrmüll,Alfred-Bucherer-Str.,Endenich,53115,50,9998,49,9999,2026-02-04,2026-05-28,2026-10-06
285,Sperrmüll,Alte Heerstr.,Endenich,53121,2,9998,1,9999,2026-02-18,2026-06-03,2026-10-12
2252,Sperrmüll,Am Bleichgraben,Endenich,53121,2,9998,1,9999,2026-02-04,2026-05-28,2026-10-06
421,Sperrmüll,Am Burggraben,Endenich,53121,2,9998,1,9999,2026-02-04,2026-05-28,2026-10-06
1489,Sperrmüll,Am Cöllenhof,Endenich,53121,2,9998,1,9999,2026-02-04,2026-05-28,2026-10-06
436,Sperrmüll,Am Eichkamp,Endenich,53121,2,9998,1,9999,2026-02-04,2026-05-28,2026-10-06
1399,Sperrmüll,Am Klostergarten,Endenich,53121,2,9998,1,9999,2026-03-03,2026-06-17,2026-11-05
653,Sperrmüll,Am Propsthof,Endenich,53121,2,30,1,17,2026-02-09,2026-05-27,2026-10-07
668,Sperrmüll,Am Propsthof,Endenich,53121,106,9998,105,9999,2026-02-09,2026-05-27,2026-10-07
683,Sperrmüll,Am Propsthof,Endenich,53121,32,104,19,103,2026-02-09,2026-05-27,2026-10-07
1474,Sperrmüll,Am Schwanenmorgen,Endenich,53121,2,9998,1,9999,2026-02-04,2026-05-28,2026-10-06
898,Sperrmüll,An der Immenburg,Endenich,53121,2,9998,1,9999,2026-02-04,2026-05-28,2026-10-06
12773,Sperrmüll,An der Weißen Brücke,Endenich,53121,2,9998,1,9999,2026-02-18,2026-06-03,2026-10-12
1183,Sperrmüll,Auf dem Hügel,Endenich,53121,2,14,1,63,2026-02-04,2026-05-28,2026-10-06
1203,Sperrmüll,Auf dem Hügel,Endenich,53121,50,56,123,9999,2026-02-09,2026-05-27,2026-10-07
1218,Sperrmüll,Auf dem Hügel,Endenich,53121,16,48,65,121,2026-02-04,2026-05-28,2026-10-06
44062,Sperrmüll,Auf dem Hügel,Endenich,53121,58,9998,,,2026-02-09,2026-05-27,2026-10-07
1444,Sperrmüll,Babette-Koch-Weg,Endenich,53121,2,9998,1,9999,2026-02-18,2026-06-03,2026-10-12
58,Sperrmüll,Bergfeldstr.,Endenich,53121,2,9998,1,9999,2026-03-03,2026-06-17,2026-11-05
2344,Sperrmüll,Brahmsstr.,Endenich,53121,2,9998,1,9999,2026-02-04,2026-05-28,2026-10-06
2992,Sperrmüll,Carl-Justi-Str.,Endenich,53121,2,9998,1,9999,2026-02-09,2026-05-27,2026-10-07
3378,Sperrmüll,Dohmstr.,Endenich,53121,2,9998,1,9999,2026-03-03,2026-06-17,2026-11-05
3500,Sperrmüll,Effertzstr.,Endenich,53121,2,20,1,19,2026-02-04,2026-05-28,2026-10-06
3519,Sperrmüll,Effertzstr.,Endenich,53121,22,9998,21,9999,2026-02-18,2026-06-03,2026-10-12
4059,Sperrmüll,Emilie-Heyermann-Weg,Endenich,53121,2,9998,1,9999,2026-02-04,2026-05-28,2026-10-06
3704,Sperrmüll,Endenicher Allee,Endenich,53115,2,70,1,19,2026-02-03,2026-05-26,2026-10-02
3724,Sperrmüll,Endenicher Allee,Endenich,53121,72,9998,21,9999,2026-02-04,2026-05-28,2026-10-06
3739,Sperrmüll,Endenicher Str.,Endenich,53115,2,18,1,53,2026-02-03,2026-05-26,2026-10-02
3754,Sperrmüll,Endenicher Str.,Endenich,53115,,,55,193,2026-02-03,2026-05-26,2026-10-02
3769,Sperrmüll,Endenicher Str.,Endenich,53115,20,140,,,2026-02-03,2026-05-26,2026-10-02
3784,Sperrmüll,Endenicher Str.,Endenich,53121,142,300,195,343,2026-02-04,2026-05-28,2026-10-06
3799,Sperrmüll,Endenicher Str.,Endenich,53121,302,9998,345,9999,2026-02-04,2026-05-28,2026-10-06
3814,Sperrmüll,Engelbertzstr.,Endenich,53121,2,9998,1,9999,2026-02-04,2026-05-28,2026-10-06
2016,Sperrmüll,Erich-Hoffmann-Str.,Endenich,53121,2,10,1,9,2026-02-04,2026-05-28,2026-10-06
2031,Sperrmüll,Erich-Hoffmann-Str.,Endenich,53121,12,9998,11,9999,2026-02-18,2026-06-03,2026-10-12
4009,Sperrmüll,Euskirchener Str.,Endenich,53121,2,9998,1,9999,2026-02-04,2026-05-28,2026-10-06
4124,Sperrmüll,Flodelingsweg,Endenich,53121,2,26,1,21,2026-03-03,2026-06-17,2026-11-05
4144,Sperrmüll,Flodelingsweg,Endenich,53121,82,9998,109,9999,2026-02-04,2026-05-28,2026-10-06
4159,Sperrmüll,Flodelingsweg,Endenich,53121,28,80,23,107,2026-03-03,2026-06-17,2026-11-05
4434,Sperrmüll,Frongasse,Endenich,53121,2,9998,1,9999,2026-02-04,2026-05-28,2026-10-06
5012,Sperrmüll,Gandhistr.,Endenich,53121,2,9998,1,9999,2026-02-18,2026-06-03,2026-10-12
9172,Sperrmüll,Gerhard-Domagk-Str.,Endenich,53121,2,9998,1,9999,2026-02-03,2026-05-26,2026-10-02
5287,Sperrmüll,Hainstr.,Endenich,53121,2,9998,1,9999,2026-02-04,2026-05-28,2026-10-06
5317,Sperrmüll,Hans-Cloos-Str.,Endenich,53121,2,9998,1,9999,2026-02-04,2026-05-28,2026-10-06
12698,Sperrmüll,Heerweg,Endenich,53121,2,9998,1,9999,2026-02-10,2026-06-01,2026-10-09
12743,Sperrmüll,Heinz-Stelling-Weg,Endenich,53121,2,9998,1,9999,2026-02-09,2026-05-27,2026-10-07
5207,Sperrmüll,Hermann-Wandersleb-Ring,Endenich,53121,2,9998,1,9999,2026-02-18,2026-06-03,2026-10-12
5874,Sperrmüll,Hirschgasse,Endenich,53121,2,9998,1,9999,2026-03-03,2026-06-17,2026-11-05
6114,Sperrmüll,Humperdinckstr.,Endenich,53121,2,9998,1,9999,2026-02-04,2026-05-28,2026-10-06
6469,Sperrmüll,Im jungen Wingert,Endenich,53121,2,9998,1,9999,2026-03-03,2026-06-17,2026-11-05
6806,Sperrmüll,Josef-Schell-Str.,Endenich,53121,2,9998,1,9999,2026-03-03,2026-06-17,2026-11-05
7065,Sperrmüll,Kapellenstr.,Endenich,53121,2,10,1,19,2026-03-03,2026-06-17,2026-11-05
7080,Sperrmüll,Kapellenstr.,Endenich,53121,12,40,21,41,2026-03-03,2026-06-17,2026-11-05
7095,Sperrmüll,Kapellenstr.,Endenich,53115,42,9998,43,9999,2026-02-24,2026-06-11,2026-10-16
11649,Sperrmüll,Kollegienweg,Endenich,53121,2,9998,1,9999,2026-02-04,2026-05-28,2026-10-06
7902,Sperrmüll,Konradstr.,Endenich,53121,2,9998,1,9999,2026-03-03,2026-06-17,2026-11-05
8475,Sperrmüll,Lipschitzstr.,Endenich,53121,2,9998,1,9999,2026-02-09,2026-05-27,2026-10-07
8625,Sperrmüll,Lutfridstr.,Endenich,53121,2,9998,1,9999,2026-02-04,2026-05-28,2026-10-06
8882,Sperrmüll,Magdalenenstr.,Endenich,53121,2,6,1,7,2026-02-04,2026-05-28,2026-10-06
8897,Sperrmüll,Magdalenenstr.,Endenich,53121,8,9998,9,9999,2026-02-04,2026-05-28,2026-10-06
8927,Sperrmüll,Malusiusstr.,Endenich,53121,2,9998,1,9999,2026-02-04,2026-05-28,2026-10-06
12683,Sperrmüll,Maria-von-Linden-Weg,Endenich,53121,2,9998,1,9999,2026-02-04,2026-05-28,2026-10-06
6279,Sperrmüll,Max-Bruch-Str.,Endenich,53121,2,9998,1,9999,2026-02-04,2026-05-28,2026-10-06
6129,Sperrmüll,Max-Cohen-Str.,Endenich,53121,2,9998,1,9999,2026-02-04,2026-05-28,2026-10-06
12713,Sperrmüll,Meßdorfer Feldweg,Endenich,53121,2,9998,1,9999,2026-02-04,2026-05-28,2026-10-06
9368,Sperrmüll,Mohrstr.,Endenich,53121,2,9998,1,9999,2026-02-09,2026-05-27,2026-10-07
9398,Sperrmüll,Monschauer Str.,Endenich,53121,2,9998,1,9999,2026-02-04,2026-05-28,2026-10-06
10011,Sperrmüll,Ostwaldstr.,Endenich,53115,2,9998,1,9999,2026-02-04,2026-05-28,2026-10-06
10196,Sperrmüll,Pastoratsgasse,Endenich,53121,2,9998,1,9999,2026-02-04,2026-05-28,2026-10-06
10331,Sperrmüll,Pfaffenweiherweg,Endenich,53121,2,9998,1,9999,2026-02-04,2026-05-28,2026-10-06
10106,Sperrmüll,Pfarrer-Byns-Str.,Endenich,53121,2,9998,1,9999,2026-02-04,2026-05-28,2026-10-06
2705,Sperrmüll,Pfarrer-Martini-Str.,Endenich,53121,2,9998,1,9999,2026-03-03,2026-06-17,2026-11-05
10594,Sperrmüll,Regerstr.,Endenich,53121,2,9998,1,9999,2026-02-04,2026-05-28,2026-10-06
43289,Sperrmüll,Robert-Havemann-Str.,Endenich,0,2,9998,1,9999,2026-02-09,2026-05-27,2026-10-07
11129,Sperrmüll,Röckumstr.,Endenich,53121,2,104,1,79,2026-03-03,2026-06-17,2026-11-05
11144,Sperrmüll,Röckumstr.,Endenich,53121,106,9998,81,9999,2026-03-03,2026-06-17,2026-11-05
11709,Sperrmüll,Schleidener Str.,Endenich,53121,2,9998,1,9999,2026-02-04,2026-05-28,2026-10-06
2615,Sperrmüll,Schmittenpfädchen,Endenich,53121,2,9998,1,9999,2026-02-04,2026-05-28,2026-10-06
11889,Sperrmüll,Sebastianstr.,Endenich,53115,2,58,1,55,2026-03-03,2026-06-17,2026-11-05
11904,Sperrmüll,Sebastianstr.,Endenich,53115,84,90,105,153,2026-02-04,2026-05-28,2026-10-06
11919,Sperrmüll,Sebastianstr.,Endenich,53115,60,82,57,103,2026-03-03,2026-06-17,2026-11-05
11934,Sperrmüll,Sebastianstr.,Endenich,53115,92,9998,155,9999,2026-02-04,2026-05-28,2026-10-06
12073,Sperrmüll,Steinweg,Endenich,53121,2,48,1,51,2026-02-04,2026-05-28,2026-10-06
12088,Sperrmüll,Steinweg,Endenich,53121,50,9998,53,9999,2026-02-18,2026-06-03,2026-10-12
12483,Sperrmüll,Theodor-Brinkmann-Str.,Endenich,53115,2,9998,1,9999,2026-02-04,2026-05-28,2026-10-06
11754,Sperrmüll,Theodor-Litt-Str.,Endenich,53121,2,9998,1,9999,2026-02-18,2026-06-03,2026-10-12
4526,Sperrmüll,Ulrich-Haberland-Str.,Endenich,53121,2,9998,1,9999,2026-02-04,2026-05-28,2026-10-06
43530,Sperrmüll,Václav-Havel-Platz,Endenich,53121,2,9998,1,9999,2026-02-09,2026-05-27,2026-10-07
12908,Sperrmüll,Verweyenstr.,Endenich,53121,2,9998,1,9999,2026-02-09,2026-05-27,2026-10-07
12969,Sperrmüll,Von-Hymmen-Platz,Endenich,53121,2,9998,1,9999,2026-02-04,2026-05-28,2026-10-06
12984,Sperrmüll,Von-Lapp-Str.,Endenich,53121,2,9998,1,9999,2026-02-04,2026-05-28,2026-10-06
2449,Sperrmüll,Von-Weichs-Str.,Endenich,53121,2,9998,1,9999,2026-02-04,2026-05-28,2026-10-06
13407,Sperrmüll,Wiesenweg,Endenich,53121,2,9998,1,9999,2026-02-04,2026-05-28,2026-10-06
13980,Sperrmüll,Am Bommerich,Friesdorf,53175,2,9998,1,9999,2026-03-06,2026-06-23,2026-11-11
14055,Sperrmüll,Am Buschacker,Friesdorf,53175,2,9998,1,9999,2026-03-10,2026-06-26,2026-11-13
18095,Sperrmüll,Am Güsgensberg,Friesdorf,53175,2,9998,1,9999,2026-03-06,2026-06-23,2026-11-11
16675,Sperrmüll,Am Klufterhof,Friesdorf,53175,2,9998,1,9999,2026-03-09,2026-06-24,2026-11-12
23196,Sperrmüll,Am Südfriedhof,Friesdorf,53175,2,9998,1,9999,2026-03-06,2026-06-23,2026-11-11
23136,Sperrmüll,Am Weckhasen,Friesdorf,53175,2,9998,1,9999,2026-03-06,2026-06-23,2026-11-11
15350,Sperrmüll,Am Woltersweiher,Friesdorf,53175,2,9998,1,9999,2026-03-09,2026-06-24,2026-11-12
23736,Sperrmüll,An Brenigs Ziegelei,Friesdorf,53175,2,9998,1,9999,2026-03-10,2026-06-26,2026-11-13
14315,Sperrmüll,An der Arndtruhe,Friesdorf,53175,2,9998,1,9999,2026-03-10,2026-06-26,2026-11-13
14420,Sperrmüll,Annaberger Str.,Friesdorf,53175,2,42,1,37,2026-03-09,2026-06-24,2026-11-12
14435,Sperrmüll,Annaberger Str.,Friesdorf,53175,118,216,135,241,2026-03-06,2026-06-23,2026-11-11
14450,Sperrmüll,Annaberger Str.,Friesdorf,53175,296,498,311,499,2026-03-06,2026-06-23,2026-11-11
14465,Sperrmüll,Annaberger Str.,Friesdorf,53175,,,,,2026-03-06,2026-06-23,2026-11-11
14480,Sperrmüll,Annaberger Str.,Friesdorf,53175,500,9998,501,9999,2026-02-27,2026-06-16,2026-11-04
14495,Sperrmüll,Annaberger Str.,Friesdorf,53175,218,294,243,309,2026-03-06,2026-06-23,2026-11-11
43243,Sperrmüll,Annaberger Str.,Friesdorf,53175,44,116,39,133,2026-03-06,2026-06-23,2026-11-11
23361,Sperrmüll,August-Bebel-Allee,Friesdorf,53175,2,9998,1,9999,2026-03-09,2026-06-24,2026-11-12
23826,Sperrmüll,Bachaue,Friesdorf,53175,2,9998,1,9999,2026-03-06,2026-06-23,2026-11-11
14800,Sperrmüll,Bahnstr.,Friesdorf,53175,2,9998,1,9999,2026-03-09,2026-06-24,2026-11-12
15030,Sperrmüll,Bodelschwinghstr.,Friesdorf,53175,2,9998,1,9999,2026-03-09,2026-06-24,2026-11-12
15695,Sperrmüll,Dreizehnmorgenweg,Friesdorf,53175,2,9998,1,9999,2026-03-09,2026-06-24,2026-11-12
15710,Sperrmüll,Dromersheimer Str.,Friesdorf,53175,2,9998,1,9999,2026-03-09,2026-06-24,2026-11-12
15900,Sperrmüll,Eltviller Str.,Friesdorf,53175,2,9998,1,9999,2026-03-09,2026-06-24,2026-11-12
18140,Sperrmüll,Frankengraben,Friesdorf,53175,2,56,1,57,2026-03-06,2026-06-23,2026-11-11
44182,Sperrmüll,Frankengraben,Friesdorf,53175,58,9998,59,9999,2026-03-06,2026-06-23,2026-11-11
15650,Sperrmüll,Franz-Linz-Str.,Friesdorf,53175,2,9998,1,9999,2026-03-06,2026-06-23,2026-11-11
18354,Sperrmüll,Godesberger Allee,Friesdorf,53175,,,1,71,2026-03-26,2026-07-13,2026-12-01
18369,Sperrmüll,Godesberger Allee,Friesdorf,53175,2,90,,,2026-03-26,2026-07-13,2026-12-01
18384,Sperrmüll,Godesberger Allee,Friesdorf,53175,92,9998,,,2026-03-27,2026-07-14,2026-12-04
18399,Sperrmüll,Godesberger Allee,Friesdorf,53175,,,73,9999,2026-03-27,2026-07-14,2026-12-04
16780,Sperrmüll,Grüner Weg,Friesdorf,53175,2,9998,23,9999,2026-03-09,2026-06-24,2026-11-12
43942,Sperrmüll,Grüner Weg,Friesdorf,53175,,,1,21,2026-03-10,2026-07-14,2026-12-18
23586,Sperrmüll,Hans-Rosenberg-Str.,Friesdorf,53175,2,9998,1,9999,2026-03-10,2026-07-14,2026-12-18
22315,Sperrmüll,Hubert-Peter-Str.,Friesdorf,53175,2,9998,1,9999,2026-03-06,2026-06-23,2026-11-11
15620,Sperrmüll,Im Bachele,Friesdorf,53175,2,50,1,53,2026-03-06,2026-06-23,2026-11-11
44107,Sperrmüll,Im Bachele,Friesdorf,53175,52,9998,55,9999,2026-03-06,2026-06-23,2026-11-11
14025,Sperrmüll,Im Buchengrund,Friesdorf,53175,2,9998,1,9999,2026-03-10,2026-06-26,2026-11-13
17465,Sperrmüll,Im Erlengrund,Friesdorf,53175,2,9998,1,9999,2026-03-10,2026-06-26,2026-11-13
17685,Sperrmüll,Im Weingarten,Friesdorf,53175,2,9998,1,9999,2026-03-09,2026-06-24,2026-11-12
17700,Sperrmüll,Im Wiesengrund,Friesdorf,53175,2,9998,1,9999,2026-03-06,2026-06-23,2026-11-11
17730,Sperrmüll,In der Kumme,Friesdorf,53175,2,9998,1,9999,2026-03-09,2026-06-24,2026-11-12
17745,Sperrmüll,In der Maar,Friesdorf,53175,2,9998,1,9999,2026-03-09,2026-06-24,2026-11-12
17865,Sperrmüll,Joseph-Roth-Str.,Friesdorf,53175,2,88,1,89,2026-03-09,2026-06-24,2026-11-12
17880,Sperrmüll,Joseph-Roth-Str.,Friesdorf,53175,90,9998,91,9999,2026-03-09,2026-06-24,2026-11-12
16720,Sperrmüll,Kardinal-Galen-Weg,Friesdorf,53175,2,9998,1,9999,2026-03-09,2026-06-24,2026-11-12
18110,Sperrmüll,Kelzenbergstr.,Friesdorf,53175,2,9998,1,9999,2026-03-09,2026-06-24,2026-11-12
18170,Sperrmüll,Kleinefeldsweg,Friesdorf,53175,2,9998,1,9999,2026-03-09,2026-06-24,2026-11-12
18230,Sperrmüll,Klufterbachtal,Friesdorf,53175,2,9998,1,9999,2026-03-10,2026-06-26,2026-11-13
18245,Sperrmüll,Klufterplatz,Friesdorf,53175,2,9998,1,9999,2026-03-06,2026-06-23,2026-11-11
18260,Sperrmüll,Klufterstr.,Friesdorf,53175,2,9998,1,9999,2026-03-09,2026-06-24,2026-11-12
19221,Sperrmüll,Margaretenstr.,Friesdorf,53175,2,9998,1,9999,2026-03-06,2026-06-23,2026-11-11
23841,Sperrmüll,Marie-Schlei-Allee,Friesdorf,53175,2,9998,1,9999,2026-03-09,2026-06-24,2026-11-12
16825,Sperrmüll,Martin-Luther-Allee,Friesdorf,53175,2,9998,1,9999,2026-03-09,2026-06-24,2026-11-12
19846,Sperrmüll,Niersteiner Str.,Friesdorf,53175,2,9998,1,9999,2026-03-09,2026-06-24,2026-11-12
20181,Sperrmüll,Pfarrer-Merck-Str.,Friesdorf,53175,2,9998,1,9999,2026-03-10,2026-06-26,2026-11-13
20351,Sperrmüll,Prinzenstr.,Friesdorf,53175,2,188,1,201,2026-03-06,2026-06-23,2026-11-11
44332,Sperrmüll,Prinzenstr.,Friesdorf,53175,190,9998,203,9999,2026-03-06,2026-06-23,2026-11-11
20946,Sperrmüll,Rüdesheimer Str.,Friesdorf,53175,2,9998,1,9999,2026-03-09,2026-06-24,2026-11-12
21206,Sperrmüll,Schulplatz,Friesdorf,53175,2,9998,1,9999,2026-03-06,2026-06-23,2026-11-11
16690,Sperrmüll,Schwalbengarten,Friesdorf,53175,2,9998,1,9999,2026-03-06,2026-06-23,2026-11-11
21520,Sperrmüll,Sonnenscheinstr.,Friesdorf,53175,2,9998,1,9999,2026-03-09,2026-06-24,2026-11-12
22130,Sperrmüll,Ürziger Str.,Friesdorf,53175,2,9998,1,9999,2026-03-09,2026-06-24,2026-11-12
22495,Sperrmüll,Walramstr.,Friesdorf,53175,2,9998,1,9999,2026-03-09,2026-06-24,2026-11-12
22741,Sperrmüll,Winkelsweg,Friesdorf,53175,2,60,1,49,2026-03-06,2026-06-23,2026-11-11
44317,Sperrmüll,Winkelsweg,Friesdorf,53175,62,9998,51,9999,2026-03-06,2026-06-23,2026-11-11
22936,Sperrmüll,Zeller Str.,Friesdorf,53175,2,9998,1,9999,2026-03-09,2026-06-24,2026-11-12
25156,Sperrmüll,Abtstr.,Geislar,53225,2,9998,1,9999,2026-04-23,2026-09-07,2026-12-15
29310,Sperrmüll,Am Alten Pütz,Geislar,53225,2,9998,1,9999,2026-04-21,2026-09-04,2026-12-14
24481,Sperrmüll,Am Marienhof,Geislar,53225,2,9998,1,9999,2026-04-21,2026-09-04,2026-12-14
24361,Sperrmüll,Auestr.,Geislar,53225,2,9998,1,9999,2026-04-21,2026-09-04,2026-12-14
24646,Sperrmüll,Auf der Clemensbitze,Geislar,53225,2,9998,1,9999,2026-04-23,2026-09-07,2026-12-15
26226,Sperrmüll,Auf der Rötschen,Geislar,53225,2,9998,1,9999,2026-04-21,2026-09-04,2026-12-14
24631,Sperrmüll,Aurelianastr.,Geislar,53225,2,9998,1,9999,2026-04-23,2026-09-07,2026-12-15
24841,Sperrmüll,Baguettestr.,Geislar,53225,2,9998,1,9999,2026-04-21,2026-09-04,2026-12-14
24901,Sperrmüll,Bergergasse,Geislar,53225,2,9998,1,9999,2026-04-21,2026-09-04,2026-12-14
42149,Sperrmüll,Cellitinnenstr.,Geislar,53225,2,9998,1,9999,2026-04-21,2026-09-04,2026-12-14
25921,Sperrmüll,Fabristr.,Geislar,53225,2,8,1,7,2026-04-21,2026-09-04,2026-12-14
25936,Sperrmüll,Fabristr.,Geislar,53225,10,9998,9,9999,2026-04-23,2026-09-07,2026-12-15
26196,Sperrmüll,Florusstr.,Geislar,53225,2,9998,1,9999,2026-04-23,2026-09-07,2026-12-15
42164,Sperrmüll,Franz-Buchbender-Str.,Geislar,53225,2,9998,1,9999,2026-04-21,2026-09-04,2026-12-14
26681,Sperrmüll,Geislarstr.,Geislar,53225,2,64,1,53,2026-04-21,2026-09-04,2026-12-14
26696,Sperrmüll,Geislarstr.,Geislar,53225,66,9998,55,9999,2026-04-23,2026-09-07,2026-12-15
26071,Sperrmüll,Hammstr.,Geislar,53225,2,9998,1,9999,2026-04-23,2026-09-07,2026-12-15
27201,Sperrmüll,Im Dohm,Geislar,53225,2,9998,1,9999,2026-04-21,2026-09-04,2026-12-14
26211,Sperrmüll,Im Kremerich,Geislar,53225,2,9998,1,9999,2026-04-21,2026-09-04,2026-12-14
42194,Sperrmüll,Im Rübengarten,Geislar,53225,2,9998,1,9999,2026-04-21,2026-09-04,2026-12-14
27021,Sperrmüll,Im Sand,Geislar,53225,2,9998,1,9999,2026-04-23,2026-09-07,2026-12-15
27486,Sperrmüll,Julius-Palm-Str.,Geislar,53225,2,9998,1,9999,2026-04-21,2026-09-04,2026-12-14
26521,Sperrmüll,Liestr.,Geislar,53225,2,9998,1,9999,2026-04-21,2026-09-04,2026-12-14
28524,Sperrmüll,Meindorfer Str.,Geislar,53225,2,9998,1,9999,2026-04-21,2026-09-04,2026-12-14
29014,Sperrmüll,Oberdorfstr.,Geislar,53225,2,100,1,101,2026-04-23,2026-09-07,2026-12-15
29034,Sperrmüll,Oberdorfstr.,Geislar,53225,102,9998,103,9999,2026-04-23,2026-09-07,2026-12-15
29079,Sperrmüll,Peter-Heider-Str.,Geislar,53225,2,9998,1,9999,2026-04-23,2026-09-07,2026-12-15
29900,Sperrmüll,Sandorfstr.,Geislar,53225,2,9998,1,9999,2026-04-21,2026-09-04,2026-12-14
30205,Sperrmüll,Schnufertsberg,Geislar,53225,2,9998,1,9999,2026-04-23,2026-09-07,2026-12-15
42179,Sperrmüll,Schwester-Melania-Str.,Geislar,53225,2,9998,1,9999,2026-04-21,2026-09-04,2026-12-14
30055,Sperrmüll,Siegauenstr.,Geislar,53225,2,9998,1,9999,2026-04-21,2026-09-04,2026-12-14
376,Sperrmüll,Am Bonner Berg,Graurheindorf,53117,2,9998,1,9999,2026-01-05,2026-05-05,2026-09-14
6484,Sperrmüll,Am Rheindorfer Hafen,Graurheindorf,53117,2,9998,1,9999,2026-01-05,2026-05-05,2026-09-14
11310,Sperrmüll,Am Rheindorfer Ufer,Graurheindorf,53117,2,9998,1,9999,2026-01-05,2026-05-05,2026-09-14
8957,Sperrmüll,An der Margarethenkirche,Graurheindorf,53117,2,9998,1,9999,2026-01-05,2026-05-05,2026-09-14
5392,Sperrmüll,An der Pfaffenmütze,Graurheindorf,53117,2,9998,1,9999,2026-01-05,2026-05-05,2026-09-14
1924,Sperrmüll,Birkheuserstr.,Graurheindorf,53117,2,9998,1,9999,2026-01-05,2026-05-05,2026-09-14
2495,Sperrmüll,Brungsgasse,Graurheindorf,53117,2,9998,1,9999,2026-01-05,2026-05-05,2026-09-14
2765,Sperrmüll,Buschdorfer Kirchweg,Graurheindorf,53117,2,9998,1,9999,2026-01-05,2026-05-05,2026-09-14
2630,Sperrmüll,Estermannstr.,Graurheindorf,53117,2,134,1,127,2026-01-05,2026-05-05,2026-09-14
2645,Sperrmüll,Estermannstr.,Graurheindorf,53117,136,9998,129,9999,2026-01-05,2026-05-05,2026-09-14
3949,Sperrmüll,Estermannufer,Graurheindorf,53117,2,9998,1,9999,2026-01-05,2026-05-05,2026-09-14
4389,Sperrmüll,Friesenweg,Graurheindorf,53117,2,9998,1,9999,2026-01-05,2026-05-05,2026-09-14
5042,Sperrmüll,Gottbergstr.,Graurheindorf,53117,2,9998,1,9999,2026-01-05,2026-05-05,2026-09-14
5302,Sperrmüll,Hafenstr.,Graurheindorf,53117,2,9998,1,9999,2026-01-05,2026-05-05,2026-09-14
5734,Sperrmüll,Herpenstr.,Graurheindorf,53117,2,9998,1,9999,2026-01-05,2026-05-05,2026-09-14
5749,Sperrmüll,Herseler Str.,Graurheindorf,53117,,,1,9999,2026-01-07,2026-05-07,2026-09-16
42239,Sperrmüll,Herseler Str.,Graurheindorf,53117,2,9998,,,2026-01-07,2026-05-07,2026-09-16
7476,Sperrmüll,Karl-Hoch-Str.,Graurheindorf,53117,2,9998,1,9999,2026-01-05,2026-05-05,2026-09-14
8039,Sperrmüll,Keltenweg,Graurheindorf,53117,2,9998,1,9999,2026-01-05,2026-05-05,2026-09-14
7932,Sperrmüll,Kranenweg,Graurheindorf,53117,2,9998,1,9999,2026-01-05,2026-05-05,2026-09-14
8942,Sperrmüll,Margarethenplatz,Graurheindorf,53117,2,9998,1,9999,2026-01-05,2026-05-05,2026-09-14
9308,Sperrmüll,Mertensgasse,Graurheindorf,53117,2,9998,1,9999,2026-01-05,2026-05-05,2026-09-14
9353,Sperrmüll,Milchgasserweg,Graurheindorf,53117,2,9998,1,9999,2026-01-05,2026-05-05,2026-09-14
11524,Sperrmüll,Salierweg,Graurheindorf,53117,2,9998,1,9999,2026-01-05,2026-05-05,2026-09-14
13301,Sperrmüll,Werftstr.,Graurheindorf,53117,2,9998,1,9999,2026-01-05,2026-05-05,2026-09-14
13724,Sperrmüll,Zweimühlenweg,Graurheindorf,53117,2,9998,1,9999,2026-01-05,2026-05-05,2026-09-14
43,Sperrmüll,Achim-von-Arnim-Str.,Gronau,53113,2,9998,1,9999,2026-03-27,2026-07-14,2026-12-04
3568,Sperrmüll,Adalbert-Stifter-Str.,Gronau,53113,2,9998,1,9999,2026-03-27,2026-07-14,2026-12-04
1299,Sperrmüll,Adenauerallee,Gronau,53113,2,62,31,79,2026-01-30,2026-05-20,2026-09-29
1319,Sperrmüll,Adenauerallee,Gronau,53113,64,166,81,135,2026-01-30,2026-05-20,2026-09-29
1339,Sperrmüll,Adenauerallee,Gronau,53111,,,1,25,2026-01-30,2026-05-20,2026-09-29
1354,Sperrmüll,Adenauerallee,Gronau,53111,,,27,29,2026-01-30,2026-05-20,2026-09-29
43028,Sperrmüll,Adenauerallee,Gronau,53113,168,9998,137,9999,2026-01-30,2026-05-20,2026-09-29
1123,Sperrmüll,Arndtstr.,Gronau,53113,2,9998,1,9999,2026-02-06,2026-05-29,2026-10-01
1595,Sperrmüll,Baunscheidtstr.,Gronau,53113,2,9998,1,9999,2026-03-05,2026-06-22,2026-11-10
2389,Sperrmüll,Brentanostr.,Gronau,53113,2,9998,1,9999,2026-03-27,2026-07-14,2026-12-04
2735,Sperrmüll,Bundeskanzlerplatz,Gronau,53113,,,1,9999,2026-02-06,2026-05-29,2026-10-01
43600,Sperrmüll,Bundeskanzlerplatz,Gronau,53113,2,9998,,,2026-03-05,2026-06-22,2026-11-10
2675,Sperrmüll,Buschstr.,Gronau,53113,2,9998,1,9999,2026-02-06,2026-05-29,2026-10-01
788,Sperrmüll,Charles-de-Gaulle-Str.,Gronau,53113,2,9998,1,9999,2026-03-27,2026-07-14,2026-12-04
2947,Sperrmüll,Coburger Str.,Gronau,53113,2,9998,1,9999,2026-03-05,2026-06-22,2026-11-10
3042,Sperrmüll,Dahlmannstr.,Gronau,53113,2,9998,1,9999,2026-03-27,2026-07-14,2026-12-04
3964,Sperrmüll,E.-T.-A.-Hoffmann-Str.,Gronau,53113,2,9998,1,9999,2026-03-27,2026-07-14,2026-12-04
3485,Sperrmüll,Eduard-Pflüger-Str.,Gronau,53113,2,9998,1,9999,2026-03-05,2026-06-22,2026-11-10
4029,Sperrmüll,Emil-Nolde-Str.,Gronau,53113,2,9998,1,9999,2026-03-05,2026-06-22,2026-11-10
5162,Sperrmüll,Franz-Josef-Strauß-Allee,Gronau,53113,2,9998,1,9999,2026-03-27,2026-07-14,2026-12-04
4312,Sperrmüll,Friedrich-Ebert-Allee,Gronau,53113,,,1,9999,2026-03-27,2026-07-14,2026-12-04
4328,Sperrmüll,Friedrich-Ebert-Allee,Gronau,53113,2,9998,,,2026-03-27,2026-07-14,2026-12-04
4374,Sperrmüll,Friedrich-Wilhelm-Str.,Gronau,53113,2,9998,1,9999,2026-03-27,2026-07-14,2026-12-04
8535,Sperrmüll,Fritz-Erler-Str.,Gronau,53113,2,9998,1,9999,2026-03-27,2026-07-14,2026-12-04
9907,Sperrmüll,Fritz-Schäffer-Str.,Gronau,53113,2,9998,1,9999,2026-03-27,2026-07-14,2026-12-04
13119,Sperrmüll,Genscherallee,Gronau,53113,2,9998,1,9999,2026-03-05,2026-06-22,2026-11-10
5592,Sperrmüll,Heimkehrerweg,Gronau,53113,2,9998,1,9999,2026-03-27,2026-07-14,2026-12-04
10286,Sperrmüll,Heinrich-Brüning-Str.,Gronau,53113,2,9998,1,9999,2026-03-27,2026-07-14,2026-12-04
12803,Sperrmüll,Heinrich-Lübke-Str.,Gronau,53113,2,9998,1,9999,2026-03-27,2026-07-14,2026-12-04
43153,Sperrmüll,Helmut-Kohl-Allee,Gronau,53113,2,9998,1,9999,2026-03-27,2026-07-14,2026-12-04
42791,Sperrmüll,Helmut-Schmidt-Platz,Gronau,53113,2,9998,1,9999,2026-03-27,2026-07-14,2026-12-04
5704,Sperrmüll,Hermann-Ehlers-Str.,Gronau,53113,2,9998,1,9999,2026-03-27,2026-07-14,2026-12-04
5814,Sperrmüll,Heussallee,Gronau,53113,2,14,1,5,2026-03-27,2026-07-14,2026-12-04
5829,Sperrmüll,Heussallee,Gronau,53113,16,9998,7,9999,2026-03-27,2026-07-14,2026-12-04
6666,Sperrmüll,Joachimstr.,Gronau,53113,2,9998,1,9999,2026-02-06,2026-05-29,2026-10-01
11664,Sperrmüll,Johannes-Henry-Str.,Gronau,53113,2,9998,1,9999,2026-02-06,2026-05-29,2026-10-01
6726,Sperrmüll,Johanniterstr.,Gronau,53113,2,9998,1,9999,2026-03-27,2026-07-14,2026-12-04
6821,Sperrmüll,Joseph-Beuys-Allee,Gronau,53113,2,9998,1,9999,2026-03-05,2026-06-22,2026-11-10
6896,Sperrmüll,Kaiser-Friedrich-Str.,Gronau,53113,2,9998,1,9999,2026-01-30,2026-05-20,2026-09-29
7005,Sperrmüll,Kaiserstr.,Gronau,53113,2,32,1,21,2026-02-06,2026-05-29,2026-10-01
7020,Sperrmüll,Kaiserstr.,Gronau,53113,54,110,89,153,2026-02-06,2026-05-29,2026-10-01
7035,Sperrmüll,Kaiserstr.,Gronau,53113,34,52,23,87,2026-02-06,2026-05-29,2026-10-01
42539,Sperrmüll,Kaiserstr.,Gronau,53113,112,9998,155,9999,2026-02-06,2026-05-29,2026-10-01
6866,Sperrmüll,Karl-Carstens-Str.,Gronau,53113,2,9998,1,9999,2026-03-27,2026-07-14,2026-12-04
6881,Sperrmüll,Karl-Marx-Str.,Gronau,53113,2,9998,1,9999,2026-03-05,2026-06-22,2026-11-10
43500,Sperrmüll,Katharina-Focke-Str.,Gronau,53113,2,9998,1,9999,2026-03-05,2026-06-22,2026-11-10
8069,Sperrmüll,Kurt-Schumacher-Str.,Gronau,53113,2,9998,1,9999,2026-03-27,2026-07-14,2026-12-04
8179,Sperrmüll,Langenbachstr.,Gronau,53113,2,9998,1,9999,2026-03-27,2026-07-14,2026-12-04
8254,Sperrmüll,Lennéstr.,Gronau,53113,2,56,1,57,2026-02-06,2026-05-29,2026-10-01
8269,Sperrmüll,Lennéstr.,Gronau,53113,58,9998,59,9999,2026-02-06,2026-05-29,2026-10-01
9323,Sperrmüll,Marie-Kahle-Allee,Gronau,53113,2,9998,1,9999,2026-03-05,2026-06-22,2026-11-10
9556,Sperrmüll,Menuhinstr.,Gronau,53113,2,9998,1,9999,2026-03-27,2026-07-14,2026-12-04
9847,Sperrmüll,Nahum-Goldmann-Allee,Gronau,53113,2,9998,1,9999,2026-03-05,2026-06-22,2026-11-10
9736,Sperrmüll,Niebuhrstr.,Gronau,53113,2,9998,1,9999,2026-02-06,2026-05-29,2026-10-01
9937,Sperrmüll,Ollenhauerstr.,Gronau,53113,2,9998,1,9999,2026-03-05,2026-06-22,2026-11-10
9862,Sperrmüll,Olof-Palme-Allee,Gronau,53113,2,9998,1,9999,2026-03-05,2026-06-22,2026-11-10
10061,Sperrmüll,Oscar-Romero-Allee,Gronau,53113,2,9998,1,9999,2026-03-05,2026-06-22,2026-11-10
10211,Sperrmüll,Paul-Clemen-Str.,Gronau,53113,2,9998,1,9999,2026-03-05,2026-06-22,2026-11-10
3072,Sperrmüll,Petra-Kelly-Allee,Gronau,53113,2,9998,1,9999,2026-03-27,2026-07-14,2026-12-04
10076,Sperrmüll,Platz der Deutschen Post,Gronau,53113,2,9998,1,9999,2026-03-27,2026-07-14,2026-12-04
13664,Sperrmüll,Platz der Vereinten Nationen,Gronau,53113,2,9998,1,9999,2026-03-27,2026-07-14,2026-12-04
11430,Sperrmüll,Raiffeisenstr.,Gronau,53113,2,9998,1,9999,2026-01-30,2026-05-20,2026-09-29
10670,Sperrmüll,Reuterstr.,Gronau,53115,,,1,57,2026-02-02,2026-05-22,2026-10-05
10685,Sperrmüll,Reuterstr.,Gronau,53113,2,20,,,2026-02-02,2026-05-22,2026-10-05
10700,Sperrmüll,Reuterstr.,Gronau,53115,,,59,67,2026-02-02,2026-05-22,2026-10-05
10715,Sperrmüll,Reuterstr.,Gronau,53115,22,36,,,2026-02-02,2026-05-22,2026-10-05
10730,Sperrmüll,Reuterstr.,Gronau,53113,,,111,145,2026-02-02,2026-05-22,2026-10-05
10745,Sperrmüll,Reuterstr.,Gronau,53129,78,100,,,2026-02-02,2026-05-22,2026-10-05
10760,Sperrmüll,Reuterstr.,Gronau,53113,,,147,199,2026-02-02,2026-05-22,2026-10-05
10775,Sperrmüll,Reuterstr.,Gronau,53129,102,9998,,,2026-02-02,2026-05-22,2026-10-05
10790,Sperrmüll,Reuterstr.,Gronau,53113,,,201,9999,2026-02-06,2026-05-29,2026-10-01
10805,Sperrmüll,Reuterstr.,Gronau,53113,38,76,,,2026-02-02,2026-05-22,2026-10-05
10820,Sperrmüll,Reuterstr.,Gronau,53113,,,69,109,2026-02-02,2026-05-22,2026-10-05
10904,Sperrmüll,Rheinweg,Gronau,53113,2,34,1,41,2026-03-05,2026-06-22,2026-11-10
10919,Sperrmüll,Rheinweg,Gronau,53129,36,102,43,121,2026-03-04,2026-06-19,2026-11-09
10934,Sperrmüll,Rheinweg,Gronau,53129,104,9998,123,9999,2026-03-04,2026-06-19,2026-11-09
11634,Sperrmüll,Schedestr.,Gronau,53113,2,9998,1,9999,2026-02-06,2026-05-29,2026-10-01
11679,Sperrmüll,Schlegelstr.,Gronau,53113,2,9998,1,9999,2026-03-27,2026-07-14,2026-12-04
12028,Sperrmüll,Simrockstr.,Gronau,53113,2,9998,1,9999,2026-02-06,2026-05-29,2026-10-01
12323,Sperrmüll,Straßburger Weg,Gronau,53113,2,9998,1,9999,2026-03-05,2026-06-22,2026-11-10
12293,Sperrmüll,Sträßchensweg,Gronau,53113,2,6,1,3,2026-03-27,2026-07-14,2026-12-04
12308,Sperrmüll,Sträßchensweg,Gronau,53113,8,9998,5,9999,2026-03-27,2026-07-14,2026-12-04
12338,Sperrmüll,Stresemannufer,Gronau,53113,2,9998,1,9999,2026-03-27,2026-07-14,2026-12-04
13559,Sperrmüll,Tempelstr.,Gronau,53113,2,9998,1,9999,2026-01-30,2026-05-20,2026-09-29
13785,Sperrmüll,Tulpenfeld,Gronau,53113,2,9998,1,9999,2026-03-27,2026-07-14,2026-12-04
13149,Sperrmüll,Weberstr.,Gronau,53113,2,50,1,39,2026-02-06,2026-05-29,2026-10-01
13164,Sperrmüll,Weberstr.,Gronau,53113,52,114,41,69,2026-02-02,2026-05-22,2026-10-05
13180,Sperrmüll,Weberstr.,Gronau,53113,116,9998,71,9999,2026-02-02,2026-05-22,2026-10-05
13240,Sperrmüll,Welckerstr.,Gronau,53113,2,9998,1,9999,2026-03-27,2026-07-14,2026-12-04
13422,Sperrmüll,Wilhelm-Spiritus-Ufer,Gronau,53113,2,9998,1,9999,2026-01-30,2026-05-20,2026-09-29
13649,Sperrmüll,Willy-Brandt-Allee,Gronau,53113,2,9998,1,9999,2026-03-27,2026-07-14,2026-12-04
43575,Sperrmüll,Willy-Brandt-Allee,Gronau,53113,,,,,2026-03-27,2026-07-14,2026-12-04
13589,Sperrmüll,Winston-Churchill-Str.,Gronau,53113,2,9998,1,9999,2026-03-27,2026-07-14,2026-12-04
13694,Sperrmüll,Zitelmannstr.,Gronau,53113,2,9998,1,9999,2026-03-27,2026-07-14,2026-12-04
13739,Sperrmüll,Zweite Fährgasse,Gronau,53113,2,9998,1,9999,2026-01-30,2026-05-20,2026-09-29
37189,Sperrmüll,Hardthöhe,Hardthöhe,53125,2,9998,1,9999,2026-02-23,2026-06-10,2026-10-15
13905,Sperrmüll,Ahornweg,Heiderhof,53177,2,9998,1,9999,2026-03-13,2026-06-30,2026-11-16
13935,Sperrmüll,Akazienweg,Heiderhof,53177,2,9998,1,9999,2026-03-13,2026-06-30,2026-11-16
15105,Sperrmüll,Breiter Weg,Heiderhof,53177,2,9998,1,9999,2026-03-13,2026-06-30,2026-11-16
15960,Sperrmüll,Eschenweg,Heiderhof,53177,2,9998,1,9999,2026-03-13,2026-06-30,2026-11-16
16050,Sperrmüll,Fichtestr.,Heiderhof,53177,2,9998,1,9999,2026-03-13,2026-06-30,2026-11-16
16355,Sperrmüll,Fuderbachsweg,Heiderhof,53177,2,9998,1,9999,2026-03-11,2026-06-25,2026-11-18
16490,Sperrmüll,Gimmersdorfer Weg,Heiderhof,53177,2,9998,1,9999,2026-03-12,2026-06-29,2026-11-17
15195,Sperrmüll,Hainbuchenweg,Heiderhof,53177,2,9998,1,9999,2026-03-13,2026-06-30,2026-11-16
16915,Sperrmüll,Haselnußweg,Heiderhof,53177,2,9998,1,9999,2026-03-13,2026-06-30,2026-11-16
17010,Sperrmüll,Hegelstr.,Heiderhof,53177,2,9998,1,9999,2026-03-13,2026-06-30,2026-11-16
17025,Sperrmüll,Heiderhofring,Heiderhof,53177,2,9998,1,9999,2026-03-13,2026-06-30,2026-11-16
17285,Sperrmüll,Hohle Gasse,Heiderhof,53177,2,9998,1,9999,2026-03-18,2026-07-01,2026-11-20
17940,Sperrmüll,Kantstr.,Heiderhof,53177,2,9998,1,9999,2026-03-13,2026-06-30,2026-11-16
18015,Sperrmüll,Kastanienweg,Heiderhof,53177,2,9998,1,9999,2026-03-13,2026-06-30,2026-11-16
18919,Sperrmüll,Leibnizstr.,Heiderhof,53177,2,9998,1,9999,2026-03-13,2026-06-30,2026-11-16
18964,Sperrmüll,Ließemer Weg,Heiderhof,53177,2,9998,1,9999,2026-03-12,2026-06-29,2026-11-17
17760,Sperrmüll,Magnolienweg,Heiderhof,53177,2,9998,1,9999,2026-03-13,2026-06-30,2026-11-16
20441,Sperrmüll,Mandelbaumweg,Heiderhof,53177,2,9998,1,9999,2026-03-13,2026-06-30,2026-11-16
19326,Sperrmüll,Marktplatz,Heiderhof,53173,2,9998,1,9999,2026-03-11,2026-06-25,2026-11-18
19861,Sperrmüll,Nietzschestr.,Heiderhof,53177,2,9998,1,9999,2026-01-27,2026-06-26,2026-12-15
20071,Sperrmüll,Pappelweg,Heiderhof,53177,2,9998,1,9999,2026-03-13,2026-06-30,2026-11-16
20121,Sperrmüll,Pecher Str.,Heiderhof,53177,2,9998,1,9999,2026-03-11,2026-06-25,2026-11-18
20226,Sperrmüll,Philosophenring,Heiderhof,53177,2,9998,1,9999,2026-03-13,2026-06-30,2026-11-16
23571,Sperrmüll,Robinienweg,Heiderhof,53177,2,9998,1,9999,2026-01-27,2026-06-26,2026-12-15
20916,Sperrmüll,Rotdornweg,Heiderhof,53177,2,9998,1,9999,2026-03-13,2026-06-30,2026-11-16
15755,Sperrmüll,Schlehenweg,Heiderhof,53177,2,9998,1,9999,2026-03-13,2026-06-30,2026-11-16
21161,Sperrmüll,Schopenhauerstr.,Heiderhof,53177,2,9998,1,9999,2026-03-13,2026-06-30,2026-11-16
14955,Sperrmüll,Schwarzbirkenweg,Heiderhof,53177,2,9998,1,9999,2026-03-13,2026-06-30,2026-11-16
22055,Sperrmüll,Tulpenbaumweg,Heiderhof,53177,2,9998,1,9999,2026-03-13,2026-06-30,2026-11-16
22585,Sperrmüll,Weißdornweg,Heiderhof,53177,2,9998,1,9999,2026-03-13,2026-06-30,2026-11-16
23286,Sperrmüll,Andreas-Hermes-Str.,Hochkreuz,53175,2,9998,1,9999,2026-03-27,2026-07-14,2026-12-04
14390,Sperrmüll,Anhalter Str.,Hochkreuz,53175,2,9998,1,9999,2026-03-27,2026-07-14,2026-12-04
14910,Sperrmüll,Berliner Ring,Hochkreuz,53175,2,9998,1,9999,2026-03-27,2026-07-14,2026-12-04
15090,Sperrmüll,Brandenburger Str.,Hochkreuz,53175,2,9998,1,9999,2026-03-27,2026-07-14,2026-12-04
42806,Sperrmüll,Carlo-Schmid-Str.,Hochkreuz,53175,2,9998,1,9999,2026-03-27,2026-07-14,2026-12-04
15365,Sperrmüll,Cheruskerstr.,Hochkreuz,53175,2,9998,1,9999,2026-03-27,2026-07-14,2026-12-04
23256,Sperrmüll,Ferdinand-Lassalle-Str.,Hochkreuz,53175,2,9998,1,9999,2026-03-27,2026-07-14,2026-12-04
16115,Sperrmüll,Frankenstr.,Hochkreuz,53175,2,9998,1,9999,2026-03-27,2026-07-14,2026-12-04
23676,Sperrmüll,Graf-von-Lehndorff-Str.,Hochkreuz,53175,2,9998,1,9999,2026-03-27,2026-07-14,2026-12-04
21825,Sperrmüll,Heinemannstr.,Hochkreuz,53175,2,9998,1,9999,2026-03-27,2026-07-14,2026-12-04
17270,Sperrmüll,Heinrich-von-Stephan-Str.,Hochkreuz,53175,2,9998,1,9999,2026-03-27,2026-07-14,2026-12-04
23706,Sperrmüll,Herbert-Wehner-Platz,Hochkreuz,53175,2,9998,1,9999,2026-03-27,2026-07-14,2026-12-04
17300,Sperrmüll,Holbeinstr.,Hochkreuz,53175,2,9998,1,9999,2026-03-27,2026-07-14,2026-12-04
23226,Sperrmüll,Jean-Monnet-Str.,Hochkreuz,53175,2,9998,1,9999,2026-03-27,2026-07-14,2026-12-04
23271,Sperrmüll,Johanna-Kinkel-Str.,Hochkreuz,53175,2,9998,1,9999,2026-03-27,2026-07-14,2026-12-04
18030,Sperrmüll,Kennedyallee,Hochkreuz,53175,2,30,1,41,2026-03-27,2026-07-14,2026-12-04
18050,Sperrmüll,Kennedyallee,Hochkreuz,53175,90,9998,109,9999,2026-03-26,2026-07-13,2026-12-01
18065,Sperrmüll,Kennedyallee,Hochkreuz,53175,32,88,43,107,2026-03-27,2026-07-14,2026-12-04
23151,Sperrmüll,Konrad-Adenauer-Brücke,Hochkreuz,53175,2,9998,1,9999,2026-03-27,2026-07-14,2026-12-04
23211,Sperrmüll,Kurt-G.-Kiesinger-Allee,Hochkreuz,53175,2,9998,1,9999,2026-03-27,2026-07-14,2026-12-04
18859,Sperrmüll,Langer Grabenweg,Hochkreuz,53175,2,48,1,47,2026-03-27,2026-07-14,2026-12-04
18874,Sperrmüll,Langer Grabenweg,Hochkreuz,53175,50,9998,49,9999,2026-03-27,2026-07-14,2026-12-04
19101,Sperrmüll,Lucas-Cranach-Str.,Hochkreuz,53175,2,9998,1,9999,2026-03-27,2026-07-14,2026-12-04
21780,Sperrmüll,Ludwig-Erhard-Allee,Hochkreuz,53175,2,10,1,13,2026-03-27,2026-07-14,2026-12-04
21795,Sperrmüll,Ludwig-Erhard-Allee,Hochkreuz,53175,12,9998,15,9999,2026-03-27,2026-07-14,2026-12-04
19371,Sperrmüll,Martin-Luther-King-Str.,Hochkreuz,53175,2,9998,1,9999,2026-03-27,2026-07-14,2026-12-04
19386,Sperrmüll,Matthias-Grünewald-Str.,Hochkreuz,53175,2,9998,1,9999,2026-03-27,2026-07-14,2026-12-04
19416,Sperrmüll,Max-Löbner-Str.,Hochkreuz,53175,2,9998,1,9999,2026-03-27,2026-07-14,2026-12-04
19521,Sperrmüll,Mecklenburger Str.,Hochkreuz,53175,2,9998,1,9999,2026-03-27,2026-07-14,2026-12-04
23241,Sperrmüll,Mildred-Scheel-Str.,Hochkreuz,53175,2,9998,1,9999,2026-03-27,2026-07-14,2026-12-04
23691,Sperrmüll,Paul-Magar-Str.,Hochkreuz,53175,2,9998,1,9999,2026-03-27,2026-07-14,2026-12-04
23376,Sperrmüll,Peter-Hensen-Str.,Hochkreuz,53175,2,9998,1,9999,2026-03-09,2026-06-24,2026-11-12
20616,Sperrmüll,Riemenschneiderstr.,Hochkreuz,53175,2,9998,1,9999,2026-03-27,2026-07-14,2026-12-04
20781,Sperrmüll,Robert-Schuman-Platz,Hochkreuz,53175,2,9998,1,9999,2026-03-27,2026-07-14,2026-12-04
20931,Sperrmüll,Rubensstr.,Hochkreuz,53175,2,9998,1,9999,2026-03-27,2026-07-14,2026-12-04
21041,Sperrmüll,Sachsenstr.,Hochkreuz,53175,2,9998,1,9999,2026-03-27,2026-07-14,2026-12-04
21720,Sperrmüll,Stephan-Lochner-Str.,Hochkreuz,53175,2,9998,1,9999,2026-03-27,2026-07-14,2026-12-04
22010,Sperrmüll,Thüringer Str.,Hochkreuz,53175,2,9998,1,9999,2026-03-27,2026-07-14,2026-12-04
44379,Sperrmüll,Am Gellenbach,Hoholz,53229,2,9998,1,9999,2026-05-04,2026-09-11,2026-12-23
31066,Sperrmüll,Am Hähnchen,Hoholz,53229,2,14,1,15,2026-05-04,2026-09-11,2026-12-23
31081,Sperrmüll,Am Hähnchen,Hoholz,53229,16,9998,17,9999,2026-05-04,2026-09-11,2026-12-23
31096,Sperrmüll,Birlinghovener Str.,Hoholz,53229,2,9998,1,9999,2026-05-04,2026-09-11,2026-12-23
31111,Sperrmüll,Bitzerweg,Hoholz,53229,2,9998,1,9999,2026-05-04,2026-09-11,2026-12-23
31576,Sperrmüll,Ettenhausener Str.,Hoholz,53229,2,38,1,31,2026-05-04,2026-09-11,2026-12-23
31591,Sperrmüll,Ettenhausener Str.,Hoholz,53229,40,9998,33,999,2026-05-04,2026-09-11,2026-12-23
31051,Sperrmüll,Fuhrweg,Hoholz,53229,2,9998,1,9999,2026-05-04,2026-09-11,2026-12-23
31201,Sperrmüll,Gielgenstr.,Hoholz,53229,2,44,1,53,2026-05-04,2026-09-11,2026-12-23
31216,Sperrmüll,Gielgenstr.,Hoholz,53229,46,9998,55,9999,2026-05-04,2026-09-11,2026-12-23
31246,Sperrmüll,Himmelsweg,Hoholz,53229,2,9998,1,9999,2026-05-04,2026-09-11,2026-12-23
31126,Sperrmüll,Hoholzstr.,Hoholz,53229,2,30,1,45,2026-05-04,2026-09-11,2026-12-23
31141,Sperrmüll,Hoholzstr.,Hoholz,53229,,,,,2026-05-04,2026-09-11,2026-12-23
31156,Sperrmüll,Hoholzstr.,Hoholz,53229,32,9998,47,9999,2026-05-04,2026-09-11,2026-12-23
31171,Sperrmüll,Kaninsberg,Hoholz,53229,2,9998,1,9999,2026-05-04,2026-09-11,2026-12-23
31186,Sperrmüll,Kleinfeldstr.,Hoholz,53229,2,9998,1,9999,2026-05-04,2026-09-11,2026-12-23
31231,Sperrmüll,Pützhecke,Hoholz,53229,2,9998,1,9999,2026-05-04,2026-09-11,2026-12-23
31036,Sperrmüll,Rückelswiese,Hoholz,53229,2,9998,1,9999,2026-05-04,2026-09-11,2026-12-23
23976,Sperrmüll,Am Berghang,Holtorf,53229,2,9998,1,9999,2026-05-04,2026-09-11,2026-12-23
24601,Sperrmüll,Am Bolzplatz,Holtorf,53229,2,9998,1,9999,2026-05-04,2026-09-11,2026-12-23
28829,Sperrmüll,Am Kamin,Holtorf,53229,2,9998,1,9999,2026-05-04,2026-09-11,2026-12-23
24421,Sperrmüll,Am Waldrand,Holtorf,53229,2,9998,1,9999,2026-05-04,2026-09-11,2026-12-23
24271,Sperrmüll,Am Weidenstück,Holtorf,53229,2,9998,1,9999,2026-05-04,2026-09-11,2026-12-23
24286,Sperrmüll,An der Bärenwiese,Holtorf,53229,2,9998,1,9999,2026-05-04,2026-09-11,2026-12-23
24676,Sperrmüll,Antoniusplatz,Holtorf,53227,2,9998,1,9999,2026-05-04,2026-09-11,2026-12-23
24331,Sperrmüll,Antoniusweg,Holtorf,53229,2,9998,1,9999,2026-05-04,2026-09-11,2026-12-23
25006,Sperrmüll,Bleibtreustr.,Holtorf,53229,2,9998,1,9999,2026-05-04,2026-09-11,2026-12-23
25296,Sperrmüll,Burghofstr.,Holtorf,53229,2,70,1,75,2026-05-04,2026-09-11,2026-12-23
25311,Sperrmüll,Burghofstr.,Holtorf,53229,72,9998,77,9999,2026-05-04,2026-09-11,2026-12-23
25656,Sperrmüll,Drosselstr.,Holtorf,53229,2,9998,1,9999,2026-05-04,2026-09-11,2026-12-23
27576,Sperrmüll,Guardinistr.,Holtorf,53229,2,9998,1,9999,2026-05-04,2026-09-11,2026-12-23
30946,Sperrmüll,Herrenacker,Holtorf,53229,2,9998,1,9999,2026-05-04,2026-09-11,2026-12-23
28325,Sperrmüll,Löwenburgstr.,Holtorf,53229,2,122,1,123,2026-05-04,2026-09-11,2026-12-23
43213,Sperrmüll,Löwenburgstr.,Holtorf,53229,124,9998,125,9999,2026-05-04,2026-09-11,2026-12-23
30626,Sperrmüll,Mohnweg,Holtorf,53229,2,9998,1,9999,2026-05-04,2026-09-11,2026-12-23
29370,Sperrmüll,Ramersdorfer Str.,Holtorf,53229,2,9998,1,9999,2026-05-04,2026-09-11,2026-12-23
29915,Sperrmüll,Saynstr.,Holtorf,53229,2,9998,1,9999,2026-05-04,2026-09-11,2026-12-23
30085,Sperrmüll,Scheidfeldstr.,Holtorf,53229,2,9998,1,9999,2026-05-04,2026-09-11,2026-12-23
30341,Sperrmüll,Stieldorfer Str.,Holtorf,53229,2,9998,1,9999,2026-05-04,2026-09-11,2026-12-23
30446,Sperrmüll,Tränkweg,Holtorf,53229,2,9998,1,9999,2026-05-04,2026-09-11,2026-12-23
31276,Sperrmüll,Ungartenstr.,Holtorf,53229,2,9998,1,9999,2026-05-04,2026-09-11,2026-12-23
30716,Sperrmüll,Weinheimstr.,Holtorf,53229,2,9998,1,9999,2026-05-04,2026-09-11,2026-12-23
43545,Sperrmüll,Zur Saalkirche,Holtorf,53229,2,9998,1,9999,2026-05-04,2026-09-11,2026-12-23
31291,Sperrmüll,Alte Bonner Str.,Holzlar,53229,2,28,1,33,2026-04-29,2026-09-10,2026-12-21
31306,Sperrmüll,Alte Bonner Str.,Holzlar,53229,30,9998,35,9999,2026-04-27,2026-09-24,2026-12-17
31606,Sperrmüll,Am Fasanenhang,Holzlar,53229,2,9998,1,9999,2026-04-28,2026-09-09,2026-12-18
31321,Sperrmüll,Am Friedhof,Holzlar,53229,2,9998,1,9999,2026-04-28,2026-09-09,2026-12-18
31336,Sperrmüll,Am Hang,Holzlar,53229,2,9998,1,9999,2026-04-28,2026-09-09,2026-12-18
33841,Sperrmüll,Am Pappelhain,Holzlar,53229,2,9998,1,9999,2026-04-28,2026-09-09,2026-12-18
31351,Sperrmüll,Am Quintengarten,Holzlar,53229,2,9998,1,9999,2026-04-27,2026-09-24,2026-12-17
24191,Sperrmüll,Am Rehsprung,Holzlar,53229,2,9998,1,9999,2026-04-29,2026-09-10,2026-12-21
31366,Sperrmüll,Am Sportplatz,Holzlar,53229,2,9998,1,9999,2026-05-04,2026-09-11,2026-12-23
31381,Sperrmüll,Am Steinbach,Holzlar,53229,2,9998,1,9999,2026-04-29,2026-09-10,2026-12-21
31396,Sperrmüll,Am Tanzberg,Holzlar,53229,2,9998,1,9999,2026-04-28,2026-09-09,2026-12-18
31411,Sperrmüll,Am Tiergarten,Holzlar,53229,2,9998,1,9999,2026-04-28,2026-09-09,2026-12-18
31426,Sperrmüll,Am Weiher,Holzlar,53229,2,9998,1,9999,2026-04-29,2026-09-10,2026-12-21
31516,Sperrmüll,Am Weinstock,Holzlar,53229,2,9998,1,9999,2026-04-29,2026-09-10,2026-12-21
31441,Sperrmüll,Am Wolfsbach,Holzlar,53229,2,28,1,21,2026-05-04,2026-09-11,2026-12-23
31456,Sperrmüll,Am Wolfsbach,Holzlar,53229,30,9998,23,9999,2026-05-04,2026-09-11,2026-12-23
31486,Sperrmüll,An der Vogelweide,Holzlar,53229,2,9998,1,9999,2026-04-28,2026-09-09,2026-12-18
32121,Sperrmüll,An Tiebes Eiche,Holzlar,53229,2,9998,1,9999,2026-04-28,2026-09-09,2026-12-18
32411,Sperrmüll,Bennerscheidweg,Holzlar,53229,2,9998,1,9999,2026-05-04,2026-09-11,2026-12-23
31866,Sperrmüll,Bergmeisterstück,Holzlar,53229,2,9998,1,9999,2026-04-29,2026-09-10,2026-12-21
32441,Sperrmüll,Braunkehlchenweg,Holzlar,53229,2,9998,1,9999,2026-04-28,2026-09-09,2026-12-18
32166,Sperrmüll,Buschgarten,Holzlar,53229,2,9998,1,9999,2026-05-04,2026-09-11,2026-12-23
31881,Sperrmüll,Christ-König-Str.,Holzlar,53229,2,24,1,19,2026-04-28,2026-09-09,2026-12-18
31896,Sperrmüll,Christ-König-Str.,Holzlar,53229,26,9998,21,9999,2026-04-28,2026-09-09,2026-12-18
31546,Sperrmüll,Dahlienweg,Holzlar,53229,2,9998,1,9999,2026-04-28,2026-09-09,2026-12-18
25831,Sperrmüll,Ennertstr.,Holzlar,53229,2,9998,1,9999,2026-04-29,2026-09-10,2026-12-21
32531,Sperrmüll,Espeler Wiese,Holzlar,53229,2,9998,1,9999,2026-04-28,2026-09-09,2026-12-18
32636,Sperrmüll,Falkenbergweg,Holzlar,53229,2,9998,1,9999,2026-04-28,2026-09-09,2026-12-18
31621,Sperrmüll,Finkenweg,Holzlar,53229,2,9998,1,9999,2026-04-29,2026-09-10,2026-12-21
31641,Sperrmüll,Friedensweg,Holzlar,53229,2,9998,1,9999,2026-05-04,2026-09-11,2026-12-23
31656,Sperrmüll,Gartenweg,Holzlar,53229,2,9998,1,9999,2026-04-28,2026-09-09,2026-12-18
31686,Sperrmüll,Giersbergstr.,Holzlar,53229,2,9998,1,9999,2026-04-28,2026-09-09,2026-12-18
31671,Sperrmüll,Ginsterweg,Holzlar,53229,2,9998,1,9999,2026-04-28,2026-09-09,2026-12-18
32321,Sperrmüll,Großenbuschstr.,Holzlar,53229,2,9998,1,9999,2026-04-29,2026-09-10,2026-12-21
31911,Sperrmüll,Hangelarer Str.,Holzlar,53229,2,9998,1,9999,2026-04-27,2026-09-24,2026-12-17
31701,Sperrmüll,Hardtweg,Holzlar,53229,2,9998,1,9999,2026-05-04,2026-09-11,2026-12-23
31531,Sperrmüll,Hardtweiherstr.,Holzlar,53229,2,9998,1,9999,2026-04-29,2026-09-10,2026-12-21
31716,Sperrmüll,Hauptstr.,Holzlar,53229,2,94,1,101,2026-04-29,2026-09-10,2026-12-21
31731,Sperrmüll,Hauptstr.,Holzlar,53229,96,9998,103,9999,2026-05-04,2026-09-11,2026-12-23
31746,Sperrmüll,Heckenweg,Holzlar,53229,2,9998,1,9999,2026-04-27,2026-09-24,2026-12-17
31501,Sperrmüll,Heidebergenstr.,Holzlar,53229,2,9998,1,9999,2026-04-28,2026-09-09,2026-12-18
31761,Sperrmüll,Heideweg,Holzlar,53229,2,9998,1,9999,2026-04-28,2026-09-09,2026-12-18
32621,Sperrmüll,Heinrich-Behr-Str.,Holzlar,53229,2,9998,1,9999,2026-05-04,2026-09-11,2026-12-23
31776,Sperrmüll,Heisenbergstr.,Holzlar,53229,2,9998,1,9999,2026-05-04,2026-09-11,2026-12-23
31791,Sperrmüll,Holtorfer Weg,Holzlar,53229,2,9998,1,9999,2026-05-04,2026-09-11,2026-12-23
32351,Sperrmüll,Hölzebergstr.,Holzlar,53229,2,9998,1,9999,2026-04-28,2026-09-09,2026-12-18
31806,Sperrmüll,Holzlarer Str.,Holzlar,53229,2,20,1,29,2026-04-29,2026-09-10,2026-12-21
31821,Sperrmüll,Holzlarer Str.,Holzlar,53229,22,9998,31,9999,2026-04-29,2026-09-10,2026-12-21
32456,Sperrmüll,Hövelweg,Holzlar,53229,2,9998,1,9999,2026-04-29,2026-09-10,2026-12-21
33856,Sperrmüll,Im Gerott,Holzlar,53229,2,9998,1,9999,2026-04-27,2026-09-24,2026-12-17
32091,Sperrmüll,Im Verbott,Holzlar,53229,2,9998,1,9999,2026-04-29,2026-09-10,2026-12-21
32606,Sperrmüll,Im Versteck,Holzlar,53229,2,9998,1,9999,2026-04-27,2026-09-24,2026-12-17
32486,Sperrmüll,In den Bieshecken,Holzlar,53229,2,9998,1,9999,2026-04-28,2026-09-09,2026-12-18
32591,Sperrmüll,Jasminweg,Holzlar,53229,2,9998,1,9999,2026-04-28,2026-09-09,2026-12-18
31851,Sperrmüll,Kautexstr.,Holzlar,53229,2,9998,1,9999,2026-04-27,2026-09-24,2026-12-17
31956,Sperrmüll,Kinkelplatz,Holzlar,53229,2,9998,1,9999,2026-04-28,2026-09-09,2026-12-18
32366,Sperrmüll,Klausgarten,Holzlar,53229,2,9998,1,9999,2026-04-29,2026-09-10,2026-12-21
32031,Sperrmüll,Kohlbergstr.,Holzlar,53229,2,9998,1,9999,2026-05-04,2026-09-11,2026-12-23
32381,Sperrmüll,Kohlkauler Platz,Holzlar,53229,2,9998,1,9999,2026-04-28,2026-09-09,2026-12-18
32561,Sperrmüll,Krokusweg,Holzlar,53229,2,9998,1,9999,2026-04-28,2026-09-09,2026-12-18
31261,Sperrmüll,Krummfuhr,Holzlar,53229,2,9998,1,9999,2026-05-04,2026-09-11,2026-12-23
32106,Sperrmüll,Küppersgarten,Holzlar,53229,2,9998,1,9999,2026-04-29,2026-09-10,2026-12-21
32426,Sperrmüll,Lindershausweg,Holzlar,53229,2,9998,1,9999,2026-04-29,2026-09-10,2026-12-21
31941,Sperrmüll,Löwenburgweg,Holzlar,53229,2,9998,1,9999,2026-05-04,2026-09-11,2026-12-23
31926,Sperrmüll,Lupinenweg,Holzlar,53229,2,9998,1,9999,2026-04-28,2026-09-09,2026-12-18
31971,Sperrmüll,Max-Born-Str.,Holzlar,53229,2,9998,1,9999,2026-05-04,2026-09-11,2026-12-23
32001,Sperrmüll,Mühlenweg,Holzlar,53229,2,9998,1,9999,2026-04-29,2026-09-10,2026-12-21
28634,Sperrmüll,Müldorfer Str.,Holzlar,53229,2,102,1,53,2026-04-27,2026-09-24,2026-12-17
28649,Sperrmüll,Müldorfer Str.,Holzlar,53229,142,9998,103,9999,2026-04-29,2026-09-10,2026-12-21
28664,Sperrmüll,Müldorfer Str.,Holzlar,53229,104,140,55,101,2026-04-27,2026-09-24,2026-12-17
32546,Sperrmüll,Narzissenweg,Holzlar,53229,2,9998,1,9999,2026-04-28,2026-09-09,2026-12-18
42284,Sperrmüll,Pastor-Kurt-Padberg-Weg,Holzlar,53229,2,9998,1,9999,2026-04-28,2026-09-09,2026-12-18
32046,Sperrmüll,Paul-Langen-Str.,Holzlar,53229,2,34,1,35,2026-04-28,2026-09-09,2026-12-18
32061,Sperrmüll,Paul-Langen-Str.,Holzlar,53229,36,9998,37,9999,2026-04-28,2026-09-09,2026-12-18
32076,Sperrmüll,Peterweg,Holzlar,53229,2,9998,1,9999,2026-05-04,2026-09-11,2026-12-23
31986,Sperrmüll,Primelweg,Holzlar,53229,2,9998,1,9999,2026-04-29,2026-09-10,2026-12-21
32666,Sperrmüll,Reinold-Hagen-Str.,Holzlar,53229,2,9998,1,9999,2026-04-27,2026-09-24,2026-12-17
32136,Sperrmüll,Rodeweg,Holzlar,53229,2,9998,1,9999,2026-05-04,2026-09-11,2026-12-23
32471,Sperrmüll,Roleberstr.,Holzlar,53229,2,9998,1,9999,2026-05-04,2026-09-11,2026-12-23
32151,Sperrmüll,Rosenpfad,Holzlar,53229,2,9998,1,9999,2026-04-28,2026-09-09,2026-12-18
31836,Sperrmüll,Rothwiesenweg,Holzlar,53229,2,9998,1,9999,2026-04-29,2026-09-10,2026-12-21
32516,Sperrmüll,Salamanderweg,Holzlar,53229,2,9998,1,9999,2026-04-29,2026-09-10,2026-12-21
32181,Sperrmüll,Siebengebirgsstr.,Holzlar,53229,2,40,1,69,2026-04-28,2026-09-09,2026-12-18
32196,Sperrmüll,Siebengebirgsstr.,Holzlar,53229,168,9998,227,9999,2026-05-04,2026-09-11,2026-12-23
32211,Sperrmüll,Siebengebirgsstr.,Holzlar,53229,130,166,189,225,2026-05-04,2026-09-11,2026-12-23
32226,Sperrmüll,Siebengebirgsstr.,Holzlar,53229,,,123,159,2026-04-28,2026-09-09,2026-12-18
32241,Sperrmüll,Siebengebirgsstr.,Holzlar,53229,92,128,161,187,2026-04-28,2026-09-09,2026-12-18
32261,Sperrmüll,Siebengebirgsstr.,Holzlar,53229,42,76,71,109,2026-04-28,2026-09-09,2026-12-18
32276,Sperrmüll,Siebengebirgsstr.,Holzlar,53229,78,90,111,121,2026-04-28,2026-09-09,2026-12-18
30070,Sperrmüll,Siebenwegekreuzplatz,Holzlar,53229,2,9998,1,9999,2026-04-28,2026-09-09,2026-12-18
31561,Sperrmüll,Sonnenweg,Holzlar,53229,2,9998,1,9999,2026-05-04,2026-09-11,2026-12-23
31471,Sperrmüll,Steinacker,Holzlar,53229,2,9998,1,9999,2026-05-04,2026-09-11,2026-12-23
32501,Sperrmüll,Stenzelbergweg,Holzlar,53229,2,9998,1,9999,2026-05-04,2026-09-11,2026-12-23
32016,Sperrmüll,Stieglitzweg,Holzlar,53229,2,9998,1,9999,2026-04-29,2026-09-10,2026-12-21
32336,Sperrmüll,Tulpenweg,Holzlar,53229,2,9998,1,9999,2026-04-28,2026-09-09,2026-12-18
32291,Sperrmüll,Veilchenweg,Holzlar,53229,2,9998,1,9999,2026-05-04,2026-09-11,2026-12-23
32306,Sperrmüll,Waldweg,Holzlar,53229,2,9998,1,9999,2026-04-29,2026-09-10,2026-12-21
32576,Sperrmüll,Weiers Wiesen,Holzlar,53229,2,9998,1,9999,2026-04-28,2026-09-09,2026-12-18
32651,Sperrmüll,Windgassenstr.,Holzlar,53229,2,9998,1,9999,2026-04-27,2026-09-24,2026-12-17
346,Sperrmüll,Am Birkenbruch,Ippendorf (BN),53127,2,9998,1,9999,2026-02-27,2026-06-16,2026-11-04
562,Sperrmüll,Am Lappenweiher,Ippendorf (BN),53127,2,9998,1,9999,2026-02-26,2026-06-15,2026-11-03
4281,Sperrmüll,Fridtjof-Nansen-Str.,Ippendorf (BN),53127,2,9998,1,9999,2026-03-03,2026-06-17,2026-11-05
39329,Sperrmüll,Gudenauer Weg,Ippendorf (BN),53127,2,54,1,57,2026-02-27,2026-06-16,2026-11-04
39344,Sperrmüll,Gudenauer Weg,Ippendorf (BN),53127,56,9998,59,9999,2026-02-27,2026-06-16,2026-11-04
5222,Sperrmüll,Haager Weg,Ippendorf (BN),53127,2,44,1,71,2026-03-03,2026-06-17,2026-11-05
5242,Sperrmüll,Haager Weg,Ippendorf (BN),53127,46,9998,73,9999,2026-02-27,2026-06-16,2026-11-04
5257,Sperrmüll,Haager Weg,Ippendorf (BN),53127,,,,,2026-02-27,2026-06-16,2026-11-04
39389,Sperrmüll,Höhenweg,Ippendorf (BN),53127,2,100,1,101,2026-02-27,2026-06-16,2026-11-04
39404,Sperrmüll,Höhenweg,Ippendorf (BN),53127,102,9998,103,9999,2026-02-27,2026-06-16,2026-11-04
6294,Sperrmüll,Im Erlenbusch,Ippendorf (BN),53127,2,9998,1,9999,2026-02-27,2026-06-16,2026-11-04
6369,Sperrmüll,Im Sonnenwinkel,Ippendorf (BN),53127,2,9998,1,9999,2026-02-27,2026-06-16,2026-11-04
6454,Sperrmüll,Im Wurzelbusch,Ippendorf (BN),53127,2,9998,1,9999,2026-02-27,2026-06-16,2026-11-04
9278,Sperrmüll,Melbweg,Ippendorf (BN),53127,2,40,1,7,2026-03-03,2026-06-17,2026-11-05
9293,Sperrmüll,Melbweg,Ippendorf (BN),53127,42,9998,9,9999,2026-03-03,2026-06-17,2026-11-05
12058,Sperrmüll,Stationsweg,Ippendorf (BN),53127,2,9998,1,9999,2026-02-26,2026-06-15,2026-11-03
12593,Sperrmüll,Trierer Str.,Ippendorf (BN),53115,2,38,1,43,2026-03-03,2026-06-17,2026-11-05
12608,Sperrmüll,Trierer Str.,Ippendorf (BN),53115,128,136,77,115,2026-02-26,2026-06-15,2026-11-03
12623,Sperrmüll,Trierer Str.,Ippendorf (BN),53115,40,126,45,75,2026-03-03,2026-06-17,2026-11-05
12638,Sperrmüll,Trierer Str.,Ippendorf (BN),53115,138,146,117,123,2026-02-26,2026-06-15,2026-11-03
12653,Sperrmüll,Trierer Str.,Ippendorf (BN),53115,148,9998,125,9999,2026-02-26,2026-06-15,2026-11-03
39084,Sperrmüll,Am Engelsbach,Ippendorf (HA),53127,2,9998,1,9999,2026-02-27,2026-06-16,2026-11-04
39099,Sperrmüll,Am Engelspfad,Ippendorf (HA),53127,2,9998,1,9999,2026-02-27,2026-06-16,2026-11-04
39114,Sperrmüll,Am Höhnchen,Ippendorf (HA),53127,2,9998,1,9999,2026-02-26,2026-06-15,2026-11-03
39069,Sperrmüll,Am Kümpel,Ippendorf (HA),53127,2,9998,1,9999,2026-02-27,2026-06-16,2026-11-04
39464,Sperrmüll,Am Kurfürstenkreuz,Ippendorf (HA),53127,2,9998,1,9999,2026-02-26,2026-06-15,2026-11-03
39129,Sperrmüll,Am Mühlenberg,Ippendorf (HA),53127,2,9998,1,9999,2026-02-26,2026-06-15,2026-11-03
39914,Sperrmüll,Am Sonnenhang,Ippendorf (HA),53127,2,9998,1,9999,2026-02-26,2026-06-15,2026-11-03
39779,Sperrmüll,Am Waldhang,Ippendorf (HA),53127,2,9998,1,9999,2026-02-26,2026-06-15,2026-11-03
39144,Sperrmüll,Auf dem Essig,Ippendorf (HA),53127,2,9998,1,9999,2026-02-27,2026-06-16,2026-11-04
39159,Sperrmüll,Auf dem Gierolsrott,Ippendorf (HA),53127,2,9998,1,9999,2026-02-27,2026-06-16,2026-11-04
39189,Sperrmüll,Auf dem Heidgen,Ippendorf (HA),53127,2,9998,1,9999,2026-02-26,2026-06-15,2026-11-03
39509,Sperrmüll,Auf dem Maar,Ippendorf (HA),53127,2,9998,1,9999,2026-02-27,2026-06-16,2026-11-04
39174,Sperrmüll,Auf dem Steinchen,Ippendorf (HA),53127,2,9998,1,9999,2026-02-26,2026-06-15,2026-11-03
39959,Sperrmüll,Balthasar-Neumann-Str.,Ippendorf (HA),53127,2,9998,1,9999,2026-02-27,2026-06-16,2026-11-04
40019,Sperrmüll,Bernhard-Berzheim-Platz,Ippendorf (HA),53127,2,9998,1,9999,2026-02-27,2026-06-16,2026-11-04
39239,Sperrmüll,Blaukehlchenweg,Ippendorf (HA),53127,2,9998,1,9999,2026-02-27,2026-06-16,2026-11-04
39219,Sperrmüll,Buchholzstr.,Ippendorf (HA),53127,2,34,1,43,2026-02-27,2026-06-16,2026-11-04
42614,Sperrmüll,Buchholzstr.,Ippendorf (HA),53127,36,9998,45,9999,2026-02-27,2026-06-16,2026-11-04
39254,Sperrmüll,Elbestr.,Ippendorf (HA),53127,2,9998,1,9999,2026-02-27,2026-06-16,2026-11-04
39359,Sperrmüll,Erich-Böger-Str.,Ippendorf (HA),53127,2,9998,1,9999,2026-02-26,2026-06-15,2026-11-03
39269,Sperrmüll,Fasanenweg,Ippendorf (HA),53127,2,9998,1,9999,2026-02-27,2026-06-16,2026-11-04
39284,Sperrmüll,Ferdinandstr.,Ippendorf (HA),53127,2,9998,1,9999,2026-02-27,2026-06-16,2026-11-04
39374,Sperrmüll,Gerhard-Krause-Weg,Ippendorf (HA),53127,2,9998,1,9999,2026-02-26,2026-06-15,2026-11-03
39314,Sperrmüll,Gierolstr.,Ippendorf (HA),53127,2,9998,1,9999,2026-02-27,2026-06-16,2026-11-04
39854,Sperrmüll,Havelstr.,Ippendorf (HA),53127,2,9998,1,9999,2026-02-27,2026-06-16,2026-11-04
39419,Sperrmüll,Im Acker,Ippendorf (HA),53127,2,9998,1,9999,2026-02-26,2026-06-15,2026-11-03
39434,Sperrmüll,Im Blumengarten,Ippendorf (HA),53127,2,24,1,21,2026-02-27,2026-06-16,2026-11-04
42554,Sperrmüll,Im Blumengarten,Ippendorf (HA),53127,26,9998,23,9999,2026-02-27,2026-06-16,2026-11-04
39449,Sperrmüll,Im Eichholz,Ippendorf (HA),53127,2,9998,1,9999,2026-02-26,2026-06-15,2026-11-03
39899,Sperrmüll,Im Uckerfeld,Ippendorf (HA),53127,2,9998,1,9999,2026-02-27,2026-06-16,2026-11-04
39824,Sperrmüll,Ippendorfer Allee,Ippendorf (HA),53127,2,9998,1,9999,2026-02-26,2026-06-15,2026-11-03
39839,Sperrmüll,Ippendorfer Allee,Ippendorf (HA),53127,,,,,2026-02-26,2026-06-15,2026-11-03
39929,Sperrmüll,Karl-Friedrich-Schinkel-Str.,Ippendorf (HA),53127,2,16,1,5,2026-02-27,2026-06-16,2026-11-04
39944,Sperrmüll,Karl-Friedrich-Schinkel-Str.,Ippendorf (HA),53127,18,9998,7,9999,2026-02-27,2026-06-16,2026-11-04
39479,Sperrmüll,Lengsdorfer Str.,Ippendorf (HA),53127,2,9998,1,9999,2026-02-26,2026-06-15,2026-11-03
39204,Sperrmüll,Ligusterweg,Ippendorf (HA),53127,2,9998,1,9999,2026-02-26,2026-06-15,2026-11-03
39494,Sperrmüll,Lückingstr.,Ippendorf (HA),53127,2,9998,1,9999,2026-02-27,2026-06-16,2026-11-04
39884,Sperrmüll,Luigi-Pirandello-Str.,Ippendorf (HA),53127,2,9998,1,9999,2026-02-27,2026-06-16,2026-11-04
39749,Sperrmüll,Mauerseglerweg,Ippendorf (HA),53127,2,9998,1,9999,2026-02-27,2026-06-16,2026-11-04
39974,Sperrmüll,Michael-Leveilly-Str.,Ippendorf (HA),53127,2,9998,1,9999,2026-02-27,2026-06-16,2026-11-04
39539,Sperrmüll,Neißestr.,Ippendorf (HA),53127,2,9998,1,9999,2026-02-27,2026-06-16,2026-11-04
39054,Sperrmüll,Netzestr.,Ippendorf (HA),53127,2,9998,1,9999,2026-02-27,2026-06-16,2026-11-04
39554,Sperrmüll,Oderstr.,Ippendorf (HA),53127,2,18,1,23,2026-02-27,2026-06-16,2026-11-04
39569,Sperrmüll,Oderstr.,Ippendorf (HA),53127,,,25,29,2026-02-27,2026-06-16,2026-11-04
39584,Sperrmüll,Oderstr.,Ippendorf (HA),53127,20,9998,31,9999,2026-02-27,2026-06-16,2026-11-04
39599,Sperrmüll,Peenestr.,Ippendorf (HA),53127,2,9998,1,9999,2026-02-27,2026-06-16,2026-11-04
39614,Sperrmüll,Peter-Clever-Str.,Ippendorf (HA),53127,2,9998,1,9999,2026-02-27,2026-06-16,2026-11-04
39989,Sperrmüll,Peter-Ohlenhardt-Str.,Ippendorf (HA),53127,2,12,1,5,2026-02-27,2026-06-16,2026-11-04
40004,Sperrmüll,Peter-Ohlenhardt-Str.,Ippendorf (HA),53127,14,9998,7,9999,2026-02-27,2026-06-16,2026-11-04
39644,Sperrmüll,Pregelstr.,Ippendorf (HA),53127,2,9998,1,9999,2026-02-27,2026-06-16,2026-11-04
39659,Sperrmüll,Quellenweg,Ippendorf (HA),53127,2,9998,1,9999,2026-02-27,2026-06-16,2026-11-04
39629,Sperrmüll,Rieckweg,Ippendorf (HA),53127,2,9998,1,9999,2026-02-27,2026-06-16,2026-11-04
39674,Sperrmüll,Röttgener Str.,Ippendorf (HA),53127,2,144,1,139,2026-02-26,2026-06-15,2026-11-03
39689,Sperrmüll,Röttgener Str.,Ippendorf (HA),53127,146,228,141,189,2026-02-26,2026-06-15,2026-11-03
39704,Sperrmüll,Röttgener Str.,Ippendorf (HA),53125,230,9998,191,9999,2026-02-26,2026-06-15,2026-11-03
39719,Sperrmüll,Saalestr.,Ippendorf (HA),53127,2,9998,1,9999,2026-02-27,2026-06-16,2026-11-04
39869,Sperrmüll,Schwanenweg,Ippendorf (HA),53127,2,9998,1,9999,2026-02-27,2026-06-16,2026-11-04
39734,Sperrmüll,Spreestr.,Ippendorf (HA),53127,2,9998,1,9999,2026-02-27,2026-06-16,2026-11-04
39764,Sperrmüll,Starenweg,Ippendorf (HA),53127,2,9998,1,9999,2026-02-27,2026-06-16,2026-11-04
39299,Sperrmüll,Turmfalkenweg,Ippendorf (HA),53127,2,9998,1,9999,2026-02-27,2026-06-16,2026-11-04
39524,Sperrmüll,Waldmeisenweg,Ippendorf (HA),53127,2,9998,1,9999,2026-02-27,2026-06-16,2026-11-04
39794,Sperrmüll,Wasserturmstr.,Ippendorf (HA),53127,2,20,1,9999,2026-02-27,2026-06-16,2026-11-04
39809,Sperrmüll,Wasserturmstr.,Ippendorf (HA),53127,22,9998,,,2026-02-27,2026-06-16,2026-11-04
133,Sperrmüll,Ahrweg,Kessenich,53129,2,9998,1,9999,2026-03-04,2026-06-19,2026-11-09
42645,Sperrmüll,Albert-Fischer-Str.,Kessenich,53129,2,9998,1,9999,2026-03-04,2026-06-19,2026-11-09
11604,Sperrmüll,Aloys-Schulte-Str.,Kessenich,53129,2,9998,1,9999,2026-03-04,2026-06-19,2026-11-09
255,Sperrmüll,Alter Fahrweg,Kessenich,53127,2,9998,1,9999,2026-03-03,2026-06-17,2026-11-05
406,Sperrmüll,Am Buchenhang,Kessenich,53115,2,9998,1,9999,2026-03-02,2026-06-18,2026-11-06
1414,Sperrmüll,Am Siepen,Kessenich,53129,2,9998,1,9999,2026-03-04,2026-06-19,2026-11-09
1048,Sperrmüll,Argelanderstr.,Kessenich,53115,2,46,1,57,2026-02-02,2026-05-22,2026-10-05
1063,Sperrmüll,Argelanderstr.,Kessenich,53115,60,110,77,139,2026-02-02,2026-05-22,2026-10-05
1078,Sperrmüll,Argelanderstr.,Kessenich,53115,112,9998,141,9999,2026-03-02,2026-06-18,2026-11-06
1093,Sperrmüll,Argelanderstr.,Kessenich,53115,48,58,59,75,2026-02-02,2026-05-22,2026-10-05
331,Sperrmüll,Auf der Steige,Kessenich,53129,2,9998,1,9999,2026-03-04,2026-06-19,2026-11-09
4737,Sperrmüll,August-Bier-Str.,Kessenich,53129,,,1,7,2026-03-02,2026-06-18,2026-11-06
4752,Sperrmüll,August-Bier-Str.,Kessenich,53129,2,24,9,25,2026-03-04,2026-06-19,2026-11-09
4767,Sperrmüll,August-Bier-Str.,Kessenich,53129,26,9998,27,9999,2026-03-04,2026-06-19,2026-11-09
1752,Sperrmüll,Bergstr.,Kessenich,53129,2,54,1,43,2026-03-04,2026-06-19,2026-11-09
1767,Sperrmüll,Bergstr.,Kessenich,53129,56,66,45,65,2026-03-04,2026-06-19,2026-11-09
1782,Sperrmüll,Bergstr.,Kessenich,53129,68,150,67,169,2026-03-04,2026-06-19,2026-11-09
43674,Sperrmüll,Bergstr.,Kessenich,53129,152,9998,171,9999,2026-03-10,2026-07-14,2026-12-18
1986,Sperrmüll,Blücherstr.,Kessenich,53115,2,42,1,49,2026-03-02,2026-06-18,2026-11-06
2001,Sperrmüll,Blücherstr.,Kessenich,53115,44,9998,51,9999,2026-03-02,2026-06-18,2026-11-06
2146,Sperrmüll,Bonner Talweg,Kessenich,53113,,,1,39,2026-02-02,2026-05-22,2026-10-05
2161,Sperrmüll,Bonner Talweg,Kessenich,53113,2,46,,,2026-02-02,2026-05-22,2026-10-05
2177,Sperrmüll,Bonner Talweg,Kessenich,53113,,,41,121,2026-02-02,2026-05-22,2026-10-05
2192,Sperrmüll,Bonner Talweg,Kessenich,53113,48,150,,,2026-02-02,2026-05-22,2026-10-05
2207,Sperrmüll,Bonner Talweg,Kessenich,53129,152,200,123,213,2026-03-02,2026-06-18,2026-11-06
2222,Sperrmüll,Bonner Talweg,Kessenich,53129,278,9998,261,9999,2026-03-02,2026-06-18,2026-11-06
2237,Sperrmüll,Bonner Talweg,Kessenich,53129,202,276,215,259,2026-03-02,2026-06-18,2026-11-06
2540,Sperrmüll,Burbacher Str.,Kessenich,53129,2,62,1,85,2026-03-04,2026-06-19,2026-11-09
2555,Sperrmüll,Burbacher Str.,Kessenich,53129,64,174,87,181,2026-03-04,2026-06-19,2026-11-09
2570,Sperrmüll,Burbacher Str.,Kessenich,53129,176,206,183,229,2026-03-04,2026-06-19,2026-11-09
2585,Sperrmüll,Burbacher Str.,Kessenich,53129,208,9998,231,9999,2026-03-04,2026-06-19,2026-11-09
7371,Sperrmüll,Büttinghausenstr.,Kessenich,53129,2,10,1,13,2026-03-04,2026-06-19,2026-11-09
7386,Sperrmüll,Büttinghausenstr.,Kessenich,53129,12,9998,15,9999,2026-03-04,2026-06-19,2026-11-09
11554,Sperrmüll,Eduard-Otto-Str.,Kessenich,53129,2,4,1,9,2026-03-02,2026-06-18,2026-11-06
11574,Sperrmüll,Eduard-Otto-Str.,Kessenich,53129,6,34,11,55,2026-03-04,2026-06-19,2026-11-09
42479,Sperrmüll,Eduard-Otto-Str.,Kessenich,53129,36,9998,57,9999,2026-03-04,2026-06-19,2026-11-09
3859,Sperrmüll,Erftweg,Kessenich,53129,2,9998,1,9999,2026-03-05,2026-06-22,2026-11-10
4205,Sperrmüll,Franz-Bücheler-Str.,Kessenich,53129,2,9998,1,9999,2026-03-04,2026-06-19,2026-11-09
4236,Sperrmüll,Franz-Lohe-Str.,Kessenich,53129,2,9998,1,9999,2026-03-04,2026-06-19,2026-11-09
4190,Sperrmüll,Füssenichgasse,Kessenich,53129,2,9998,1,9999,2026-03-04,2026-06-19,2026-11-09
4541,Sperrmüll,Geißlerstr.,Kessenich,53115,2,9998,1,9999,2026-03-02,2026-06-18,2026-11-06
42660,Sperrmüll,Gerhard-Samuel-Str.,Kessenich,53129,2,9998,1,9999,2026-03-04,2026-06-19,2026-11-09
4647,Sperrmüll,Gierenweg,Kessenich,53129,2,6,1,21,2026-03-05,2026-06-22,2026-11-10
4662,Sperrmüll,Gierenweg,Kessenich,53129,,,,,2026-03-05,2026-06-22,2026-11-10
4677,Sperrmüll,Gierenweg,Kessenich,53129,8,9998,23,9999,2026-03-05,2026-06-22,2026-11-10
4862,Sperrmüll,Graf-Galen-Str.,Kessenich,53129,2,9998,1,9999,2026-03-02,2026-06-18,2026-11-06
4877,Sperrmüll,Graf-Stauffenberg-Str.,Kessenich,53115,2,12,1,11,2026-03-02,2026-06-18,2026-11-06
4892,Sperrmüll,Graf-Stauffenberg-Str.,Kessenich,53115,14,9998,13,9999,2026-03-02,2026-06-18,2026-11-06
4907,Sperrmüll,Gregor-Mendel-Str.,Kessenich,53115,2,9998,1,9999,2026-03-02,2026-06-18,2026-11-06
5332,Sperrmüll,Hans-Riegel-Str.,Kessenich,53129,2,9998,1,9999,2026-03-04,2026-06-19,2026-11-09
5652,Sperrmüll,Heinrich-Körner-Str.,Kessenich,53129,2,9998,1,9999,2026-03-02,2026-06-18,2026-11-06
6084,Sperrmüll,Hugo-Haelschner-Str.,Kessenich,53129,2,9998,1,9999,2026-03-04,2026-06-19,2026-11-09
6545,Sperrmüll,In der Lies,Kessenich,53129,2,9998,1,9999,2026-03-02,2026-06-18,2026-11-06
6711,Sperrmüll,Johannes-v.-Hanstein-Str.,Kessenich,53115,2,9998,1,9999,2026-03-02,2026-06-18,2026-11-06
6756,Sperrmüll,Julius-Plücker-Str.,Kessenich,53115,2,9998,1,9999,2026-03-02,2026-06-18,2026-11-06
7190,Sperrmüll,Karthäuserplatz,Kessenich,53129,2,9998,1,9999,2026-03-04,2026-06-19,2026-11-09
6054,Sperrmüll,Karthäuserstr.,Kessenich,53129,2,9998,1,9999,2026-03-04,2026-06-19,2026-11-09
8054,Sperrmüll,Kuhgasse,Kessenich,53129,2,9998,1,9999,2026-03-02,2026-06-18,2026-11-06
8099,Sperrmüll,Lahnweg,Kessenich,53129,2,9998,1,9999,2026-03-04,2026-06-19,2026-11-09
8505,Sperrmüll,Loeschckestr.,Kessenich,53129,2,9998,1,9999,2026-03-05,2026-06-22,2026-11-10
8550,Sperrmüll,Lotharstr.,Kessenich,53115,2,134,1,153,2026-03-02,2026-06-18,2026-11-06
8565,Sperrmüll,Lotharstr.,Kessenich,53115,136,9998,155,9999,2026-03-02,2026-06-18,2026-11-06
8580,Sperrmüll,Luisenstr.,Kessenich,53129,2,28,1,13,2026-03-02,2026-06-18,2026-11-06
8595,Sperrmüll,Luisenstr.,Kessenich,53129,30,84,15,77,2026-03-02,2026-06-18,2026-11-06
8610,Sperrmüll,Luisenstr.,Kessenich,53129,86,9998,115,9999,2026-03-02,2026-06-18,2026-11-06
44212,Sperrmüll,Luisenstr.,Kessenich,53129,,,79,113,2026-03-02,2026-06-18,2026-11-06
9034,Sperrmüll,Markusplatz,Kessenich,53129,2,9998,1,9999,2026-03-04,2026-06-19,2026-11-09
9049,Sperrmüll,Markusstr.,Kessenich,53129,2,9998,1,9999,2026-03-04,2026-06-19,2026-11-09
9187,Sperrmüll,Mechenstr.,Kessenich,53129,2,9998,1,9999,2026-03-04,2026-06-19,2026-11-09
9428,Sperrmüll,Moselweg,Kessenich,53129,2,9998,1,9999,2026-03-05,2026-06-22,2026-11-10
9646,Sperrmüll,Naheweg,Kessenich,53129,2,9998,1,9999,2026-03-05,2026-06-22,2026-11-10
9751,Sperrmüll,Nikolausstr.,Kessenich,53129,2,9998,1,9999,2026-03-02,2026-06-18,2026-11-06
10428,Sperrmüll,Pützstr.,Kessenich,53129,2,30,1,23,2026-03-02,2026-06-18,2026-11-06
10443,Sperrmüll,Pützstr.,Kessenich,53129,32,9998,25,9999,2026-03-04,2026-06-19,2026-11-09
10655,Sperrmüll,Renoisstr.,Kessenich,53129,2,9998,1,37,2026-03-02,2026-06-18,2026-11-06
44227,Sperrmüll,Renoisstr.,Kessenich,53129,,,39,65,2026-03-02,2026-06-18,2026-11-06
44242,Sperrmüll,Renoisstr.,Kessenich,53129,,,67,9999,2026-03-02,2026-06-18,2026-11-06
13770,Sperrmüll,Robert-Brach-Gasse,Kessenich,53129,2,9998,1,9999,2026-03-04,2026-06-19,2026-11-09
11340,Sperrmüll,Rosenburgweg,Kessenich,53115,2,9998,1,9999,2026-03-02,2026-06-18,2026-11-06
11415,Sperrmüll,Rurweg,Kessenich,53129,2,9998,1,9999,2026-03-05,2026-06-22,2026-11-10
11494,Sperrmüll,Saarweg,Kessenich,53129,2,9998,1,9999,2026-03-05,2026-06-22,2026-11-10
12833,Sperrmüll,Usenerstr.,Kessenich,53129,2,9998,1,9999,2026-03-04,2026-06-19,2026-11-09
13210,Sperrmüll,Weidengarten,Kessenich,53129,2,9998,1,9999,2026-03-02,2026-06-18,2026-11-06
13362,Sperrmüll,Wichernstr.,Kessenich,53129,2,9998,1,9999,2026-03-04,2026-06-19,2026-11-09
13604,Sperrmüll,Wolterstr.,Kessenich,53129,2,9998,1,9999,2026-03-04,2026-06-19,2026-11-09
24766,Sperrmüll,Am Alten Rheinarm,Küdinghoven,53227,2,9998,1,9999,2026-04-15,2026-07-17,2026-12-08
24781,Sperrmüll,Am Sonnenberg,Küdinghoven,53227,2,9998,1,9999,2026-04-15,2026-07-17,2026-12-08
24796,Sperrmüll,An der Siebengebirgsbahn,Küdinghoven,53227,2,9998,1,9999,2026-04-15,2026-07-17,2026-12-08
24316,Sperrmüll,Ankerbachtalweg,Küdinghoven,53227,2,9998,1,9999,2026-04-15,2026-07-17,2026-12-08
25201,Sperrmüll,Broichstr.,Küdinghoven,53227,2,16,1,19,2026-04-15,2026-07-17,2026-12-08
25221,Sperrmüll,Broichstr.,Küdinghoven,53227,18,72,21,59,2026-04-15,2026-07-17,2026-12-08
25236,Sperrmüll,Broichstr.,Küdinghoven,53227,74,9998,61,9999,2026-04-30,2026-09-25,2026-12-22
25251,Sperrmüll,Buchenweg,Küdinghoven,53227,2,9998,1,9999,2026-04-15,2026-07-17,2026-12-08
24931,Sperrmüll,Dornenkreuzstr.,Küdinghoven,53227,2,9998,1,9999,2026-04-15,2026-07-17,2026-12-08
24946,Sperrmüll,Dornenkreuzstr.,Küdinghoven,53227,,,,,2026-04-15,2026-07-17,2026-12-08
32396,Sperrmüll,Ennerthang,Küdinghoven,53227,2,9998,1,9999,2026-04-15,2026-07-17,2026-12-08
25846,Sperrmüll,Erlenweg,Küdinghoven,53227,2,9998,1,9999,2026-04-15,2026-07-17,2026-12-08
26026,Sperrmüll,Flutgraben,Küdinghoven,53227,2,9998,1,9999,2026-04-15,2026-07-17,2026-12-08
26041,Sperrmüll,Forstweg,Küdinghoven,53227,2,9998,1,9999,2026-04-15,2026-07-17,2026-12-08
26256,Sperrmüll,Gallusstr.,Küdinghoven,53227,2,10,1,13,2026-04-15,2026-07-17,2026-12-08
26271,Sperrmüll,Gallusstr.,Küdinghoven,53227,12,9998,15,9999,2026-04-14,2026-07-16,2026-12-02
26396,Sperrmüll,Gerichtsweg,Küdinghoven,53227,2,9998,1,9999,2026-04-14,2026-07-16,2026-12-02
26491,Sperrmüll,Grabengasse,Küdinghoven,53227,2,9998,1,9999,2026-04-15,2026-07-17,2026-12-08
30280,Sperrmüll,Haldenstr.,Küdinghoven,53227,2,9998,1,9999,2026-04-15,2026-07-17,2026-12-08
26596,Sperrmüll,Hangstr.,Küdinghoven,53227,2,42,1,45,2026-04-15,2026-07-17,2026-12-08
26616,Sperrmüll,Hangstr.,Küdinghoven,53227,44,9998,47,9999,2026-04-15,2026-07-17,2026-12-08
26711,Sperrmüll,Heinrich-Wolsing-Weg,Küdinghoven,53227,2,9998,1,9999,2026-04-15,2026-07-17,2026-12-08
23946,Sperrmüll,Im Gesetz,Küdinghoven,53227,2,9998,1,9999,2026-04-15,2026-07-17,2026-12-08
27111,Sperrmüll,Im Meisengrund,Küdinghoven,53227,2,9998,1,9999,2026-04-15,2026-07-17,2026-12-08
27231,Sperrmüll,In der Dahlbitze,Küdinghoven,53227,2,8,1,5,2026-04-15,2026-07-17,2026-12-08
27246,Sperrmüll,In der Dahlbitze,Küdinghoven,53227,10,9998,7,9999,2026-04-15,2026-07-17,2026-12-08
27711,Sperrmüll,Kirchstr.,Küdinghoven,53227,2,46,1,45,2026-04-15,2026-07-17,2026-12-08
44197,Sperrmüll,Kirchstr.,Küdinghoven,53227,48,9998,47,9999,2026-04-15,2026-07-17,2026-12-08
25066,Sperrmüll,Küdinghovener Str.,Küdinghoven,53227,2,18,1,17,2026-04-15,2026-07-17,2026-12-08
25081,Sperrmüll,Küdinghovener Str.,Küdinghoven,53227,64,90,57,91,2026-04-16,2026-08-31,2026-12-07
25096,Sperrmüll,Küdinghovener Str.,Küdinghoven,53227,20,62,19,55,2026-04-15,2026-07-17,2026-12-08
25111,Sperrmüll,Küdinghovener Str.,Küdinghoven,53227,112,9998,119,139,2026-04-16,2026-08-31,2026-12-07
25126,Sperrmüll,Küdinghovener Str.,Küdinghoven,53227,92,110,93,117,2026-04-16,2026-08-31,2026-12-07
25141,Sperrmüll,Küdinghovener Str.,Küdinghoven,53225,,,141,9999,2026-04-16,2026-08-31,2026-12-07
28844,Sperrmüll,Nesselroder Str.,Küdinghoven,53227,2,32,1,19,2026-04-15,2026-07-17,2026-12-08
44047,Sperrmüll,Nesselroder Str.,Küdinghoven,53227,34,9998,25,9999,2026-04-15,2026-07-17,2026-12-08
29280,Sperrmüll,Pützchensweg,Küdinghoven,53227,2,9998,1,9999,2026-04-15,2026-07-17,2026-12-08
29295,Sperrmüll,Pützchensweg,Küdinghoven,53227,,,,,2026-01-20,2026-06-19,2026-11-27
29885,Sperrmüll,Samansstr.,Küdinghoven,53227,2,9998,1,9999,2026-04-14,2026-07-16,2026-12-02
30356,Sperrmüll,Streffenweg,Küdinghoven,53227,2,9998,1,9999,2026-04-15,2026-07-17,2026-12-08
30416,Sperrmüll,Talweg,Küdinghoven,53227,2,46,1,45,2026-04-16,2026-08-31,2026-12-07
30431,Sperrmüll,Talweg,Küdinghoven,53227,48,76,47,61,2026-04-16,2026-08-31,2026-12-07
43455,Sperrmüll,Talweg,Küdinghoven,53227,78,9998,63,9999,2026-04-16,2026-08-31,2026-12-07
30656,Sperrmüll,Wehrhausweg,Küdinghoven,53227,2,14,1,9,2026-04-15,2026-07-17,2026-12-08
30671,Sperrmüll,Wehrhausweg,Küdinghoven,53227,16,9998,11,9999,2026-04-15,2026-07-17,2026-12-08
43972,Sperrmüll,Wehrhausweg,Küdinghoven,53227,,,,,2026-01-20,2026-06-19,2026-11-27
14405,Sperrmüll,Am Dinaswerk,Lannesdorf,53179,2,9998,1,9999,2026-03-16,2026-07-02,2026-11-19
17835,Sperrmüll,Am Lindenbach,Lannesdorf,53179,2,9998,1,9999,2026-03-17,2026-07-03,2026-11-23
16415,Sperrmüll,Am Noßbacher Weg,Lannesdorf,53179,2,9998,1,9999,2026-03-17,2026-07-03,2026-11-23
14300,Sperrmüll,Am Winkel,Lannesdorf,53179,2,9998,1,9999,2026-03-17,2026-07-03,2026-11-23
23466,Sperrmüll,Am Ziegenbaum,Lannesdorf,53179,2,9998,1,9999,2026-03-17,2026-07-03,2026-11-23
14330,Sperrmüll,An der Nesselburg,Lannesdorf,53179,2,56,1,53,2026-03-17,2026-07-03,2026-11-23
14345,Sperrmüll,An der Nesselburg,Lannesdorf,53179,58,9998,55,9999,2026-03-19,2026-07-06,2026-11-24
14525,Sperrmüll,Antoniterstr.,Lannesdorf,53179,2,9998,1,9999,2026-03-17,2026-07-03,2026-11-23
14970,Sperrmüll,Birzentalstr.,Lannesdorf,53177,2,9998,1,9999,2026-03-18,2026-07-01,2026-11-20
23496,Sperrmüll,Brunnenplatz,Lannesdorf,53179,2,9998,1,9999,2026-03-18,2026-07-01,2026-11-20
15305,Sperrmüll,Cäcilienheidchensweg,Lannesdorf,53179,2,9998,1,9999,2026-03-17,2026-07-03,2026-11-23
15515,Sperrmüll,Deutschherrenstr.,Lannesdorf,53177,2,84,1,73,2026-03-12,2026-06-29,2026-11-17
15530,Sperrmüll,Deutschherrenstr.,Lannesdorf,53179,122,9998,115,9999,2026-03-12,2026-06-29,2026-11-17
15545,Sperrmüll,Deutschherrenstr.,Lannesdorf,53177,110,120,101,113,2026-03-12,2026-06-29,2026-11-17
15560,Sperrmüll,Deutschherrenstr.,Lannesdorf,53177,86,108,75,99,2026-03-12,2026-06-29,2026-11-17
43319,Sperrmüll,Deutschherrenstr.,Lannesdorf,53177,,,,,2026-03-12,2026-06-29,2026-11-17
43927,Sperrmüll,Deutschherrenstr.,Lannesdorf,53177,,,,,2026-03-12,2026-06-29,2026-11-17
18474,Sperrmüll,Drachenburgstr.,Lannesdorf,53179,2,9998,1,9999,2026-03-16,2026-07-02,2026-11-19
43349,Sperrmüll,Drachenburgstr.,Lannesdorf,53179,,,,,2026-03-16,2026-07-02,2026-11-19
15805,Sperrmüll,Ellesdorfer Str.,Lannesdorf,53179,2,42,1,37,2026-03-17,2026-07-03,2026-11-23
15825,Sperrmüll,Ellesdorfer Str.,Lannesdorf,53179,44,9998,39,9999,2026-03-17,2026-07-03,2026-11-23
17405,Sperrmüll,Fliederstr.,Lannesdorf,53179,2,9998,1,9999,2026-03-17,2026-07-03,2026-11-23
16065,Sperrmüll,Floßweg,Lannesdorf,53179,2,38,1,39,2026-03-17,2026-07-03,2026-11-23
16080,Sperrmüll,Floßweg,Lannesdorf,53179,40,9998,41,9999,2026-03-17,2026-07-03,2026-11-23
16100,Sperrmüll,Fourthweg,Lannesdorf,53179,2,9998,1,9999,2026-03-17,2026-07-03,2026-11-23
16385,Sperrmüll,Galileistr.,Lannesdorf,53177,2,100,1,31,2026-03-16,2026-07-02,2026-11-19
16400,Sperrmüll,Galileistr.,Lannesdorf,53177,102,9998,33,9999,2026-03-16,2026-07-02,2026-11-19
16705,Sperrmüll,Gräfgeshülle,Lannesdorf,53179,2,9998,1,9999,2026-03-18,2026-07-01,2026-11-20
16750,Sperrmüll,Grubenstr.,Lannesdorf,53179,2,74,1,71,2026-03-17,2026-07-03,2026-11-23
16765,Sperrmüll,Grubenstr.,Lannesdorf,53179,76,9998,73,9999,2026-03-17,2026-07-03,2026-11-23
17105,Sperrmüll,Hermann-Löns-Str.,Lannesdorf,53177,2,9998,1,9999,2026-03-18,2026-07-01,2026-11-20
17315,Sperrmüll,Honnefer Str.,Lannesdorf,53179,2,9998,1,9999,2026-03-17,2026-07-03,2026-11-23
17390,Sperrmüll,Hoverstr.,Lannesdorf,53179,2,9998,1,9999,2026-03-17,2026-07-03,2026-11-23
17515,Sperrmüll,Im Gries,Lannesdorf,53179,2,46,1,51,2026-03-17,2026-07-03,2026-11-23
17535,Sperrmüll,Im Gries,Lannesdorf,53179,48,9998,53,9999,2026-03-17,2026-07-03,2026-11-23
17715,Sperrmüll,Im Wiesfeld,Lannesdorf,53179,2,9998,1,9999,2026-03-16,2026-07-02,2026-11-19
23511,Sperrmüll,In den Schleiden,Lannesdorf,53179,2,9998,1,9999,2026-03-17,2026-07-03,2026-11-23
17775,Sperrmüll,Ittenbacher Str.,Lannesdorf,53179,2,9998,1,9999,2026-03-16,2026-07-02,2026-11-19
17850,Sperrmüll,Jenienhülle,Lannesdorf,53177,2,9998,1,9999,2026-03-18,2026-07-01,2026-11-20
18080,Sperrmüll,Keplerstr.,Lannesdorf,53177,2,9998,1,9999,2026-03-18,2026-07-01,2026-11-20
18125,Sperrmüll,Kirchberg,Lannesdorf,53179,2,30,1,59,2026-03-18,2026-07-01,2026-11-20
43689,Sperrmüll,Kirchberg,Lannesdorf,53179,32,9998,61,9999,2026-03-18,2026-07-01,2026-11-20
23041,Sperrmüll,Kortrijker Str.,Lannesdorf,53177,2,9998,1,9999,2026-03-16,2026-07-02,2026-11-19
18599,Sperrmüll,Kottenstr.,Lannesdorf,53179,2,9998,1,9999,2026-03-17,2026-07-03,2026-11-23
18889,Sperrmüll,Lannesdorfer Str.,Lannesdorf,53179,2,9998,1,9999,2026-03-17,2026-07-03,2026-11-23
18949,Sperrmüll,Ließemer Str.,Lannesdorf,53179,2,9998,1,9999,2026-03-17,2026-07-03,2026-11-23
18994,Sperrmüll,Lindstr.,Lannesdorf,53177,2,9998,1,9999,2026-03-18,2026-07-01,2026-11-20
19116,Sperrmüll,Lyngsbergstr.,Lannesdorf,53177,2,60,1,65,2026-03-18,2026-07-01,2026-11-20
19131,Sperrmüll,Lyngsbergstr.,Lannesdorf,53177,62,9998,67,9999,2026-03-18,2026-07-01,2026-11-20
23011,Sperrmüll,Mallwitzstr.,Lannesdorf,53177,2,22,1,11,2026-03-16,2026-07-02,2026-11-19
23026,Sperrmüll,Mallwitzstr.,Lannesdorf,53177,24,9998,13,9999,2026-03-16,2026-07-02,2026-11-19
19431,Sperrmüll,Max-Planck-Str.,Lannesdorf,53177,2,16,1,19,2026-03-16,2026-07-02,2026-11-19
19446,Sperrmüll,Max-Planck-Str.,Lannesdorf,53177,18,9998,21,9999,2026-03-16,2026-07-02,2026-11-19
19551,Sperrmüll,Mehlemer Str.,Lannesdorf,53179,2,9998,1,9999,2026-03-17,2026-07-03,2026-11-23
23631,Sperrmüll,Meitnerstr.,Lannesdorf,53177,2,9998,1,9999,2026-03-16,2026-07-02,2026-11-19
23616,Sperrmüll,Merianstr.,Lannesdorf,53177,2,9998,1,9999,2026-03-16,2026-07-02,2026-11-19
19816,Sperrmüll,Neuer Weg,Lannesdorf,53179,2,9998,1,9999,2026-03-17,2026-07-03,2026-11-23
19996,Sperrmüll,Oberstr.,Lannesdorf,53179,2,9998,1,9999,2026-03-17,2026-07-03,2026-11-23
20091,Sperrmüll,Paracelsusstr.,Lannesdorf,53177,2,9998,1,9999,2026-03-18,2026-07-01,2026-11-20
20136,Sperrmüll,Pennefeldsweg,Lannesdorf,53177,2,9998,1,9999,2026-03-16,2026-07-02,2026-11-19
20381,Sperrmüll,Pützfelder Weg,Lannesdorf,53177,2,9998,1,9999,2026-03-18,2026-07-01,2026-11-20
20586,Sperrmüll,Rhodosstr.,Lannesdorf,53177,2,9998,1,9999,2026-03-16,2026-07-02,2026-11-19
20601,Sperrmüll,Rhöndorfer Str.,Lannesdorf,53179,2,9998,1,9999,2026-03-16,2026-07-02,2026-11-19
23481,Sperrmüll,Rotweingarten,Lannesdorf,53179,2,9998,1,9999,2026-03-17,2026-07-03,2026-11-23
18814,Sperrmüll,Scheerenbergweg,Lannesdorf,53179,2,9998,1,9999,2026-03-17,2026-07-03,2026-11-23
21101,Sperrmüll,Schenkpfädchen,Lannesdorf,53179,2,9998,1,9999,2026-03-18,2026-07-01,2026-11-20
21475,Sperrmüll,Sommerbergweg,Lannesdorf,53179,2,30,1,31,2026-03-13,2026-06-30,2026-11-16
21490,Sperrmüll,Sommerbergweg,Lannesdorf,53179,32,9998,33,9999,2026-03-17,2026-07-03,2026-11-23
21580,Sperrmüll,Splickgasse,Lannesdorf,53179,2,9998,1,9999,2026-03-18,2026-07-01,2026-11-20
22345,Sperrmüll,Vogelskaulerweg,Lannesdorf,53179,2,9998,1,9999,2026-03-17,2026-07-03,2026-11-23
40604,Sperrmüll,Am Ehrenmal,Lengsdorf,53127,2,9998,1,9999,2026-02-24,2026-06-11,2026-10-16
40094,Sperrmüll,Am Fahrweg,Lengsdorf,53123,2,9998,1,9999,2026-02-23,2026-06-10,2026-10-15
40904,Sperrmüll,Am Käferberg,Lengsdorf,53127,2,9998,1,9999,2026-02-24,2026-06-11,2026-10-16
40889,Sperrmüll,Am Prinzenrain,Lengsdorf,53127,2,9998,1,9999,2026-02-24,2026-06-11,2026-10-16
40244,Sperrmüll,An der Ohligsmühle,Lengsdorf,53127,2,16,1,11,2026-02-24,2026-06-11,2026-10-16
40259,Sperrmüll,An der Ohligsmühle,Lengsdorf,53127,18,9998,13,9999,2026-02-24,2026-06-11,2026-10-16
40064,Sperrmüll,An der Ziegelei,Lengsdorf,53127,2,9998,1,9999,2026-02-24,2026-06-11,2026-10-16
40109,Sperrmüll,Auf dem Freibogen,Lengsdorf,53127,2,9998,1,9999,2026-02-24,2026-06-11,2026-10-16
34431,Sperrmüll,Auf dem Kirchbüchel,Lengsdorf,53127,2,9998,1,9999,2026-02-24,2026-06-11,2026-10-16
40124,Sperrmüll,Auf dem Schellenberg,Lengsdorf,53127,2,9998,1,9999,2026-02-24,2026-06-11,2026-10-16
40079,Sperrmüll,Auf dem Uhlberg,Lengsdorf,53127,2,9998,1,9999,2026-02-24,2026-06-11,2026-10-16
40139,Sperrmüll,Auf der Kaiserfuhr,Lengsdorf,53127,2,9998,1,9999,2026-02-24,2026-06-11,2026-10-16
40214,Sperrmüll,Brückenstr.,Lengsdorf,53127,2,9998,1,9999,2026-02-24,2026-06-11,2026-10-16
40394,Sperrmüll,Clematisweg,Lengsdorf,53127,2,9998,1,9999,2026-02-24,2026-06-11,2026-10-16
40274,Sperrmüll,Enggasse,Lengsdorf,53127,2,9998,1,9999,2026-02-24,2026-06-11,2026-10-16
40289,Sperrmüll,Frechengasse,Lengsdorf,53127,2,9998,1,9999,2026-02-24,2026-06-11,2026-10-16
40304,Sperrmüll,Glockenstr.,Lengsdorf,53123,2,9998,1,9999,2026-02-23,2026-06-10,2026-10-15
40334,Sperrmüll,Hardtbergstr.,Lengsdorf,53127,2,9998,1,9999,2026-02-24,2026-06-11,2026-10-16
40319,Sperrmüll,Hubert-Maurer-Str.,Lengsdorf,53127,2,9998,1,9999,2026-02-24,2026-06-11,2026-10-16
40184,Sperrmüll,Im Bendenberg,Lengsdorf,53127,2,9998,1,9999,2026-02-24,2026-06-11,2026-10-16
40754,Sperrmüll,Im Brandengarten,Lengsdorf,53127,2,9998,1,9999,2026-02-24,2026-06-11,2026-10-16
40409,Sperrmüll,Im Ellig,Lengsdorf,53127,2,9998,1,9999,2026-02-24,2026-06-11,2026-10-16
40424,Sperrmüll,Im Feldpütz,Lengsdorf,53123,2,9998,1,9999,2026-02-23,2026-06-10,2026-10-15
40454,Sperrmüll,Im Hellengarten,Lengsdorf,53127,2,9998,1,9999,2026-02-24,2026-06-11,2026-10-16
40469,Sperrmüll,Im Hohnderfeld,Lengsdorf,53127,2,9998,1,9999,2026-02-24,2026-06-11,2026-10-16
40154,Sperrmüll,Im Mühlenbach,Lengsdorf,53127,2,28,1,31,2026-02-24,2026-06-11,2026-10-16
40169,Sperrmüll,Im Mühlenbach,Lengsdorf,53127,30,9998,33,9999,2026-02-24,2026-06-11,2026-10-16
40484,Sperrmüll,Im Pesch,Lengsdorf,53127,2,9998,1,9999,2026-02-24,2026-06-11,2026-10-16
40919,Sperrmüll,Im Rebgarten,Lengsdorf,53127,2,9998,1,9999,2026-02-24,2026-06-11,2026-10-16
40499,Sperrmüll,Im Ringelsacker,Lengsdorf,53123,2,9998,1,9999,2026-02-23,2026-06-10,2026-10-15
40514,Sperrmüll,Im Weiler,Lengsdorf,53123,2,9998,1,9999,2026-02-23,2026-06-10,2026-10-15
41289,Sperrmüll,In den Weingärten,Lengsdorf,53127,2,9998,1,9999,2026-02-24,2026-06-11,2026-10-16
40529,Sperrmüll,In der Aue,Lengsdorf,53127,2,9998,1,9999,2026-02-24,2026-06-11,2026-10-16
41254,Sperrmüll,In der Grächt,Lengsdorf,53127,2,9998,1,9999,2026-02-24,2026-06-11,2026-10-16
40544,Sperrmüll,In der Roten Kanne,Lengsdorf,53127,2,9998,1,9999,2026-02-24,2026-06-11,2026-10-16
40574,Sperrmüll,Ippendorfer Weg,Lengsdorf,53127,2,9998,1,9999,2026-02-24,2026-06-11,2026-10-16
40589,Sperrmüll,Ippendorfer Weg,Lengsdorf,53127,,,,,2026-02-26,2026-06-15,2026-11-03
41304,Sperrmüll,Kelterweg,Lengsdorf,53127,2,9998,1,9999,2026-02-24,2026-06-11,2026-10-16
40664,Sperrmüll,Kreuzbergstr.,Lengsdorf,53127,2,998,1,997,2026-02-24,2026-06-11,2026-10-16
40679,Sperrmüll,Kreuzbergstr.,Lengsdorf,53127,1000,9998,999,9999,2026-02-24,2026-06-11,2026-10-16
40364,Sperrmüll,Lengsdorfer Hauptstr.,Lengsdorf,53127,2,9998,1,9999,2026-02-24,2026-06-11,2026-10-16
40559,Sperrmüll,Lingsgasse,Lengsdorf,53127,2,9998,1,9999,2026-02-24,2026-06-11,2026-10-16
40844,Sperrmüll,Nikolaus-Groß-Str.,Lengsdorf,53127,2,9998,1,9999,2026-02-24,2026-06-11,2026-10-16
40634,Sperrmüll,Otto-Müller-Str.,Lengsdorf,53127,2,9998,1,9999,2026-02-24,2026-06-11,2026-10-16
40709,Sperrmüll,Provinzialstr.,Lengsdorf,53127,2,38,1,49,2026-02-24,2026-06-11,2026-10-16
40724,Sperrmüll,Provinzialstr.,Lengsdorf,53127,40,100,51,91,2026-02-24,2026-06-11,2026-10-16
40739,Sperrmüll,Provinzialstr.,Lengsdorf,53127,102,9998,93,9999,2026-02-24,2026-06-11,2026-10-16
41319,Sperrmüll,Rheinbleichardweg,Lengsdorf,53127,2,9998,1,9999,2026-02-24,2026-06-11,2026-10-16
43560,Sperrmüll,Rita-Maiburg-Str.,Lengsdorf,53127,2,9998,1,9999,2026-02-24,2026-06-11,2026-10-16
43409,Sperrmüll,Rita-Maiburg-Straße,Lengsdorf,53127,50,50,,,2026-02-24,2026-06-11,2026-10-16
40784,Sperrmüll,Schallengasse,Lengsdorf,53127,2,9998,1,9999,2026-02-24,2026-06-11,2026-10-16
40814,Sperrmüll,Schulstr.,Lengsdorf,53127,2,9998,1,9999,2026-02-24,2026-06-11,2026-10-16
40649,Sperrmüll,Uhlgasse,Lengsdorf,53127,2,9998,1,9999,2026-02-24,2026-06-11,2026-10-16
40619,Sperrmüll,Zur Marterkapelle,Lengsdorf,53127,2,9998,1,9999,2026-02-24,2026-06-11,2026-10-16
41364,Sperrmüll,Am Bach,Lessenich,53123,2,9998,1,9999,2026-02-10,2026-06-01,2026-10-09
41939,Sperrmüll,Am Stadtkanal,Lessenich,53121,2,9998,1,9999,2026-02-10,2026-06-01,2026-10-09
41334,Sperrmüll,Am Tönnessenkreuz,Lessenich,53123,2,9998,1,9999,2026-02-10,2026-06-01,2026-10-09
41564,Sperrmüll,An der Knappenmühle,Lessenich,53123,2,9998,1,9999,2026-02-10,2026-06-01,2026-10-09
41469,Sperrmüll,Bonner Logsweg,Lessenich,53123,2,9998,1,9999,2026-02-10,2026-06-01,2026-10-09
41714,Sperrmüll,Bonner Weg,Lessenich,53123,2,9998,1,9999,2026-02-10,2026-06-01,2026-10-09
42881,Sperrmüll,Brigitte-Schröder-Str.,Lessenich,53123,2,9998,1,9999,2026-02-11,2026-06-02,2026-10-08
41729,Sperrmüll,Burgweg,Lessenich,53123,2,40,1,39,2026-02-10,2026-06-01,2026-10-09
41744,Sperrmüll,Burgweg,Lessenich,53123,42,9998,41,9999,2026-02-10,2026-06-01,2026-10-09
41534,Sperrmüll,Dompfaffenweg,Lessenich,53123,2,9998,1,9999,2026-02-10,2026-06-01,2026-10-09
41409,Sperrmüll,Ermlandstr.,Lessenich,53123,2,9998,1,9999,2026-02-10,2026-06-01,2026-10-09
41624,Sperrmüll,Forellstr.,Lessenich,53123,2,9998,1,9999,2026-02-10,2026-06-01,2026-10-09
41759,Sperrmüll,Gielsdorfer Str.,Lessenich,53123,2,22,1,49,2026-02-10,2026-06-01,2026-10-09
41774,Sperrmüll,Gielsdorfer Str.,Lessenich,53123,24,9998,51,9999,2026-02-10,2026-06-01,2026-10-09
41454,Sperrmüll,Hans-Welzel-Str.,Lessenich,53123,2,9998,1,9999,2026-02-10,2026-06-01,2026-10-09
41349,Sperrmüll,Hubert-Jedin-Str.,Lessenich,53123,2,9998,1,9999,2026-02-11,2026-06-02,2026-10-08
41654,Sperrmüll,Im Brocken,Lessenich,53123,2,9998,1,9999,2026-02-10,2026-06-01,2026-10-09
41669,Sperrmüll,Johann-Bieser-Str.,Lessenich,53123,2,9998,1,9999,2026-02-10,2026-06-01,2026-10-09
41489,Sperrmüll,Karl-Wiltberger-Str.,Lessenich,53123,2,9998,1,9999,2026-02-11,2026-06-02,2026-10-08
41594,Sperrmüll,Koernickestr.,Lessenich,53123,2,9998,1,9999,2026-02-10,2026-06-01,2026-10-09
41579,Sperrmüll,Krausgäßchen,Lessenich,53123,2,9998,1,9999,2026-02-10,2026-06-01,2026-10-09
41504,Sperrmüll,Laurentiusstr.,Lessenich,53123,2,9998,1,9999,2026-02-10,2026-06-01,2026-10-09
41789,Sperrmüll,Lessenicher Kirchpädchen,Lessenich,53123,2,9998,1,9999,2026-02-10,2026-06-01,2026-10-09
41439,Sperrmüll,Malgisostr.,Lessenich,53123,2,9998,1,9999,2026-02-10,2026-06-01,2026-10-09
41879,Sperrmüll,Martin-Legros-Str.,Lessenich,53123,2,96,1,81,2026-02-10,2026-06-01,2026-10-09
41894,Sperrmüll,Martin-Legros-Str.,Lessenich,53123,98,9998,83,9999,2026-02-10,2026-06-01,2026-10-09
41519,Sperrmüll,Oedekovener Str.,Lessenich,53123,2,9998,1,9999,2026-02-10,2026-06-01,2026-10-09
41424,Sperrmüll,Roncallistr.,Lessenich,53123,2,9998,1,9999,2026-02-10,2026-06-01,2026-10-09
41549,Sperrmüll,Weidenpeschweg,Lessenich,53123,2,9998,1,9999,2026-02-10,2026-06-01,2026-10-09
41609,Sperrmüll,Wilhelm-Neuss-Str.,Lessenich,53123,2,9998,1,9999,2026-02-10,2026-06-01,2026-10-09
23991,Sperrmüll,Am Brünnchen,Limperich,53227,2,9998,1,9999,2026-04-16,2026-08-31,2026-12-07
24036,Sperrmüll,Am Finkenberg,Limperich,53227,2,9998,1,9999,2026-04-15,2026-07-17,2026-12-08
24176,Sperrmüll,Am Müllestump,Limperich,53227,2,9998,1,9999,2026-04-16,2026-08-31,2026-12-07
24301,Sperrmüll,An der Linde,Limperich,53227,2,9998,1,9999,2026-04-16,2026-08-31,2026-12-07
25281,Sperrmüll,Burggrafenstr.,Limperich,53227,2,9998,1,9999,2026-04-16,2026-08-31,2026-12-07
25581,Sperrmüll,Dietrich-Bonhoeffer-Str.,Limperich,53227,2,8,1,19,2026-04-16,2026-08-31,2026-12-07
25596,Sperrmüll,Dietrich-Bonhoeffer-Str.,Limperich,53227,10,9998,21,9999,2026-04-16,2026-08-31,2026-12-07
25626,Sperrmüll,Drachenfelsweg,Limperich,53227,2,26,1,27,2026-04-16,2026-08-31,2026-12-07
25641,Sperrmüll,Drachenfelsweg,Limperich,53227,28,9998,29,9999,2026-04-16,2026-08-31,2026-12-07
25731,Sperrmüll,Eichendorffstr.,Limperich,53227,2,9998,1,9999,2026-04-16,2026-08-31,2026-12-07
25966,Sperrmüll,Finkenbergstr.,Limperich,53227,2,20,1,21,2026-04-16,2026-08-31,2026-12-07
25981,Sperrmüll,Finkenbergstr.,Limperich,53227,22,9998,23,9999,2026-04-16,2026-08-31,2026-12-07
26816,Sperrmüll,Himmerichweg,Limperich,53227,2,9998,1,9999,2026-04-16,2026-08-31,2026-12-07
27096,Sperrmüll,Im Johdorf,Limperich,53227,2,9998,1,9999,2026-04-16,2026-08-31,2026-12-07
28100,Sperrmüll,Kreuzherrenstr.,Limperich,53227,2,28,1,29,2026-04-16,2026-08-31,2026-12-07
28120,Sperrmüll,Kreuzherrenstr.,Limperich,53227,30,76,31,75,2026-04-16,2026-08-31,2026-12-07
28135,Sperrmüll,Kreuzherrenstr.,Limperich,53227,78,9998,77,9999,2026-04-16,2026-08-31,2026-12-07
28165,Sperrmüll,Landgrabenweg,Limperich,53227,2,18,1,17,2026-04-16,2026-08-31,2026-12-07
28185,Sperrmüll,Landgrabenweg,Limperich,53227,20,9998,19,9999,2026-04-16,2026-08-31,2026-12-07
28310,Sperrmüll,Lohrbergweg,Limperich,53227,2,9998,1,9999,2026-04-16,2026-08-31,2026-12-07
28490,Sperrmüll,Mehlbergweg,Limperich,53227,2,9998,1,9999,2026-04-15,2026-07-17,2026-12-08
29049,Sperrmüll,Ölbergweg,Limperich,53227,2,9998,1,9999,2026-04-16,2026-08-31,2026-12-07
29124,Sperrmüll,Petersbergweg,Limperich,53227,2,9998,1,9999,2026-04-16,2026-08-31,2026-12-07
29325,Sperrmüll,Pützweg,Limperich,53227,2,9998,1,9999,2026-04-16,2026-08-31,2026-12-07
29460,Sperrmüll,Rhenusallee,Limperich,53227,2,32,1,25,2026-04-16,2026-08-31,2026-12-07
29475,Sperrmüll,Rhenusallee,Limperich,53227,34,40,27,37,2026-04-16,2026-08-31,2026-12-07
29490,Sperrmüll,Rhenusallee,Limperich,53227,42,9998,39,9999,2026-04-16,2026-08-31,2026-12-07
27156,Sperrmüll,Steinbruchweg,Limperich,53227,2,9998,1,9999,2026-04-30,2026-09-25,2026-12-22
30701,Sperrmüll,Weinbergweg,Limperich,53227,2,9998,1,9999,2026-04-15,2026-07-17,2026-12-08
30826,Sperrmüll,Wolkenburgweg,Limperich,53227,2,9998,1,9999,2026-04-16,2026-08-31,2026-12-07
13845,Sperrmüll,Ackerstr.,Mehlem,53179,2,9998,1,9999,2026-03-20,2026-07-07,2026-11-25
23061,Sperrmüll,Alberichstr.,Mehlem,53179,2,9998,1,9999,2026-03-19,2026-07-06,2026-11-24
13995,Sperrmüll,Am Botten,Mehlem,53179,2,18,1,19,2026-03-19,2026-07-06,2026-11-24
14010,Sperrmüll,Am Botten,Mehlem,53179,20,9998,21,9999,2026-02-24,2026-07-10,2026-12-16
14115,Sperrmüll,Am Glückshaus,Mehlem,53179,2,9998,1,9999,2026-03-20,2026-07-07,2026-11-25
21735,Sperrmüll,Am Nippenkreuz,Mehlem,53179,2,9998,1,9999,2026-03-23,2026-07-08,2026-11-26
14190,Sperrmüll,Am Rosenrain,Mehlem,53179,2,9998,1,9999,2026-03-19,2026-07-06,2026-11-24
14240,Sperrmüll,Amselhang,Mehlem,53179,2,9998,1,9999,2026-03-19,2026-07-06,2026-11-24
23661,Sperrmüll,Auf dem Domhof,Mehlem,53179,2,9998,1,9999,2026-02-24,2026-07-10,2026-12-16
14620,Sperrmüll,Auf dem Oelsfeld,Mehlem,53179,2,9998,1,9999,2026-03-17,2026-07-03,2026-11-23
14725,Sperrmüll,Austr.,Mehlem,53179,2,9998,1,9999,2026-03-20,2026-07-07,2026-11-25
14755,Sperrmüll,Bachemer Str.,Mehlem,53179,2,9998,1,9999,2026-03-19,2026-07-06,2026-11-24
15045,Sperrmüll,Bodenstaffstr.,Mehlem,53179,2,9998,1,9999,2026-03-20,2026-07-07,2026-11-25
15150,Sperrmüll,Brunhildstr.,Mehlem,53179,2,9998,1,9999,2026-03-20,2026-07-07,2026-11-25
23121,Sperrmüll,Dankwardstr.,Mehlem,53179,2,9998,1,9999,2026-03-19,2026-07-06,2026-11-24
23601,Sperrmüll,De-Brezé-Str.,Mehlem,53179,2,9998,1,9999,2026-03-20,2026-07-07,2026-11-25
15680,Sperrmüll,Dietrich-Glauner-Str.,Mehlem,53179,2,9998,1,9999,2026-03-20,2026-07-07,2026-11-25
15605,Sperrmüll,Domhofstr.,Mehlem,53179,2,9998,1,9999,2026-03-19,2026-07-06,2026-11-24
15665,Sperrmüll,Dreholzstr.,Mehlem,53179,2,9998,1,9999,2026-03-20,2026-07-07,2026-11-25
15885,Sperrmüll,Elsternweg,Mehlem,53179,2,9998,1,9999,2026-03-19,2026-07-06,2026-11-24
23076,Sperrmüll,Etzelstr.,Mehlem,53179,2,9998,1,9999,2026-03-19,2026-07-06,2026-11-24
15990,Sperrmüll,Fährstr.,Mehlem,53179,14,9998,9,9999,2026-03-20,2026-07-07,2026-11-25
43764,Sperrmüll,Fährstr.,Mehlem,53179,2,12,1,7,2026-03-20,2026-07-07,2026-11-25
23811,Sperrmüll,Friedrich-Bleek-Str.,Mehlem,53179,2,9998,1,9999,2026-03-17,2026-07-03,2026-11-23
16340,Sperrmüll,Fröbelstr.,Mehlem,53179,2,9998,1,9999,2026-03-20,2026-07-07,2026-11-25
16475,Sperrmüll,Gernotstr.,Mehlem,53179,2,9998,1,9999,2026-03-20,2026-07-07,2026-11-25
16505,Sperrmüll,Giselherstr.,Mehlem,53179,2,9998,1,11,2026-03-19,2026-07-06,2026-11-24
43704,Sperrmüll,Giselherstr.,Mehlem,53179,,,13,15,2026-03-19,2026-07-06,2026-11-24
43719,Sperrmüll,Giselherstr.,Mehlem,53179,,,17,9999,2026-03-19,2026-07-06,2026-11-24
16565,Sperrmüll,Görresstr.,Mehlem,53179,2,9998,1,9999,2026-03-19,2026-07-06,2026-11-24
16795,Sperrmüll,Gunterstr.,Mehlem,53179,2,9998,1,9999,2026-03-19,2026-07-06,2026-11-24
16855,Sperrmüll,Hagenstr.,Mehlem,53179,2,4,1,3,2026-03-19,2026-07-06,2026-11-24
16870,Sperrmüll,Hagenstr.,Mehlem,53179,6,9998,5,9999,2026-03-19,2026-07-06,2026-11-24
17075,Sperrmüll,Heinrichstr.,Mehlem,53179,2,9998,1,9999,2026-03-19,2026-07-06,2026-11-24
23091,Sperrmüll,Hildebrandstr.,Mehlem,53179,2,9998,1,9999,2026-03-19,2026-07-06,2026-11-24
17435,Sperrmüll,Im Bachfeld,Mehlem,53179,2,9998,1,9999,2026-03-17,2026-07-03,2026-11-23
17495,Sperrmüll,Im Frankenkeller,Mehlem,53179,2,9998,1,9999,2026-03-19,2026-07-06,2026-11-24
17550,Sperrmüll,Im Hag,Mehlem,53179,2,9998,1,9999,2026-03-19,2026-07-06,2026-11-24
17655,Sperrmüll,Im Rosenberg,Mehlem,53179,2,9998,1,9999,2026-03-19,2026-07-06,2026-11-24
17670,Sperrmüll,Im Vogelsang,Mehlem,53179,2,9998,1,9999,2026-03-19,2026-07-06,2026-11-24
23346,Sperrmüll,John-J.-McCloy-Ufer,Mehlem,53179,2,9998,1,9999,2026-03-24,2026-07-09,2026-11-27
18539,Sperrmüll,Kollgasse,Mehlem,53179,2,9998,1,9999,2026-03-20,2026-07-07,2026-11-25
18614,Sperrmüll,Kraterstr.,Mehlem,53179,2,9998,1,9999,2026-03-19,2026-07-06,2026-11-24
18644,Sperrmüll,Kriemhildstr.,Mehlem,53179,2,9998,1,9999,2026-03-20,2026-07-07,2026-11-25
18719,Sperrmüll,Kunigundenstr.,Mehlem,53179,2,9998,1,9999,2026-02-24,2026-07-10,2026-12-16
18829,Sperrmüll,Langenbergsweg,Mehlem,53179,2,36,1,49,2026-03-17,2026-07-03,2026-11-23
18844,Sperrmüll,Langenbergsweg,Mehlem,53179,38,9998,51,9999,2026-03-17,2026-07-03,2026-11-23
17060,Sperrmüll,Levyweg,Mehlem,53179,2,9998,1,9999,2026-03-19,2026-07-06,2026-11-24
19161,Sperrmüll,Mainzer Str.,Mehlem,53179,2,58,1,53,2026-03-20,2026-07-07,2026-11-25
19176,Sperrmüll,Mainzer Str.,Mehlem,53179,180,244,187,235,2026-03-20,2026-07-07,2026-11-25
19191,Sperrmüll,Mainzer Str.,Mehlem,53179,60,178,55,185,2026-03-20,2026-07-07,2026-11-25
19206,Sperrmüll,Mainzer Str.,Mehlem,53179,246,9998,237,9999,2026-03-19,2026-07-06,2026-11-24
19461,Sperrmüll,Meckenheimer Str.,Mehlem,53179,2,16,1,13,2026-03-20,2026-07-07,2026-11-25
19476,Sperrmüll,Meckenheimer Str.,Mehlem,53179,18,58,15,65,2026-03-19,2026-07-06,2026-11-24
19491,Sperrmüll,Meckenheimer Str.,Mehlem,53179,60,88,67,85,2026-03-19,2026-07-06,2026-11-24
19506,Sperrmüll,Meckenheimer Str.,Mehlem,53179,90,9998,87,9999,2026-03-19,2026-07-06,2026-11-24
23526,Sperrmüll,Mehlemer Dorfplatz,Mehlem,53179,2,9998,1,9999,2026-03-20,2026-07-07,2026-11-25
19726,Sperrmüll,Mühlenpfad,Mehlem,53179,2,9998,1,9999,2026-02-24,2026-07-10,2026-12-16
19831,Sperrmüll,Nibelungenstr.,Mehlem,53179,2,9998,1,9999,2026-03-20,2026-07-07,2026-11-25
19906,Sperrmüll,Oberaustr.,Mehlem,53179,2,36,1,33,2026-03-19,2026-07-06,2026-11-24
19921,Sperrmüll,Oberaustr.,Mehlem,53179,,,107,119,2026-03-19,2026-07-06,2026-11-24
19936,Sperrmüll,Oberaustr.,Mehlem,53179,96,9998,121,9999,2026-03-19,2026-07-06,2026-11-24
19951,Sperrmüll,Oberaustr.,Mehlem,53179,,,,,2026-03-19,2026-07-06,2026-11-24
19966,Sperrmüll,Oberaustr.,Mehlem,53179,38,64,35,63,2026-03-19,2026-07-06,2026-11-24
19981,Sperrmüll,Oberaustr.,Mehlem,53179,66,94,65,105,2026-03-19,2026-07-06,2026-11-24
23106,Sperrmüll,Ortwinstr.,Mehlem,53179,2,9998,1,9999,2026-03-19,2026-07-06,2026-11-24
20106,Sperrmüll,Parkweg,Mehlem,53179,2,9998,1,9999,2026-03-20,2026-07-07,2026-11-25
15725,Sperrmüll,Pirolweg,Mehlem,53179,2,9998,1,9999,2026-03-19,2026-07-06,2026-11-24
23421,Sperrmüll,Remagener Str.,Mehlem,53179,2,9998,1,9999,2026-03-20,2026-07-07,2026-11-25
23721,Sperrmüll,Rheingoldstr.,Mehlem,53179,2,9998,1,9999,2026-03-19,2026-07-06,2026-11-24
20571,Sperrmüll,Rheinufer,Mehlem,53179,2,9998,1,9999,2026-03-20,2026-07-07,2026-11-25
20691,Sperrmüll,Rodderbergstr.,Mehlem,53179,2,30,1,27,2026-03-19,2026-07-06,2026-11-24
20706,Sperrmüll,Rodderbergstr.,Mehlem,53179,104,9998,97,9999,2026-03-19,2026-07-06,2026-11-24
20721,Sperrmüll,Rodderbergstr.,Mehlem,53179,32,102,29,95,2026-03-19,2026-07-06,2026-11-24
23181,Sperrmüll,Roderichstr.,Mehlem,53179,2,9998,1,9999,2026-03-20,2026-07-07,2026-11-25
20856,Sperrmüll,Rolandswerther Str.,Mehlem,53179,2,46,1,51,2026-03-19,2026-07-06,2026-11-24
20871,Sperrmüll,Rolandswerther Str.,Mehlem,53179,48,148,53,101,2026-03-19,2026-07-06,2026-11-24
20886,Sperrmüll,Rolandswerther Str.,Mehlem,53179,150,9998,103,9999,2026-03-19,2026-07-06,2026-11-24
21595,Sperrmüll,Rude-Krüzche-Weg,Mehlem,53179,2,9998,1,9999,2026-03-19,2026-07-06,2026-11-24
20961,Sperrmüll,Rüdigerstr.,Mehlem,53179,2,14,1,13,2026-03-20,2026-07-07,2026-11-25
20976,Sperrmüll,Rüdigerstr.,Mehlem,53179,16,92,15,119,2026-03-20,2026-07-07,2026-11-25
42569,Sperrmüll,Rüdigerstr.,Mehlem,53179,94,9998,121,9999,2026-03-20,2026-07-07,2026-11-25
21131,Sperrmüll,Schloßallee,Mehlem,53179,2,9998,1,13,2026-03-20,2026-07-07,2026-11-25
43779,Sperrmüll,Schloßallee,Mehlem,53179,,,15,19,2026-03-20,2026-07-07,2026-11-25
21191,Sperrmüll,Schützengraben,Mehlem,53179,2,9998,1,9999,2026-03-20,2026-07-07,2026-11-25
21365,Sperrmüll,Severinsweg,Mehlem,53179,2,9998,1,9999,2026-03-20,2026-07-07,2026-11-25
21430,Sperrmüll,Siegfriedstr.,Mehlem,53179,2,9998,1,9999,2026-03-20,2026-07-07,2026-11-25
21505,Sperrmüll,Sonnenhag,Mehlem,53179,2,9998,1,9999,2026-03-19,2026-07-06,2026-11-24
21610,Sperrmüll,Spatzenweg,Mehlem,53179,2,9998,1,9999,2026-03-19,2026-07-06,2026-11-24
21535,Sperrmüll,Spechtweg,Mehlem,53179,2,9998,1,9999,2026-03-19,2026-07-06,2026-11-24
22180,Sperrmüll,Utestr.,Mehlem,53179,2,40,1,47,2026-03-20,2026-07-07,2026-11-25
43794,Sperrmüll,Utestr.,Mehlem,53179,42,9998,49,9999,2026-03-20,2026-07-07,2026-11-25
22300,Sperrmüll,Viktor-Schnitzler-Str.,Mehlem,53179,2,9998,1,9999,2026-03-20,2026-07-07,2026-11-25
22360,Sperrmüll,Volkerstr.,Mehlem,53179,2,9998,1,9999,2026-03-20,2026-07-07,2026-11-25
22555,Sperrmüll,Von-Müllenark-Str.,Mehlem,53179,2,9998,1,9999,2026-02-24,2026-07-10,2026-12-16
22420,Sperrmüll,Vulkanstr.,Mehlem,53179,2,9998,1,41,2026-03-19,2026-07-06,2026-11-24
43734,Sperrmüll,Vulkanstr.,Mehlem,53179,,,43,59,2026-03-19,2026-07-06,2026-11-24
43749,Sperrmüll,Vulkanstr.,Mehlem,53179,,,61,9999,2026-03-19,2026-07-06,2026-11-24
23451,Sperrmüll,Weinrosenweg,Mehlem,53179,2,9998,1,9999,2026-02-24,2026-07-10,2026-12-16
14070,Sperrmüll,Am Domblick,Muffendorf,53177,2,9998,1,9999,2026-01-27,2026-06-26,2026-12-15
18629,Sperrmüll,Am Gäßchen,Muffendorf,53177,2,9998,1,9999,2026-01-27,2026-06-26,2026-12-15
14130,Sperrmüll,Am Helpert,Muffendorf,53177,2,9998,1,9999,2026-03-18,2026-07-01,2026-11-20
23316,Sperrmüll,An der Kelter,Muffendorf,53177,2,9998,1,9999,2026-03-18,2026-07-01,2026-11-20
15915,Sperrmüll,An der Kommende,Muffendorf,53177,2,9998,1,9999,2026-03-18,2026-07-01,2026-11-20
14880,Sperrmüll,Benngasse,Muffendorf,53177,2,9998,1,9999,2026-03-18,2026-07-01,2026-11-20
15270,Sperrmüll,Bürvigstr.,Muffendorf,53177,2,9998,1,9999,2026-03-18,2026-07-01,2026-11-20
15770,Sperrmüll,Elfstr.,Muffendorf,53177,2,9998,1,9999,2026-03-18,2026-07-01,2026-11-20
23301,Sperrmüll,Elisabeth-Mayer-Str.,Muffendorf,53177,2,9998,1,9999,2026-03-18,2026-07-01,2026-11-20
15840,Sperrmüll,Elliger Höhe,Muffendorf,53177,2,9998,1,9999,2026-03-18,2026-07-01,2026-11-20
16370,Sperrmüll,Fürstenbergstr.,Muffendorf,53177,2,9998,1,9999,2026-03-18,2026-07-01,2026-11-20
16610,Sperrmüll,Goldbergweg,Muffendorf,53177,2,9998,1,9999,2026-03-13,2026-06-30,2026-11-16
16735,Sperrmüll,Gringsstr.,Muffendorf,53177,2,9998,1,9999,2026-03-18,2026-07-01,2026-11-20
17330,Sperrmüll,Hopmannstr.,Muffendorf,53177,2,9998,1,9999,2026-03-18,2026-07-01,2026-11-20
43913,Sperrmüll,Hopmannstr.,Muffendorf,53177,,,,,2026-03-18,2026-07-01,2026-11-20
17420,Sperrmüll,Im Apfelgarten,Muffendorf,53177,2,9998,1,9999,2026-03-18,2026-07-01,2026-11-20
17640,Sperrmüll,Im Pfirsichgarten,Muffendorf,53177,2,9998,1,9999,2026-03-18,2026-07-01,2026-11-20
15395,Sperrmüll,Kirchweingarten,Muffendorf,53177,2,9998,1,9999,2026-01-27,2026-06-26,2026-12-15
18185,Sperrmüll,Klosterbergstr.,Muffendorf,53177,2,26,1,51,2026-03-18,2026-07-01,2026-11-20
18200,Sperrmüll,Klosterbergstr.,Muffendorf,53177,28,52,53,103,2026-03-18,2026-07-01,2026-11-20
18215,Sperrmüll,Klosterbergstr.,Muffendorf,53177,54,9998,105,9999,2026-03-18,2026-07-01,2026-11-20
18569,Sperrmüll,Komtureistr.,Muffendorf,53177,2,9998,1,9999,2026-01-27,2026-06-26,2026-12-15
18904,Sperrmüll,Lehnpütz,Muffendorf,53177,2,9998,1,9999,2026-01-27,2026-06-26,2026-12-15
19356,Sperrmüll,Martinstr.,Muffendorf,53177,2,9998,1,9999,2026-01-27,2026-06-26,2026-12-15
16930,Sperrmüll,Muffendorfer Hauptstr.,Muffendorf,53177,2,9998,1,9999,2026-03-18,2026-07-01,2026-11-20
20166,Sperrmüll,Peter-Schwingen-Str.,Muffendorf,53177,2,9998,1,9999,2026-03-18,2026-07-01,2026-11-20
20456,Sperrmüll,Remi-Baert-Platz,Muffendorf,53177,2,9998,1,9999,2026-03-18,2026-07-01,2026-11-20
21660,Sperrmüll,Steingasse,Muffendorf,53177,2,9998,1,9999,2026-01-27,2026-06-26,2026-12-15
21885,Sperrmüll,Talstr.,Muffendorf,53177,2,9998,1,9999,2026-03-18,2026-07-01,2026-11-20
22435,Sperrmüll,Waasemstr.,Muffendorf,53177,2,9998,1,9999,2026-03-18,2026-07-01,2026-11-20
22570,Sperrmüll,Weinbergstr.,Muffendorf,53177,2,9998,1,9999,2026-01-27,2026-06-26,2026-12-15
22996,Sperrmüll,Zum Kempenberg,Muffendorf,53177,2,9998,1,9999,2026-03-18,2026-07-01,2026-11-20
73,Sperrmüll,Adolfstr.,Nordstadt,53111,2,58,1,57,2026-02-05,2026-05-21,2026-09-30
88,Sperrmüll,Adolfstr.,Nordstadt,53111,60,9998,59,9999,2026-01-29,2026-05-19,2026-09-28
148,Sperrmüll,Alemannenweg,Nordstadt,53119,2,9998,1,9999,2026-01-28,2026-05-18,2026-09-23
316,Sperrmüll,Am Alten Friedhof,Nordstadt,53111,2,9998,1,9999,2026-02-05,2026-05-21,2026-09-30
12418,Sperrmüll,Am Alten Poststadion,Nordstadt,53119,2,9998,1,9999,2026-01-28,2026-05-18,2026-09-23
4632,Sperrmüll,Am Frankenbad,Nordstadt,53111,2,9998,1,9999,2026-02-05,2026-05-21,2026-09-30
451,Sperrmüll,Am Gerhardsplatz,Nordstadt,53119,2,9998,1,9999,2026-01-28,2026-05-18,2026-09-23
8415,Sperrmüll,Am Neuen Lindenhof,Nordstadt,53117,2,9998,1,9999,2026-01-29,2026-05-19,2026-09-28
6635,Sperrmüll,Am Nordpark,Nordstadt,53117,2,9998,1,9999,2026-01-29,2026-05-19,2026-09-28
6836,Sperrmüll,An den Markthallen,Nordstadt,53119,2,9998,1,9999,2026-01-28,2026-05-18,2026-09-23
973,Sperrmüll,Angelbisstr.,Nordstadt,53119,2,9998,1,9999,2026-01-28,2026-05-18,2026-09-23
1168,Sperrmüll,Auf dem Huckstein,Nordstadt,53117,2,9998,1,9999,2026-01-29,2026-05-19,2026-09-28
2826,Sperrmüll,August-Macke-Platz,Nordstadt,53119,2,9998,1,9999,2026-01-28,2026-05-18,2026-09-23
224,Sperrmüll,Berliner Platz,Nordstadt,53111,,,1,9999,2026-02-05,2026-05-21,2026-09-30
240,Sperrmüll,Berliner Platz,Nordstadt,53111,2,9998,,,2026-02-05,2026-05-21,2026-09-30
2720,Sperrmüll,Blumenhof,Nordstadt,53119,2,9998,1,9999,2026-01-28,2026-05-18,2026-09-23
2076,Sperrmüll,Bonifatiusstr.,Nordstadt,53119,2,9998,1,9999,2026-01-28,2026-05-18,2026-09-23
2283,Sperrmüll,Bornheimer Str.,Nordstadt,53111,2,74,1,33,2026-02-05,2026-05-21,2026-09-30
2298,Sperrmüll,Bornheimer Str.,Nordstadt,53119,96,144,45,95,2026-01-28,2026-05-18,2026-09-23
2313,Sperrmüll,Bornheimer Str.,Nordstadt,53119,146,9998,97,9999,2026-01-28,2026-05-18,2026-09-23
44157,Sperrmüll,Bornheimer Str.,Nordstadt,53111,76,94,35,43,2026-02-05,2026-05-21,2026-09-30
2374,Sperrmüll,Breite Str.,Nordstadt,53111,2,9998,1,9999,2026-01-30,2026-05-20,2026-09-29
2857,Sperrmüll,Chlodwigplatz,Nordstadt,53119,2,9998,1,9999,2026-01-28,2026-05-18,2026-09-23
3177,Sperrmüll,Dorotheenstr.,Nordstadt,53111,2,124,1,113,2026-02-05,2026-05-21,2026-09-30
3197,Sperrmüll,Dorotheenstr.,Nordstadt,53119,130,9998,157,9999,2026-01-28,2026-05-18,2026-09-23
3212,Sperrmüll,Dorotheenstr.,Nordstadt,53111,126,128,115,155,2026-01-28,2026-05-18,2026-09-23
3584,Sperrmüll,Eifelstr.,Nordstadt,53119,2,22,1,15,2026-01-28,2026-05-18,2026-09-23
3599,Sperrmüll,Eifelstr.,Nordstadt,53119,24,9998,17,9999,2026-01-28,2026-05-18,2026-09-23
3629,Sperrmüll,Ellerstr.,Nordstadt,53119,2,28,1,13,2026-01-28,2026-05-18,2026-09-23
3644,Sperrmüll,Ellerstr.,Nordstadt,53119,30,58,15,57,2026-01-28,2026-05-18,2026-09-23
3659,Sperrmüll,Ellerstr.,Nordstadt,53119,86,9998,91,9999,2026-01-28,2026-05-18,2026-09-23
3674,Sperrmüll,Ellerstr.,Nordstadt,53119,60,84,59,89,2026-01-28,2026-05-18,2026-09-23
13800,Sperrmüll,Ennemoserstr.,Nordstadt,53119,2,9998,1,9999,2026-01-28,2026-05-18,2026-09-23
4251,Sperrmüll,Franzstr.,Nordstadt,53111,2,9998,1,9999,2026-02-05,2026-05-21,2026-09-30
4480,Sperrmüll,Gabelsbergerstr.,Nordstadt,53119,2,9998,1,9999,2026-01-28,2026-05-18,2026-09-23
4556,Sperrmüll,Georgstr.,Nordstadt,53111,2,9998,1,9999,2026-01-29,2026-05-19,2026-09-28
5072,Sperrmüll,Gerhardsplatz,Nordstadt,53119,2,9998,1,9999,2026-01-28,2026-05-18,2026-09-23
5532,Sperrmüll,Heerstr.,Nordstadt,53111,2,64,1,75,2026-02-05,2026-05-21,2026-09-30
5547,Sperrmüll,Heerstr.,Nordstadt,53111,150,9998,167,9999,2026-02-05,2026-05-21,2026-09-30
5562,Sperrmüll,Heerstr.,Nordstadt,53111,66,94,77,119,2026-02-05,2026-05-21,2026-09-30
5577,Sperrmüll,Heerstr.,Nordstadt,53111,96,148,121,165,2026-02-05,2026-05-21,2026-09-30
5177,Sperrmüll,Heinrich-Böll-Ring,Nordstadt,53119,2,12,1,7,2026-01-28,2026-05-18,2026-09-23
41969,Sperrmüll,Heinrich-Böll-Ring,Nordstadt,53119,14,9998,9,9999,2026-01-28,2026-05-18,2026-09-23
5904,Sperrmüll,Hochstadenring,Nordstadt,53119,2,48,1,21,2026-01-28,2026-05-18,2026-09-23
5919,Sperrmüll,Hochstadenring,Nordstadt,53119,,,23,9999,2026-01-28,2026-05-18,2026-09-23
5934,Sperrmüll,Hochstadenring,Nordstadt,53119,50,9998,,,2026-01-28,2026-05-18,2026-09-23
4997,Sperrmüll,Hunsrückstr.,Nordstadt,53119,2,9998,1,9999,2026-01-28,2026-05-18,2026-09-23
6324,Sperrmüll,Im Krausfeld,Nordstadt,53111,2,9998,1,9999,2026-01-29,2026-05-19,2026-09-28
8114,Sperrmüll,Lambareneweg,Nordstadt,53119,2,9998,1,9999,2026-02-09,2026-05-27,2026-10-07
8365,Sperrmüll,Lievelingsweg,Nordstadt,53119,2,106,1,123,2026-01-28,2026-05-18,2026-09-23
8385,Sperrmüll,Lievelingsweg,Nordstadt,53119,108,158,125,149,2026-01-28,2026-05-18,2026-09-23
8400,Sperrmüll,Lievelingsweg,Nordstadt,53119,160,9998,151,9999,2026-01-09,2026-05-11,2026-09-18
8867,Sperrmüll,Mackestr.,Nordstadt,53119,2,9998,1,9999,2026-01-28,2026-05-18,2026-09-23
9112,Sperrmüll,Maxstr.,Nordstadt,53111,,,1,21,2026-02-05,2026-05-21,2026-09-30
9127,Sperrmüll,Maxstr.,Nordstadt,53111,2,9998,23,9999,2026-02-05,2026-05-21,2026-09-30
9142,Sperrmüll,Maxstr.,Nordstadt,53111,,,,,2026-02-05,2026-05-21,2026-09-30
9338,Sperrmüll,Michaelstr.,Nordstadt,53111,2,9998,1,9999,2026-01-29,2026-05-19,2026-09-28
9383,Sperrmüll,Mondorfer Str.,Nordstadt,53117,2,9998,1,9999,2026-01-29,2026-05-19,2026-09-28
9782,Sperrmüll,Nonnstr.,Nordstadt,53119,2,9998,1,9999,2026-01-28,2026-05-18,2026-09-23
9892,Sperrmüll,Obernierstr.,Nordstadt,53119,2,9998,1,9999,2026-01-28,2026-05-18,2026-09-23
9996,Sperrmüll,Oppenhoffstr.,Nordstadt,53111,2,9998,1,9999,2026-02-05,2026-05-21,2026-09-30
10226,Sperrmüll,Paulstr.,Nordstadt,53111,2,9998,1,9999,2026-02-05,2026-05-21,2026-09-30
10256,Sperrmüll,Perthesanlage,Nordstadt,53119,2,9998,1,9999,2026-01-28,2026-05-18,2026-09-23
10301,Sperrmüll,Peterstr.,Nordstadt,53111,2,9998,1,9999,2026-02-05,2026-05-21,2026-09-30
10346,Sperrmüll,Pipinstr.,Nordstadt,53111,2,9998,1,9999,2026-01-29,2026-05-19,2026-09-28
12893,Sperrmüll,Potsdamer Platz,Nordstadt,53119,2,9998,1,9999,2026-01-28,2026-05-18,2026-09-23
10994,Sperrmüll,Riegelerstr.,Nordstadt,53119,2,9998,1,9999,2026-01-28,2026-05-18,2026-09-23
11509,Sperrmüll,Sachsenweg,Nordstadt,53119,2,9998,1,9999,2026-01-28,2026-05-18,2026-09-23
11814,Sperrmüll,Schützenstr.,Nordstadt,53111,2,9998,1,9999,2026-01-30,2026-05-20,2026-09-29
3287,Sperrmüll,Spessartstr.,Nordstadt,53119,2,9998,1,9999,2026-01-28,2026-05-18,2026-09-23
300,Sperrmüll,Taunusstr.,Nordstadt,53119,2,9998,1,9999,2026-01-28,2026-05-18,2026-09-23
12513,Sperrmüll,Thomastr.,Nordstadt,53111,2,36,1,25,2026-01-28,2026-05-18,2026-09-23
12533,Sperrmüll,Thomastr.,Nordstadt,53119,38,9998,27,9999,2026-01-28,2026-05-18,2026-09-23
12548,Sperrmüll,Thuarstr.,Nordstadt,53119,2,9998,1,9999,2026-01-28,2026-05-18,2026-09-23
5949,Sperrmüll,Viktoriabrücke,Nordstadt,53119,2,9998,1,9999,2026-01-28,2026-05-18,2026-09-23
12999,Sperrmüll,Vorgebirgsstr.,Nordstadt,53111,2,48,1,31,2026-02-05,2026-05-21,2026-09-30
13014,Sperrmüll,Vorgebirgsstr.,Nordstadt,53119,50,9998,33,9999,2026-01-28,2026-05-18,2026-09-23
13225,Sperrmüll,Weiherstr.,Nordstadt,53111,2,9998,1,9999,2026-02-05,2026-05-21,2026-09-30
13574,Sperrmüll,Wolfstr.,Nordstadt,53111,2,9998,1,9999,2026-02-05,2026-05-21,2026-09-30
33406,Sperrmüll,Adolf-Hombitzer-Str.,Oberkassel,53227,2,9998,1,9999,2026-04-13,2026-07-15,2026-12-03
33646,Sperrmüll,Adrianstr.,Oberkassel,53227,2,118,1,137,2026-04-13,2026-07-15,2026-12-03
33661,Sperrmüll,Adrianstr.,Oberkassel,53227,120,9998,139,9999,2026-04-13,2026-07-15,2026-12-03
32681,Sperrmüll,Alsstr.,Oberkassel,53227,2,36,1,29,2026-04-13,2026-07-15,2026-12-03
32696,Sperrmüll,Alsstr.,Oberkassel,53227,38,9998,31,9999,2026-04-13,2026-07-15,2026-12-03
33736,Sperrmüll,Altrheinstr.,Oberkassel,53227,2,9998,1,9999,2026-04-13,2026-07-15,2026-12-03
33706,Sperrmüll,Am Bürgerpark,Oberkassel,53227,2,9998,1,9999,2026-01-23,2026-06-23,2026-12-11
33361,Sperrmüll,Am Buschhof,Oberkassel,53227,2,9998,1,9999,2026-04-14,2026-07-16,2026-12-02
32711,Sperrmüll,Am Johannisberg,Oberkassel,53227,2,9998,1,9999,2026-04-13,2026-07-15,2026-12-03
32726,Sperrmüll,Am Kriegersgraben,Oberkassel,53227,2,9998,1,9999,2026-04-13,2026-07-15,2026-12-03
33021,Sperrmüll,Am Magdalenenkreuz,Oberkassel,53227,2,9998,1,9999,2026-04-14,2026-07-16,2026-12-02
32741,Sperrmüll,Am Mönchshof,Oberkassel,53227,2,9998,1,9999,2026-04-13,2026-07-15,2026-12-03
32756,Sperrmüll,Am Stingenberg,Oberkassel,53227,2,9998,1,9999,2026-04-13,2026-07-15,2026-12-03
32776,Sperrmüll,Am Weißen Stein,Oberkassel,53227,2,9998,1,9999,2026-04-13,2026-07-15,2026-12-03
32791,Sperrmüll,Am Weitgarten,Oberkassel,53227,2,9998,1,9999,2026-04-14,2026-07-16,2026-12-02
33631,Sperrmüll,An der Post,Oberkassel,53227,2,9998,1,9999,2026-04-14,2026-07-16,2026-12-02
33826,Sperrmüll,Auf den sechs Morgen,Oberkassel,53227,2,9998,1,9999,2026-04-13,2026-07-15,2026-12-03
33481,Sperrmüll,Basaltstr.,Oberkassel,53227,2,42,1,33,2026-04-13,2026-07-15,2026-12-03
33496,Sperrmüll,Basaltstr.,Oberkassel,53227,44,9998,35,9999,2026-04-13,2026-07-15,2026-12-03
32811,Sperrmüll,Baumstr.,Oberkassel,53227,2,9998,1,9999,2026-04-13,2026-07-15,2026-12-03
43854,Sperrmüll,Baumstr.,Oberkassel,53227,,,,,2026-04-13,2026-07-15,2026-12-03
32826,Sperrmüll,Berghovener Str.,Oberkassel,53227,2,32,1,35,2026-04-13,2026-07-15,2026-12-03
32841,Sperrmüll,Berghovener Str.,Oberkassel,53227,34,88,37,9999,2026-04-13,2026-07-15,2026-12-03
43868,Sperrmüll,Berghovener Str.,Oberkassel,53227,90,96,,,2026-04-13,2026-07-15,2026-12-03
43883,Sperrmüll,Berghovener Str.,Oberkassel,53227,98,9998,,,2026-04-13,2026-07-15,2026-12-03
32871,Sperrmüll,Bernhardstr.,Oberkassel,53227,2,32,1,53,2026-04-13,2026-07-15,2026-12-03
32886,Sperrmüll,Bernhardstr.,Oberkassel,53227,34,9998,55,9999,2026-04-13,2026-07-15,2026-12-03
32901,Sperrmüll,Büchelstr.,Oberkassel,53227,2,9998,1,9999,2026-04-13,2026-07-15,2026-12-03
33601,Sperrmüll,Cäcilienstr.,Oberkassel,53227,2,28,1,23,2026-01-23,2026-06-23,2026-12-11
33616,Sperrmüll,Cäcilienstr.,Oberkassel,53227,30,9998,25,9999,2026-01-23,2026-06-23,2026-12-11
33796,Sperrmüll,Dollendorfer Allee,Oberkassel,53227,2,9998,1,9999,2026-04-13,2026-07-15,2026-12-03
32961,Sperrmüll,Dornheckenstr.,Oberkassel,53227,2,24,1,19,2026-04-14,2026-07-16,2026-12-02
32976,Sperrmüll,Dornheckenstr.,Oberkassel,53227,26,40,21,45,2026-04-14,2026-07-16,2026-12-02
32991,Sperrmüll,Dornheckenstr.,Oberkassel,53227,42,9998,47,9999,2026-04-14,2026-07-16,2026-12-02
32916,Sperrmüll,Ernststr.,Oberkassel,53227,2,9998,1,9999,2026-04-13,2026-07-15,2026-12-03
42224,Sperrmüll,Franz-Kissel-Weg,Oberkassel,53227,2,9998,1,9999,2026-04-13,2026-07-15,2026-12-03
33006,Sperrmüll,Hartwig-Hüser-Str.,Oberkassel,53227,2,9998,1,9999,2026-04-13,2026-07-15,2026-12-03
33041,Sperrmüll,Heckelsgasse,Oberkassel,53227,2,9998,1,9999,2026-01-20,2026-06-19,2026-11-27
33086,Sperrmüll,Hosterbacher Str.,Oberkassel,53227,2,9998,1,9999,2026-04-13,2026-07-15,2026-12-03
33056,Sperrmüll,Hosterstr.,Oberkassel,53227,2,16,1,17,2026-04-13,2026-07-15,2026-12-03
33071,Sperrmüll,Hosterstr.,Oberkassel,53227,18,9998,19,9999,2026-04-13,2026-07-15,2026-12-03
33101,Sperrmüll,Humbroichweg,Oberkassel,53227,2,9998,1,9999,2026-04-13,2026-07-15,2026-12-03
33116,Sperrmüll,Im Bungert,Oberkassel,53227,2,4,1,3,2026-04-13,2026-07-15,2026-12-03
33131,Sperrmüll,Im Bungert,Oberkassel,53227,6,9998,5,9999,2026-01-20,2026-06-19,2026-11-27
33146,Sperrmüll,Im Heckengarten,Oberkassel,53227,2,9998,1,9999,2026-04-13,2026-07-15,2026-12-03
33161,Sperrmüll,Im Michelsfeld,Oberkassel,53227,2,9998,1,9999,2026-04-13,2026-07-15,2026-12-03
33176,Sperrmüll,Im Mohrenfeld,Oberkassel,53227,2,9998,1,9999,2026-04-13,2026-07-15,2026-12-03
33191,Sperrmüll,In den Erlen,Oberkassel,53227,2,9998,1,9999,2026-04-14,2026-07-16,2026-12-02
33206,Sperrmüll,In der Persch,Oberkassel,53227,2,9998,1,9999,2026-04-13,2026-07-15,2026-12-03
33221,Sperrmüll,In der Proffe,Oberkassel,53227,2,9998,1,9999,2026-04-13,2026-07-15,2026-12-03
33236,Sperrmüll,Jakobstr.,Oberkassel,53227,2,22,1,25,2026-04-14,2026-07-16,2026-12-02
33251,Sperrmüll,Jakobstr.,Oberkassel,53227,24,9998,27,9999,2026-04-13,2026-07-15,2026-12-03
32931,Sperrmüll,Julius-Vorster-Str.,Oberkassel,53227,2,9998,1,9999,2026-04-13,2026-07-15,2026-12-03
33266,Sperrmüll,Kalkuhlstr.,Oberkassel,53227,2,9998,1,9999,2026-04-14,2026-07-16,2026-12-02
33436,Sperrmüll,Karl-Duwe-Str.,Oberkassel,53227,2,9998,1,9999,2026-04-14,2026-07-16,2026-12-02
43379,Sperrmüll,Karl-Duwe-Str.,Oberkassel,53227,,,,,2026-04-14,2026-07-16,2026-12-02
33781,Sperrmüll,Kasseler Ley,Oberkassel,53227,2,9998,1,9999,2026-04-13,2026-07-15,2026-12-03
33296,Sperrmüll,Kastellstr.,Oberkassel,53227,2,9998,1,9999,2026-01-23,2026-06-23,2026-12-11
33281,Sperrmüll,Kinkelstr.,Oberkassel,53227,2,9998,1,9999,2026-01-23,2026-06-23,2026-12-11
33526,Sperrmüll,Kucksteinweg,Oberkassel,53227,2,9998,1,9999,2026-01-20,2026-06-19,2026-11-27
33311,Sperrmüll,Langemarckstr.,Oberkassel,53227,2,20,1,25,2026-04-13,2026-07-15,2026-12-03
33331,Sperrmüll,Langemarckstr.,Oberkassel,53227,22,32,27,39,2026-04-13,2026-07-15,2026-12-03
33346,Sperrmüll,Langemarckstr.,Oberkassel,53227,34,9998,41,9999,2026-04-13,2026-07-15,2026-12-03
33376,Sperrmüll,Meerhausener Str.,Oberkassel,53227,2,9998,1,9999,2026-04-13,2026-07-15,2026-12-03
33751,Sperrmüll,Paffelsbergplatz,Oberkassel,53227,2,9998,1,9999,2026-04-13,2026-07-15,2026-12-03
33421,Sperrmüll,Rauchlochweg,Oberkassel,53227,2,9998,1,9999,2026-04-13,2026-07-15,2026-12-03
33721,Sperrmüll,Reifenbergstr.,Oberkassel,53227,2,9998,1,9999,2026-04-14,2026-07-16,2026-12-02
33766,Sperrmüll,Röckesbergstr.,Oberkassel,53227,2,9998,1,9999,2026-04-13,2026-07-15,2026-12-03
33466,Sperrmüll,Römlinghovener Str.,Oberkassel,53227,2,9998,1,9999,2026-04-13,2026-07-15,2026-12-03
33511,Sperrmüll,Simonstr.,Oberkassel,53227,2,9998,1,9999,2026-04-13,2026-07-15,2026-12-03
32946,Sperrmüll,Strackhofstr.,Oberkassel,53227,2,9998,1,9999,2026-04-13,2026-07-15,2026-12-03
32856,Sperrmüll,Stüffgenstr.,Oberkassel,53227,2,9998,1,9999,2026-04-14,2026-07-16,2026-12-02
33541,Sperrmüll,Teichstr.,Oberkassel,53227,2,9998,1,9999,2026-04-13,2026-07-15,2026-12-03
33556,Sperrmüll,Theresienau,Oberkassel,53227,2,9998,1,9999,2026-04-13,2026-07-15,2026-12-03
33571,Sperrmüll,Weidenstr.,Oberkassel,53227,2,10,1,41,2026-01-20,2026-06-19,2026-11-27
33586,Sperrmüll,Weidenstr.,Oberkassel,53227,12,9998,43,9999,2026-01-20,2026-06-19,2026-11-27
33676,Sperrmüll,Zipperstr.,Oberkassel,53227,2,30,1,31,2026-01-23,2026-06-23,2026-12-11
33691,Sperrmüll,Zipperstr.,Oberkassel,53227,32,9998,33,9999,2026-01-23,2026-06-23,2026-12-11
20661,Sperrmüll,Albertus-Magnus-Str.,Pennenfeld,53177,2,28,1,27,2026-03-16,2026-07-02,2026-11-19
20676,Sperrmüll,Albertus-Magnus-Str.,Pennenfeld,53177,30,48,29,9999,2026-03-16,2026-07-02,2026-11-19
43809,Sperrmüll,Albertus-Magnus-Str.,Pennenfeld,53177,50,66,,,2026-03-16,2026-07-02,2026-11-19
14850,Sperrmüll,Behringstr.,Pennenfeld,53177,2,9998,1,9999,2026-03-12,2026-06-29,2026-11-17
42374,Sperrmüll,Charlotte-von-Stein-Str.,Pennenfeld,53177,2,9998,1,9999,2026-03-18,2026-07-01,2026-11-20
16130,Sperrmüll,Frascatistr.,Pennenfeld,53177,2,9998,1,9999,2026-03-16,2026-07-02,2026-11-19
16885,Sperrmüll,Hans-Böckler-Allee,Pennenfeld,53177,2,9998,1,9999,2026-03-16,2026-07-02,2026-11-19
17045,Sperrmüll,Heinrich-Hertz-Str.,Pennenfeld,53177,2,9998,1,9999,2026-03-16,2026-07-02,2026-11-19
18584,Sperrmüll,Kopernikusstr.,Pennenfeld,53177,2,9998,1,9999,2026-03-16,2026-07-02,2026-11-19
19146,Sperrmüll,Maidenheadstr.,Pennenfeld,53177,2,9998,1,9999,2026-03-16,2026-07-02,2026-11-19
42344,Sperrmüll,Marta-Worringer-Str.,Pennenfeld,53177,2,9998,1,9999,2026-03-18,2026-07-01,2026-11-20
42359,Sperrmüll,Paula-Modersohn-Becker-Weg,Pennenfeld,53177,2,9998,1,9999,2026-03-18,2026-07-01,2026-11-20
20796,Sperrmüll,Röntgenstr.,Pennenfeld,53177,2,9998,1,9999,2026-03-12,2026-06-29,2026-11-17
44017,Sperrmüll,Röntgenstr.,Pennenfeld,53177,,,,,2026-03-12,2026-06-29,2026-11-17
21056,Sperrmüll,Saint-Cloud-Str.,Pennenfeld,53177,2,9998,1,9999,2026-03-16,2026-07-02,2026-11-19
21311,Sperrmüll,Steglitzer Str.,Pennenfeld,53177,2,9998,1,9999,2026-03-12,2026-06-29,2026-11-17
22921,Sperrmüll,Zanderstr.,Pennenfeld,53177,2,22,1,7,2026-03-16,2026-07-02,2026-11-19
42896,Sperrmüll,Zanderstr.,Pennenfeld,53177,24,9998,9,9999,2026-03-16,2026-07-02,2026-11-19
22951,Sperrmüll,Zeppelinstr.,Pennenfeld,53177,2,9998,1,9999,2026-03-16,2026-07-02,2026-11-19
13890,Sperrmüll,Aggerstr.,Plittersdorf,53175,2,9998,1,9999,2026-03-26,2026-07-13,2026-12-01
13920,Sperrmüll,Ahrstr.,Plittersdorf,53175,2,20,1,19,2026-03-26,2026-07-13,2026-12-01
41954,Sperrmüll,Ahrstr.,Plittersdorf,53175,22,9998,21,9999,2026-03-26,2026-07-13,2026-12-01
23391,Sperrmüll,Albert-Cahn-Weg,Plittersdorf,53175,2,9998,1,9999,2026-03-26,2026-07-13,2026-12-01
13950,Sperrmüll,Alemannenstr.,Plittersdorf,53175,2,9998,1,9999,2026-03-26,2026-07-13,2026-12-01
15380,Sperrmüll,Am Baumgarten,Plittersdorf,53175,2,9998,1,9999,2026-03-25,2026-07-10,2026-11-30
15210,Sperrmüll,Am Büchel,Plittersdorf,53173,2,52,1,53,2026-03-25,2026-07-10,2026-11-30
15225,Sperrmüll,Am Büchel,Plittersdorf,53173,54,9998,55,9999,2026-03-23,2026-07-08,2026-11-26
20396,Sperrmüll,Am Schaumburger Hof,Plittersdorf,53175,2,9998,1,9999,2026-03-25,2026-07-10,2026-11-30
14285,Sperrmüll,Am Turmhof,Plittersdorf,53175,2,9998,1,9999,2026-03-25,2026-07-10,2026-11-30
14510,Sperrmüll,Annettenstr.,Plittersdorf,53175,2,9998,1,9999,2026-03-25,2026-07-10,2026-11-30
14540,Sperrmüll,Arndtplatz,Plittersdorf,53173,2,9998,1,9999,2026-03-25,2026-07-10,2026-11-30
14570,Sperrmüll,Auerhofstr.,Plittersdorf,53175,2,9998,1,9999,2026-03-25,2026-07-10,2026-11-30
14665,Sperrmüll,Auf der Hostert,Plittersdorf,53173,2,9998,1,9999,2026-03-25,2026-07-10,2026-11-30
15120,Sperrmüll,Breslauer Str.,Plittersdorf,53175,2,9998,1,9999,2026-03-27,2026-07-14,2026-12-04
15410,Sperrmüll,Danziger Str.,Plittersdorf,53175,2,9998,1,9999,2026-03-27,2026-07-14,2026-12-04
15590,Sperrmüll,Dollendorfer Str.,Plittersdorf,53173,2,9998,1,9999,2026-03-25,2026-07-10,2026-11-30
18414,Sperrmüll,Donatusstr.,Plittersdorf,53175,2,9998,1,9999,2026-03-27,2026-07-14,2026-12-04
17120,Sperrmüll,Elisabeth-Selbert-Allee,Plittersdorf,53175,2,9998,1,9999,2026-03-26,2026-07-13,2026-12-01
15945,Sperrmüll,Erftstr.,Plittersdorf,53175,2,9998,1,9999,2026-03-26,2026-07-13,2026-12-01
15975,Sperrmüll,Europastr.,Plittersdorf,53175,2,9998,1,9999,2026-03-27,2026-07-14,2026-12-04
23766,Sperrmüll,Father-Bill-Str.,Plittersdorf,53175,2,9998,1,9999,2026-03-27,2026-07-14,2026-12-04
16325,Sperrmüll,Friesenstr.,Plittersdorf,53175,2,9998,1,9999,2026-03-26,2026-07-13,2026-12-01
16445,Sperrmüll,Germanenstr.,Plittersdorf,53175,2,16,1,23,2026-03-26,2026-07-13,2026-12-01
16460,Sperrmüll,Germanenstr.,Plittersdorf,53175,18,9998,25,9999,2026-03-26,2026-07-13,2026-12-01
16625,Sperrmüll,Gotenstr.,Plittersdorf,53175,2,18,1,27,2026-03-26,2026-07-13,2026-12-01
16645,Sperrmüll,Gotenstr.,Plittersdorf,53175,20,96,29,123,2026-03-26,2026-07-13,2026-12-01
16660,Sperrmüll,Gotenstr.,Plittersdorf,53175,98,9998,125,9999,2026-03-26,2026-07-13,2026-12-01
23781,Sperrmüll,Hannah-Arendt-Str.,Plittersdorf,53175,2,9998,1,9999,2026-03-27,2026-07-14,2026-12-04
16900,Sperrmüll,Hardtstr.,Plittersdorf,53175,2,9998,1,9999,2026-03-25,2026-07-10,2026-11-30
17180,Sperrmüll,Hofstr.,Plittersdorf,53175,2,9998,1,9999,2026-03-25,2026-07-10,2026-11-30
17925,Sperrmüll,Kanalstr.,Plittersdorf,53175,2,9998,1,9999,2026-03-25,2026-07-10,2026-11-30
18519,Sperrmüll,Kolberger Str.,Plittersdorf,53175,2,9998,1,9999,2026-03-25,2026-07-10,2026-11-30
18554,Sperrmüll,Kolumbusring,Plittersdorf,53175,2,9998,1,9999,2026-03-27,2026-07-14,2026-12-04
19236,Sperrmüll,Kreisauer Str.,Plittersdorf,53175,2,9998,1,9999,2026-03-25,2026-07-10,2026-11-30
18799,Sperrmüll,Lahnstr.,Plittersdorf,53175,2,9998,1,9999,2026-03-26,2026-07-13,2026-12-01
22540,Sperrmüll,Leonardusstr.,Plittersdorf,53175,2,9998,1,9999,2026-03-25,2026-07-10,2026-11-30
19536,Sperrmüll,Meersburgstr.,Plittersdorf,53175,2,9998,1,9999,2026-03-25,2026-07-10,2026-11-30
19616,Sperrmüll,Mittelstr.,Plittersdorf,53175,2,9998,1,9999,2026-03-26,2026-07-13,2026-12-01
19631,Sperrmüll,Mohrenstr.,Plittersdorf,53173,2,9998,1,9999,2026-03-25,2026-07-10,2026-11-30
19696,Sperrmüll,Moselstr.,Plittersdorf,53175,2,9998,1,9999,2026-03-26,2026-07-13,2026-12-01
19741,Sperrmüll,Mühlenstr.,Plittersdorf,53173,2,9998,1,9999,2026-03-25,2026-07-10,2026-11-30
19786,Sperrmüll,Nahestr.,Plittersdorf,53175,2,9998,1,9999,2026-03-26,2026-07-13,2026-12-01
19801,Sperrmüll,Neckarstr.,Plittersdorf,53175,2,9998,1,9999,2026-03-26,2026-07-13,2026-12-01
21750,Sperrmüll,Ostseestr.,Plittersdorf,53175,2,9998,1,9999,2026-03-27,2026-07-14,2026-12-04
23796,Sperrmüll,Prinz-Löwenstein-Str.,Plittersdorf,53175,2,9998,1,9999,2026-03-27,2026-07-14,2026-12-04
21021,Sperrmüll,Saarstr.,Plittersdorf,53175,2,9998,1,9999,2026-03-26,2026-07-13,2026-12-01
21380,Sperrmüll,Sibyllenstr.,Plittersdorf,53173,2,18,1,33,2026-03-25,2026-07-10,2026-11-30
21395,Sperrmüll,Sibyllenstr.,Plittersdorf,53175,20,9998,35,9999,2026-03-25,2026-07-10,2026-11-30
21445,Sperrmüll,Siegstr.,Plittersdorf,53175,2,9998,1,9999,2026-03-26,2026-07-13,2026-12-01
21460,Sperrmüll,Simrockallee,Plittersdorf,53173,2,9998,1,9999,2026-03-25,2026-07-10,2026-11-30
21565,Sperrmüll,Spiegelhofstr.,Plittersdorf,53173,2,9998,1,9999,2026-03-25,2026-07-10,2026-11-30
21675,Sperrmüll,Steinstr.,Plittersdorf,53175,2,16,1,9,2026-03-25,2026-07-10,2026-11-30
21690,Sperrmüll,Steinstr.,Plittersdorf,53175,18,9998,11,9999,2026-03-25,2026-07-10,2026-11-30
21765,Sperrmüll,Steubenring,Plittersdorf,53175,2,9998,1,9999,2026-03-27,2026-07-14,2026-12-04
21810,Sperrmüll,Stirzenhofstr.,Plittersdorf,53173,2,9998,1,9999,2026-03-25,2026-07-10,2026-11-30
21855,Sperrmüll,Suebenstr.,Plittersdorf,53175,2,9998,1,9999,2026-03-26,2026-07-13,2026-12-01
21915,Sperrmüll,Teutonenstr.,Plittersdorf,53175,2,40,1,25,2026-03-26,2026-07-13,2026-12-01
21930,Sperrmüll,Teutonenstr.,Plittersdorf,53175,42,9998,27,9999,2026-03-26,2026-07-13,2026-12-01
22070,Sperrmüll,Turmstr.,Plittersdorf,53175,2,2,1,11,2026-03-25,2026-07-10,2026-11-30
22085,Sperrmüll,Turmstr.,Plittersdorf,53175,4,9998,13,9999,2026-03-25,2026-07-10,2026-11-30
22240,Sperrmüll,Vikariegasse,Plittersdorf,53175,2,9998,1,9999,2026-03-25,2026-07-10,2026-11-30
22831,Sperrmüll,Wupperstr.,Plittersdorf,53175,2,9998,1,9999,2026-03-26,2026-07-13,2026-12-01
22906,Sperrmüll,Yorckstr.,Plittersdorf,53173,2,9998,1,9999,2026-03-23,2026-07-08,2026-11-26
163,Sperrmüll,Alexander-Koenig-Str.,Poppelsdorf,53115,2,9998,1,9999,2026-03-03,2026-06-17,2026-11-05
391,Sperrmüll,Am Botanischen Garten,Poppelsdorf,53115,2,9998,1,9999,2026-02-02,2026-05-22,2026-10-05
8987,Sperrmüll,Am Marienhospital,Poppelsdorf,53115,2,9998,1,9999,2026-03-03,2026-06-17,2026-11-05
1722,Sperrmüll,Bennauerstr.,Poppelsdorf,53115,2,9998,1,9999,2026-03-02,2026-06-18,2026-11-06
2600,Sperrmüll,Burggartenstr.,Poppelsdorf,53115,2,9998,1,9999,2026-03-02,2026-06-18,2026-11-06
8144,Sperrmüll,Carl-Troll-Str.,Poppelsdorf,53115,2,9998,1,9999,2026-03-02,2026-06-18,2026-11-06
2887,Sperrmüll,Clemens-August-Platz,Poppelsdorf,53115,2,9998,1,9999,2026-03-03,2026-06-17,2026-11-05
2902,Sperrmüll,Clemens-August-Str.,Poppelsdorf,53115,2,48,1,59,2026-03-02,2026-06-18,2026-11-06
2917,Sperrmüll,Clemens-August-Str.,Poppelsdorf,53115,,,61,69,2026-03-02,2026-06-18,2026-11-06
2932,Sperrmüll,Clemens-August-Str.,Poppelsdorf,53115,50,9998,71,9999,2026-03-03,2026-06-17,2026-11-05
43470,Sperrmüll,Friedrich-Hirzebruch-Allee,Poppelsdorf,53115,2,9998,1,9999,2026-02-03,2026-05-26,2026-10-02
5192,Sperrmüll,Heinrich-Lützeler-Str.,Poppelsdorf,53115,2,9998,1,9999,2026-03-02,2026-06-18,2026-11-06
7461,Sperrmüll,Hospitalweg,Poppelsdorf,53115,2,9998,1,9999,2026-03-02,2026-06-18,2026-11-06
6434,Sperrmüll,Im Wingert,Poppelsdorf,53115,2,9998,1,9999,2026-03-03,2026-06-17,2026-11-05
6605,Sperrmüll,Jagdweg,Poppelsdorf,53115,2,32,1,39,2026-03-02,2026-06-18,2026-11-06
6620,Sperrmüll,Jagdweg,Poppelsdorf,53115,34,9998,41,9999,2026-03-02,2026-06-18,2026-11-06
7797,Sperrmüll,Karlrobert-Kreiten-Str.,Poppelsdorf,53115,2,9998,1,9999,2026-02-03,2026-05-26,2026-10-02
7236,Sperrmüll,Katzenburgweg,Poppelsdorf,53115,2,9998,1,9999,2026-02-03,2026-05-26,2026-10-02
7266,Sperrmüll,Kekuléstr.,Poppelsdorf,53115,2,9998,1,9999,2026-03-02,2026-06-18,2026-11-06
7416,Sperrmüll,Kirschallee,Poppelsdorf,53115,2,28,1,21,2026-03-02,2026-06-18,2026-11-06
7431,Sperrmüll,Kirschallee,Poppelsdorf,53115,30,9998,23,9999,2026-03-02,2026-06-18,2026-11-06
7947,Sperrmüll,Kreuzbergallee,Poppelsdorf,53115,2,9998,1,9999,2026-03-03,2026-06-17,2026-11-05
7977,Sperrmüll,Kreuzbergweg,Poppelsdorf,53115,2,9998,1,9999,2026-02-03,2026-05-26,2026-10-02
9413,Sperrmüll,Mordkapellenpfad,Poppelsdorf,53115,2,9998,1,9999,2026-03-03,2026-06-17,2026-11-05
9586,Sperrmüll,Nachtigallenweg,Poppelsdorf,53115,,,1,3,2026-03-03,2026-06-17,2026-11-05
9601,Sperrmüll,Nachtigallenweg,Poppelsdorf,53115,2,10,5,25,2026-03-03,2026-06-17,2026-11-05
9616,Sperrmüll,Nachtigallenweg,Poppelsdorf,53127,72,9998,33,9999,2026-03-03,2026-06-17,2026-11-05
9631,Sperrmüll,Nachtigallenweg,Poppelsdorf,53115,12,70,27,31,2026-03-03,2026-06-17,2026-11-05
9827,Sperrmüll,Nußallee,Poppelsdorf,53115,2,9998,1,9999,2026-02-03,2026-05-26,2026-10-02
10121,Sperrmüll,Pfarrer-Hürth-Str.,Poppelsdorf,53115,2,9998,1,9999,2026-03-02,2026-06-18,2026-11-06
10136,Sperrmüll,Poppelsdorfer Platz,Poppelsdorf,53115,2,9998,1,9999,2026-03-03,2026-06-17,2026-11-05
10609,Sperrmüll,Rehfuesstr.,Poppelsdorf,53115,2,4,,,2026-03-03,2026-06-17,2026-11-05
10624,Sperrmüll,Rehfuesstr.,Poppelsdorf,53115,6,9998,1,9999,2026-03-02,2026-06-18,2026-11-06
11054,Sperrmüll,Robert-Koch-Str.,Poppelsdorf,53115,2,8,1,3,2026-03-03,2026-06-17,2026-11-05
11069,Sperrmüll,Robert-Koch-Str.,Poppelsdorf,53127,80,104,39,41,2026-03-03,2026-06-17,2026-11-05
11084,Sperrmüll,Robert-Koch-Str.,Poppelsdorf,53127,106,9998,43,9999,2026-03-03,2026-06-17,2026-11-05
42299,Sperrmüll,Robert-Koch-Str.,Poppelsdorf,53115,10,78,5,37,2026-03-03,2026-06-17,2026-11-05
11464,Sperrmüll,Rudolf-Stöcker-Weg,Poppelsdorf,53115,2,9998,1,9999,2026-03-03,2026-06-17,2026-11-05
11739,Sperrmüll,Schmidtbonnstr.,Poppelsdorf,53115,2,9998,1,9999,2026-03-03,2026-06-17,2026-11-05
11998,Sperrmüll,Servitenweg,Poppelsdorf,53115,2,9998,1,9999,2026-03-03,2026-06-17,2026-11-05
13815,Sperrmüll,Sobottaweg,Poppelsdorf,53115,2,9998,1,9999,2026-02-03,2026-05-26,2026-10-02
12118,Sperrmüll,Sternenburgstr.,Poppelsdorf,53115,2,58,1,45,2026-03-02,2026-06-18,2026-11-06
12133,Sperrmüll,Sternenburgstr.,Poppelsdorf,53115,60,9998,47,9999,2026-03-02,2026-06-18,2026-11-06
12668,Sperrmüll,Troschelstr.,Poppelsdorf,53115,2,9998,1,9999,2026-03-02,2026-06-18,2026-11-06
13104,Sperrmüll,Wallfahrtsweg,Poppelsdorf,53115,2,9998,1,9999,2026-03-03,2026-06-17,2026-11-05
13195,Sperrmüll,Wegelerstr.,Poppelsdorf,53115,2,9998,1,9999,2026-02-03,2026-05-26,2026-10-02
13377,Sperrmüll,Wielsgäßchen,Poppelsdorf,53115,2,9998,1,9999,2026-03-02,2026-06-18,2026-11-06
13392,Sperrmüll,Wielstr.,Poppelsdorf,53115,2,9998,1,9999,2026-02-02,2026-05-22,2026-10-05
23871,Sperrmüll,Adelheidisplatz,Pützchen/Bechlinghoven,53229,2,9998,1,9999,2026-04-30,2026-09-25,2026-12-22
24436,Sperrmüll,Alaunbachweg,Pützchen/Bechlinghoven,53229,2,9998,1,9999,2026-04-30,2026-09-25,2026-12-22
23961,Sperrmüll,Alte Schulstr.,Pützchen/Bechlinghoven,53229,2,9998,1,9999,2026-04-27,2026-09-24,2026-12-17
24571,Sperrmüll,Am Ennertbad,Pützchen/Bechlinghoven,53229,2,9998,1,9999,2026-04-30,2026-09-25,2026-12-22
24051,Sperrmüll,Am Herrengarten,Pützchen/Bechlinghoven,53229,2,38,1,35,2026-04-21,2026-09-04,2026-12-14
24071,Sperrmüll,Am Herrengarten,Pützchen/Bechlinghoven,53229,40,74,37,75,2026-04-21,2026-09-04,2026-12-14
24086,Sperrmüll,Am Herrengarten,Pützchen/Bechlinghoven,53229,76,84,,,2026-04-21,2026-09-04,2026-12-14
24101,Sperrmüll,Am Herrengarten,Pützchen/Bechlinghoven,53229,86,9998,77,9999,2026-04-21,2026-09-04,2026-12-14
24116,Sperrmüll,Am Herz-Jesu-Kloster,Pützchen/Bechlinghoven,53229,2,9998,1,9999,2026-04-27,2026-09-24,2026-12-17
24751,Sperrmüll,Am Karmelkloster,Pützchen/Bechlinghoven,53229,2,9998,1,9999,2026-04-27,2026-09-24,2026-12-17
24131,Sperrmüll,Am Knippchen,Pützchen/Bechlinghoven,53229,2,9998,1,9999,2026-04-30,2026-09-25,2026-12-22
24241,Sperrmüll,Am Weidenbach,Pützchen/Bechlinghoven,53229,2,18,1,19,2026-04-27,2026-09-24,2026-12-17
24256,Sperrmüll,Am Weidenbach,Pützchen/Bechlinghoven,53229,20,9998,21,9999,2026-04-30,2026-09-25,2026-12-22
24586,Sperrmüll,An den Hecken,Pützchen/Bechlinghoven,53229,2,9998,1,9999,2026-04-30,2026-09-25,2026-12-22
42209,Sperrmüll,Auf den Sauren Wiesen,Pützchen/Bechlinghoven,53229,2,9998,1,9999,2026-04-30,2026-09-25,2026-12-22
24661,Sperrmüll,Auf der Steinkaule,Pützchen/Bechlinghoven,53229,2,9998,1,9999,2026-04-30,2026-09-25,2026-12-22
25326,Sperrmüll,Blankenbergweg,Pützchen/Bechlinghoven,53229,2,9998,1,9999,2026-04-27,2026-09-24,2026-12-17
25186,Sperrmüll,Bröhlweg,Pützchen/Bechlinghoven,53229,2,9998,1,9999,2026-04-27,2026-09-24,2026-12-17
25356,Sperrmüll,Brunnenweg,Pützchen/Bechlinghoven,53229,2,9998,1,9999,2026-04-30,2026-09-25,2026-12-22
25876,Sperrmüll,Everhardstr.,Pützchen/Bechlinghoven,53229,2,9998,1,9999,2026-04-27,2026-09-24,2026-12-17
42254,Sperrmüll,Fränkische Str.,Pützchen/Bechlinghoven,53229,2,9998,1,9999,2026-04-27,2026-09-24,2026-12-17
26086,Sperrmüll,Friedenstr.,Pützchen/Bechlinghoven,53229,2,9998,1,9999,2026-04-27,2026-09-24,2026-12-17
26411,Sperrmüll,Glückstr.,Pützchen/Bechlinghoven,53229,2,62,1,41,2026-04-27,2026-09-24,2026-12-17
26426,Sperrmüll,Glückstr.,Pützchen/Bechlinghoven,53229,64,9998,43,9999,2026-04-30,2026-09-25,2026-12-22
26581,Sperrmüll,Haberbitze,Pützchen/Bechlinghoven,53229,2,9998,1,9999,2026-04-27,2026-09-24,2026-12-17
28475,Sperrmüll,Hasertstr.,Pützchen/Bechlinghoven,53229,2,9998,1,9999,2026-04-27,2026-09-24,2026-12-17
42821,Sperrmüll,Hermann-Scheer-Str.,Pützchen/Bechlinghoven,53229,2,9998,1,9999,2026-04-27,2026-09-24,2026-12-17
26831,Sperrmüll,Holtorfer Str.,Pützchen/Bechlinghoven,53229,2,9998,1,9999,2026-04-30,2026-09-25,2026-12-22
26861,Sperrmüll,Holzlarer Weg,Pützchen/Bechlinghoven,53229,2,74,1,49,2026-04-30,2026-09-25,2026-12-22
26881,Sperrmüll,Holzlarer Weg,Pützchen/Bechlinghoven,53229,76,9998,51,9999,2026-04-30,2026-09-25,2026-12-22
27051,Sperrmüll,Im Blankert,Pützchen/Bechlinghoven,53229,2,9998,1,9999,2026-04-27,2026-09-24,2026-12-17
27066,Sperrmüll,Im Bonnet,Pützchen/Bechlinghoven,53229,2,9998,1,9999,2026-04-27,2026-09-24,2026-12-17
27186,Sperrmüll,Im Thelenpfand,Pützchen/Bechlinghoven,53229,2,9998,1,9999,2026-04-30,2026-09-25,2026-12-22
42836,Sperrmüll,Johannis-Hevelius-Str.,Pützchen/Bechlinghoven,53229,2,9998,1,9999,2026-04-27,2026-09-24,2026-12-17
42851,Sperrmüll,Julius-von-Haast-Str.,Pützchen/Bechlinghoven,53229,2,9998,1,9999,2026-04-27,2026-09-24,2026-12-17
30746,Sperrmüll,Kapitelshof,Pützchen/Bechlinghoven,53229,2,9998,1,9999,2026-04-27,2026-09-24,2026-12-17
27606,Sperrmüll,Karmeliterstr.,Pützchen/Bechlinghoven,53229,2,28,1,3,2026-04-27,2026-09-24,2026-12-17
27621,Sperrmüll,Karmeliterstr.,Pützchen/Bechlinghoven,53229,56,9998,71,9999,2026-04-27,2026-09-24,2026-12-17
27636,Sperrmüll,Karmeliterstr.,Pützchen/Bechlinghoven,53229,,,37,69,2026-04-27,2026-09-24,2026-12-17
27651,Sperrmüll,Karmeliterstr.,Pützchen/Bechlinghoven,53229,30,54,5,35,2026-04-27,2026-09-24,2026-12-17
42866,Sperrmüll,Maria-Goeppert-Mayer-Str.,Pützchen/Bechlinghoven,53229,2,9998,1,9999,2026-04-27,2026-09-24,2026-12-17
28445,Sperrmüll,Marktstr.,Pützchen/Bechlinghoven,53229,2,36,1,43,2026-04-27,2026-09-24,2026-12-17
28460,Sperrmüll,Marktstr.,Pützchen/Bechlinghoven,53229,38,82,45,87,2026-04-27,2026-09-24,2026-12-17
43013,Sperrmüll,Marktstr.,Pützchen/Bechlinghoven,53229,84,9998,89,9999,2026-04-27,2026-09-24,2026-12-17
42269,Sperrmüll,Merowingerstr.,Pützchen/Bechlinghoven,53229,2,9998,1,9999,2026-04-21,2026-09-04,2026-12-14
28574,Sperrmüll,Modestusstr.,Pützchen/Bechlinghoven,53229,2,9998,1,9999,2026-04-30,2026-09-25,2026-12-22
24376,Sperrmüll,Monheimstr.,Pützchen/Bechlinghoven,53229,2,9998,1,9999,2026-04-30,2026-09-25,2026-12-22
28679,Sperrmüll,Mutter-Barat-Str.,Pützchen/Bechlinghoven,53229,2,9998,1,9999,2026-04-27,2026-09-24,2026-12-17
29064,Sperrmüll,Pfarrer-Marten-Str.,Pützchen/Bechlinghoven,53229,2,9998,1,9999,2026-04-27,2026-09-24,2026-12-17
30991,Sperrmüll,Rhedenstr.,Pützchen/Bechlinghoven,53229,2,9998,1,9999,2026-04-27,2026-09-24,2026-12-17
29825,Sperrmüll,Rosenbach,Pützchen/Bechlinghoven,53229,2,40,1,29,2026-04-30,2026-09-25,2026-12-22
43228,Sperrmüll,Rosenbach,Pützchen/Bechlinghoven,53229,42,9998,31,9999,2026-04-30,2026-09-25,2026-12-22
29855,Sperrmüll,Rottlandstr.,Pützchen/Bechlinghoven,53229,2,9998,1,9999,2026-04-27,2026-09-24,2026-12-17
29930,Sperrmüll,Sebastianusstr.,Pützchen/Bechlinghoven,53229,2,9998,1,9999,2026-04-30,2026-09-25,2026-12-22
30235,Sperrmüll,Stegerwaldstr.,Pützchen/Bechlinghoven,53229,2,9998,1,9999,2026-04-27,2026-09-24,2026-12-17
30401,Sperrmüll,Teufelsbachweg,Pützchen/Bechlinghoven,53229,2,9998,1,9999,2026-04-30,2026-09-25,2026-12-22
30551,Sperrmüll,Vinzenzstr.,Pützchen/Bechlinghoven,53229,2,9998,1,9999,2026-04-27,2026-09-24,2026-12-17
30566,Sperrmüll,Von-Ketteler-Str.,Pützchen/Bechlinghoven,53229,2,30,1,25,2026-04-27,2026-09-24,2026-12-17
30581,Sperrmüll,Von-Ketteler-Str.,Pützchen/Bechlinghoven,53229,32,9998,27,9999,2026-04-27,2026-09-24,2026-12-17
30871,Sperrmüll,Wilhelm-Flohe-Str.,Pützchen/Bechlinghoven,53229,2,9998,1,9999,2026-04-27,2026-09-24,2026-12-17
26241,Sperrmüll,Am Bonner Bogen,Ramersdorf,53227,2,9998,1,9999,2026-04-14,2026-07-16,2026-12-02
24006,Sperrmüll,Am Bungert,Ramersdorf,53227,2,9998,1,9999,2026-04-14,2026-07-16,2026-12-02
26366,Sperrmüll,Am Conzberg,Ramersdorf,53227,2,9998,1,9999,2026-04-14,2026-07-16,2026-12-02
24226,Sperrmüll,Am Trajekt,Ramersdorf,53227,2,9998,1,9999,2026-04-14,2026-07-16,2026-12-02
24811,Sperrmüll,An der Umkehr,Ramersdorf,53227,2,9998,1,9999,2026-04-14,2026-07-16,2026-12-02
26536,Sperrmüll,Güßgasse,Ramersdorf,53227,2,9998,1,9999,2026-04-15,2026-07-17,2026-12-08
33811,Sperrmüll,Heinrich-Konen-Str.,Ramersdorf,53227,2,9998,1,9999,2026-04-14,2026-07-16,2026-12-02
33871,Sperrmüll,Hermann-Bleibtreu-Ufer,Ramersdorf,53227,2,9998,1,9999,2026-04-14,2026-07-16,2026-12-02
26846,Sperrmüll,Holzgasse,Ramersdorf,53227,2,9998,1,9999,2026-04-14,2026-07-16,2026-12-02
27006,Sperrmüll,Im Alten Wingert,Ramersdorf,53227,2,9998,1,9999,2026-04-14,2026-07-16,2026-12-02
27516,Sperrmüll,Joseph-Schumpeter-Allee,Ramersdorf,53227,2,9998,1,9999,2026-04-14,2026-07-16,2026-12-02
27666,Sperrmüll,Keltersbachweg,Ramersdorf,53227,2,9998,1,9999,2026-04-14,2026-07-16,2026-12-02
28619,Sperrmüll,Kommendeweg,Ramersdorf,53227,2,9998,1,9999,2026-04-14,2026-07-16,2026-12-02
28055,Sperrmüll,Konrad-Zuse-Platz,Ramersdorf,53227,2,9998,1,9999,2026-04-14,2026-07-16,2026-12-02
25566,Sperrmüll,Kreuzritterstr.,Ramersdorf,53227,2,9998,1,9999,2026-04-14,2026-07-16,2026-12-02
28280,Sperrmüll,Lindenstr.,Ramersdorf,53227,2,58,1,37,2026-04-14,2026-07-16,2026-12-02
28295,Sperrmüll,Lindenstr.,Ramersdorf,53227,74,9998,45,9999,2026-04-14,2026-07-16,2026-12-02
42911,Sperrmüll,Lindenstr.,Ramersdorf,53227,60,72,39,43,2026-04-14,2026-07-16,2026-12-02
28505,Sperrmüll,Mehlemstr.,Ramersdorf,53227,2,9998,1,9999,2026-04-14,2026-07-16,2026-12-02
33391,Sperrmüll,Ober den Erlen,Ramersdorf,53227,2,9998,1,9999,2026-04-13,2026-07-15,2026-12-03
26661,Sperrmüll,Oberkasseler Str.,Ramersdorf,53227,2,9998,1,9999,2026-04-14,2026-07-16,2026-12-02
33451,Sperrmüll,Oberkasseler Ufer,Ramersdorf,53227,2,9998,1,9999,2026-04-14,2026-07-16,2026-12-02
29340,Sperrmüll,Portlandweg,Ramersdorf,53227,2,9998,1,9999,2026-04-14,2026-07-16,2026-12-02
29385,Sperrmüll,Rastenweg,Ramersdorf,53227,2,18,1,15,2026-04-14,2026-07-16,2026-12-02
29400,Sperrmüll,Rastenweg,Ramersdorf,53227,20,9998,17,9999,2026-04-14,2026-07-16,2026-12-02
29700,Sperrmüll,Rheinwerkallee,Ramersdorf,53227,2,9998,1,9999,2026-04-14,2026-07-16,2026-12-02
30130,Sperrmüll,Schießbergweg,Ramersdorf,53227,2,9998,1,9999,2026-04-15,2026-07-17,2026-12-08
30686,Sperrmüll,Weidenweg,Ramersdorf,53227,2,9998,1,9999,2026-04-14,2026-07-16,2026-12-02
33916,Sperrmüll,Am Alten Forsthaus,Röttgen,53125,2,9998,1,9999,2026-02-26,2026-06-15,2026-11-03
34126,Sperrmüll,Am Bogen,Röttgen,53125,2,9998,1,9999,2026-02-25,2026-06-12,2026-11-02
34231,Sperrmüll,Am Bungertsbusch,Röttgen,53125,2,9998,1,9999,2026-02-26,2026-06-15,2026-11-03
34311,Sperrmüll,Am Hölder,Röttgen,53125,2,9998,1,9999,2026-02-25,2026-06-12,2026-11-02
33886,Sperrmüll,Am Katzenlochbach,Röttgen,53125,2,9998,1,9999,2026-02-26,2026-06-15,2026-11-03
33931,Sperrmüll,Am Kottenforst,Röttgen,53125,2,9998,1,9999,2026-02-26,2026-06-15,2026-11-03
33946,Sperrmüll,Am Schloßbach,Röttgen,53125,2,9998,1,9999,2026-02-25,2026-06-12,2026-11-02
34556,Sperrmüll,Am Schloßplatz,Röttgen,53125,2,9998,1,9999,2026-02-25,2026-06-12,2026-11-02
33961,Sperrmüll,Am Vogelherd,Röttgen,53125,2,9998,1,9999,2026-02-25,2026-06-12,2026-11-02
34036,Sperrmüll,An den Buchen,Röttgen,53125,2,9998,1,9999,2026-02-26,2026-06-15,2026-11-03
34066,Sperrmüll,An den Eichen,Röttgen,53125,2,9998,1,9999,2026-02-26,2026-06-15,2026-11-03
34401,Sperrmüll,An den Kiefern,Röttgen,53125,2,9998,1,9999,2026-02-26,2026-06-15,2026-11-03
34416,Sperrmüll,Auf dem Kirchweg,Röttgen,53125,2,9998,1,9999,2026-02-25,2026-06-12,2026-11-02
34631,Sperrmüll,Auf dem Rabenplatz,Röttgen,53125,2,9998,1,9999,2026-02-26,2026-06-15,2026-11-03
33976,Sperrmüll,Auf der Bitzen,Röttgen,53125,2,9998,1,9999,2026-02-26,2026-06-15,2026-11-03
33991,Sperrmüll,Auf der Heide,Röttgen,53125,2,9998,1,9999,2026-02-25,2026-06-12,2026-11-02
34006,Sperrmüll,Birkenweg,Röttgen,53125,2,9998,1,9999,2026-02-26,2026-06-15,2026-11-03
34021,Sperrmüll,Blumenstr.,Röttgen,53125,2,9998,1,9999,2026-02-25,2026-06-12,2026-11-02
34831,Sperrmüll,Clementiaweg,Röttgen,53125,2,9998,1,9999,2026-02-25,2026-06-12,2026-11-02
34051,Sperrmüll,Dorfstr.,Röttgen,53125,2,9998,1,9999,2026-02-26,2026-06-15,2026-11-03
42089,Sperrmüll,Elisabeth-Schwarzhaupt-Str.,Röttgen,53125,2,9998,1,9999,2026-02-25,2026-06-12,2026-11-02
34081,Sperrmüll,Falkenweg,Röttgen,53125,2,9998,1,9999,2026-02-25,2026-06-12,2026-11-02
34111,Sperrmüll,Fichtenweg,Röttgen,53125,2,9998,1,9999,2026-02-26,2026-06-15,2026-11-03
34141,Sperrmüll,Flerzheimer Allee,Röttgen,53125,2,9998,1,9999,2026-02-25,2026-06-12,2026-11-02
34156,Sperrmüll,Forststr.,Röttgen,53125,2,9998,1,9999,2026-02-25,2026-06-12,2026-11-02
42029,Sperrmüll,Frieda-Nadig-Str.,Röttgen,53125,2,9998,1,9999,2026-02-25,2026-06-12,2026-11-02
42059,Sperrmüll,Hedwig-Dransfeld-Str.,Röttgen,53125,2,9998,1,9999,2026-02-25,2026-06-12,2026-11-02
34201,Sperrmüll,Heidegartenstr.,Röttgen,53125,2,9998,1,9999,2026-02-25,2026-06-12,2026-11-02
34216,Sperrmüll,Heidgesallee,Röttgen,53125,2,9998,1,9999,2026-02-25,2026-06-12,2026-11-02
42044,Sperrmüll,Helene-Wessel-Str.,Röttgen,53125,2,9998,1,9999,2026-02-25,2026-06-12,2026-11-02
34246,Sperrmüll,Herzogsfreudenweg,Röttgen,53125,2,20,1,21,2026-02-25,2026-06-12,2026-11-02
34266,Sperrmüll,Herzogsfreudenweg,Röttgen,53125,22,9998,23,9999,2026-02-25,2026-06-12,2026-11-02
42074,Sperrmüll,Hildegard-Wegscheider-Str.,Röttgen,53125,2,9998,1,9999,2026-02-25,2026-06-12,2026-11-02
34281,Sperrmüll,Hobsweg,Röttgen,53125,2,84,1,75,2026-02-26,2026-06-15,2026-11-03
34296,Sperrmüll,Hobsweg,Röttgen,53125,86,9998,77,9999,2026-02-26,2026-06-15,2026-11-03
34326,Sperrmüll,Hubertusallee,Röttgen,53125,2,9998,1,9999,2026-02-25,2026-06-12,2026-11-02
34341,Sperrmüll,Im Herrngarten,Röttgen,53125,2,9998,1,9999,2026-02-26,2026-06-15,2026-11-03
34186,Sperrmüll,Im Jagdfeld,Röttgen,53125,2,9998,1,9999,2026-02-26,2026-06-15,2026-11-03
35346,Sperrmüll,Im Jonengarten,Röttgen,53125,2,9998,1,9999,2026-02-26,2026-06-15,2026-11-03
34511,Sperrmüll,Im Pützfeld,Röttgen,53125,2,9998,1,9999,2026-02-26,2026-06-15,2026-11-03
34616,Sperrmüll,Im Wolfsgraben,Röttgen,53125,2,9998,1,9999,2026-02-25,2026-06-12,2026-11-02
34356,Sperrmüll,In der Wehrhecke,Röttgen,53125,2,9998,1,9999,2026-02-26,2026-06-15,2026-11-03
34386,Sperrmüll,Jägerstr.,Röttgen,53125,2,9998,1,9999,2026-02-25,2026-06-12,2026-11-02
35376,Sperrmüll,Karl-Meisen-Weg,Röttgen,53125,2,9998,1,9999,2026-02-26,2026-06-15,2026-11-03
7962,Sperrmüll,Kreuzberger Allee,Röttgen,53125,2,9998,1,9999,2026-02-26,2026-06-15,2026-11-03
34451,Sperrmüll,Kurfürstenplatz,Röttgen,53125,2,9998,1,9999,2026-02-25,2026-06-12,2026-11-02
34466,Sperrmüll,Lindenweg,Röttgen,53125,2,9998,1,9999,2026-02-26,2026-06-15,2026-11-03
41999,Sperrmüll,Marie-Elisabeth-Lüders-Str.,Röttgen,53125,2,9998,1,9999,2026-02-25,2026-06-12,2026-11-02
34496,Sperrmüll,Merler Allee,Röttgen,53125,2,9998,1,9999,2026-02-26,2026-06-15,2026-11-03
34526,Sperrmüll,Reichsstr.,Röttgen,53125,2,46,1,41,2026-02-26,2026-06-15,2026-11-03
34541,Sperrmüll,Reichsstr.,Röttgen,53125,48,68,43,55,2026-02-25,2026-06-12,2026-11-02
43078,Sperrmüll,Reichsstr.,Röttgen,53125,70,9998,57,9999,2026-02-25,2026-06-12,2026-11-02
34661,Sperrmüll,Rulandsweg,Röttgen,53125,2,9998,1,9999,2026-02-26,2026-06-15,2026-11-03
34646,Sperrmüll,Schloßplatz,Röttgen,53125,2,9998,1,9999,2026-02-26,2026-06-15,2026-11-03
34571,Sperrmüll,Schönwaldhaus,Röttgen,53125,2,9998,1,9999,2026-02-26,2026-06-15,2026-11-03
35161,Sperrmüll,Sperberweg,Röttgen,53125,2,9998,1,9999,2026-02-25,2026-06-12,2026-11-02
42014,Sperrmüll,Susanne-Miller-Str.,Röttgen,53125,2,9998,1,9999,2026-02-25,2026-06-12,2026-11-02
34586,Sperrmüll,Tannenweg,Röttgen,53125,2,9998,1,9999,2026-02-26,2026-06-15,2026-11-03
34481,Sperrmüll,Venantiusstr.,Röttgen,53125,2,9998,1,9999,2026-02-25,2026-06-12,2026-11-02
34601,Sperrmüll,Villiper Allee,Röttgen,53125,2,9998,1,9999,2026-02-26,2026-06-15,2026-11-03
34096,Sperrmüll,Wachtelweg,Röttgen,53125,2,9998,1,9999,2026-02-25,2026-06-12,2026-11-02
35361,Sperrmüll,Wilhelm-Kerp-Str.,Röttgen,53125,2,9998,1,9999,2026-02-26,2026-06-15,2026-11-03
38929,Sperrmüll,Witterschlicker Allee,Röttgen,53125,102,9998,103,9999,2026-02-25,2026-06-12,2026-11-02
33901,Sperrmüll,Zedernweg,Röttgen,53125,2,9998,1,9999,2026-02-26,2026-06-15,2026-11-03
23331,Sperrmüll,Am Erdbeerfeld,Rüngsdorf,53179,2,9998,1,9999,2026-03-23,2026-07-08,2026-11-26
14085,Sperrmüll,Am Finkenherd,Rüngsdorf,53179,2,9998,1,9999,2026-03-20,2026-07-07,2026-11-25
14175,Sperrmüll,Am Rheinblick,Rüngsdorf,53179,2,9998,1,9999,2026-03-20,2026-07-07,2026-11-25
14220,Sperrmüll,Am Schwimmbad,Rüngsdorf,53179,2,9998,1,9999,2026-03-24,2026-07-09,2026-11-27
23406,Sperrmüll,An der Marienkapelle,Rüngsdorf,53179,2,9998,1,9999,2026-03-24,2026-07-09,2026-11-27
14360,Sperrmüll,Andreasstr.,Rüngsdorf,53179,2,32,1,15,2026-03-24,2026-07-09,2026-11-27
14375,Sperrmüll,Andreasstr.,Rüngsdorf,53179,34,9998,17,9999,2026-03-24,2026-07-09,2026-11-27
19056,Sperrmüll,Basteistr.,Rüngsdorf,53173,14,68,15,75,2026-03-24,2026-07-09,2026-11-27
19071,Sperrmüll,Basteistr.,Rüngsdorf,53173,70,9998,77,9999,2026-03-24,2026-07-09,2026-11-27
19086,Sperrmüll,Basteistr.,Rüngsdorf,53179,2,12,1,13,2026-03-24,2026-07-09,2026-11-27
42599,Sperrmüll,Beckers Garten,Rüngsdorf,53173,2,9998,1,9999,2026-03-24,2026-07-09,2026-11-27
14985,Sperrmüll,Bismarckallee,Rüngsdorf,53173,2,9998,1,9999,2026-03-24,2026-07-09,2026-11-27
15015,Sperrmüll,Blumenaustr.,Rüngsdorf,53179,2,9998,1,9999,2026-03-24,2026-07-09,2026-11-27
15335,Sperrmüll,Camphausenallee,Rüngsdorf,53173,2,9998,1,9999,2026-03-24,2026-07-09,2026-11-27
15320,Sperrmüll,Cäsariusstr.,Rüngsdorf,53173,2,9998,1,9999,2026-03-24,2026-07-09,2026-11-27
21236,Sperrmüll,Clara-Wieck-Str.,Rüngsdorf,53179,2,9998,1,9999,2026-02-24,2026-07-10,2026-12-16
15455,Sperrmüll,Deichmanns Aue,Rüngsdorf,53179,2,9998,1,9999,2026-03-20,2026-07-07,2026-11-25
44002,Sperrmüll,Deichmanns Aue,Rüngsdorf,53179,,,,,2026-03-20,2026-07-07,2026-11-25
16005,Sperrmüll,Fasanenstr.,Rüngsdorf,53179,2,30,1,25,2026-03-20,2026-07-07,2026-11-25
16020,Sperrmüll,Fasanenstr.,Rüngsdorf,53179,,,,,2026-03-20,2026-07-07,2026-11-25
16035,Sperrmüll,Fasanenstr.,Rüngsdorf,53179,32,9998,27,9999,2026-03-20,2026-07-07,2026-11-25
15000,Sperrmüll,Fontanestr.,Rüngsdorf,53173,2,9998,1,9999,2026-03-24,2026-07-09,2026-11-27
16430,Sperrmüll,Gerhard-Rohlfs-Str.,Rüngsdorf,53173,2,9998,1,9999,2026-03-24,2026-07-09,2026-11-27
23751,Sperrmüll,Godesberger Hof,Rüngsdorf,53173,2,9998,1,9999,2026-03-24,2026-07-09,2026-11-27
16810,Sperrmüll,Gutenbergallee,Rüngsdorf,53179,2,9998,1,9999,2026-03-24,2026-07-09,2026-11-27
17090,Sperrmüll,Heisterbachstr.,Rüngsdorf,53173,2,9998,1,9999,2026-03-24,2026-07-09,2026-11-27
17595,Sperrmüll,Im Meisengarten,Rüngsdorf,53179,2,30,1,13,2026-03-20,2026-07-07,2026-11-25
17610,Sperrmüll,Im Meisengarten,Rüngsdorf,53179,,,15,37,2026-03-20,2026-07-07,2026-11-25
17625,Sperrmüll,Im Meisengarten,Rüngsdorf,53179,32,9998,39,9999,2026-03-20,2026-07-07,2026-11-25
17955,Sperrmüll,Kapellenweg,Rüngsdorf,53179,2,18,1,21,2026-03-24,2026-07-09,2026-11-27
17970,Sperrmüll,Kapellenweg,Rüngsdorf,53179,20,9998,23,9999,2026-03-23,2026-07-08,2026-11-26
17985,Sperrmüll,Karl-Finkelnburg-Str.,Rüngsdorf,53173,2,28,1,27,2026-03-24,2026-07-09,2026-11-27
18000,Sperrmüll,Karl-Finkelnburg-Str.,Rüngsdorf,53173,30,9998,29,9999,2026-03-24,2026-07-09,2026-11-27
16960,Sperrmüll,Konstantinstr.,Rüngsdorf,53179,2,64,1,45,2026-03-24,2026-07-09,2026-11-27
16980,Sperrmüll,Konstantinstr.,Rüngsdorf,53179,90,9998,85,121,2026-03-23,2026-07-08,2026-11-26
16995,Sperrmüll,Konstantinstr.,Rüngsdorf,53179,66,88,47,83,2026-03-23,2026-07-08,2026-11-26
43987,Sperrmüll,Konstantinstr.,Rüngsdorf,53179,,,123,9999,2026-03-23,2026-07-08,2026-11-26
18979,Sperrmüll,Lindenallee,Rüngsdorf,53173,2,9998,1,9999,2026-03-24,2026-07-09,2026-11-27
20631,Sperrmüll,Lortzingstr.,Rüngsdorf,53179,2,9998,1,9999,2026-03-24,2026-07-09,2026-11-27
23436,Sperrmüll,Ludwig-Erhard-Platz,Rüngsdorf,53179,2,9998,1,9999,2026-03-23,2026-07-08,2026-11-26
21176,Sperrmüll,Mendelssohnstr.,Rüngsdorf,53179,2,9998,1,9999,2026-03-23,2026-07-08,2026-11-26
19771,Sperrmüll,Nachtigallenstr.,Rüngsdorf,53179,2,9998,1,9999,2026-03-20,2026-07-07,2026-11-25
16945,Sperrmüll,Offenbachstr.,Rüngsdorf,53173,2,9998,1,9999,2026-03-24,2026-07-09,2026-11-27
20056,Sperrmüll,Panoramaplatz,Rüngsdorf,53173,2,9998,1,9999,2026-03-24,2026-07-09,2026-11-27
15930,Sperrmüll,Professor-Dennert-Str.,Rüngsdorf,53173,2,9998,1,9999,2026-03-24,2026-07-09,2026-11-27
20521,Sperrmüll,Rheinstr.,Rüngsdorf,53179,2,22,1,31,2026-03-24,2026-07-09,2026-11-27
20541,Sperrmüll,Rheinstr.,Rüngsdorf,53179,84,9998,77,9999,2026-03-24,2026-07-09,2026-11-27
20556,Sperrmüll,Rheinstr.,Rüngsdorf,53179,24,82,33,75,2026-03-24,2026-07-09,2026-11-27
20826,Sperrmüll,Rolandstr.,Rüngsdorf,53179,2,36,1,25,2026-03-24,2026-07-09,2026-11-27
20841,Sperrmüll,Rolandstr.,Rüngsdorf,53179,38,9998,27,9999,2026-03-24,2026-07-09,2026-11-27
20736,Sperrmüll,Römerplatz,Rüngsdorf,53173,2,4,1,3,2026-03-24,2026-07-09,2026-11-27
20751,Sperrmüll,Römerplatz,Rüngsdorf,53179,6,8,5,7,2026-03-24,2026-07-09,2026-11-27
20766,Sperrmüll,Römerplatz,Rüngsdorf,53173,10,9998,9,9999,2026-03-24,2026-07-09,2026-11-27
21251,Sperrmüll,Schwannstr.,Rüngsdorf,53179,2,9998,1,9999,2026-03-24,2026-07-09,2026-11-27
21281,Sperrmüll,Sedanstr.,Rüngsdorf,53173,2,8,1,11,2026-03-24,2026-07-09,2026-11-27
21296,Sperrmüll,Sedanstr.,Rüngsdorf,53173,10,9998,13,9999,2026-03-24,2026-07-09,2026-11-27
21410,Sperrmüll,Seufertstr.,Rüngsdorf,53173,2,9998,1,9999,2026-03-23,2026-07-08,2026-11-26
21900,Sperrmüll,Tannenallee,Rüngsdorf,53179,2,9998,1,9999,2026-03-20,2026-07-07,2026-11-25
19711,Sperrmüll,Telemannstr.,Rüngsdorf,53173,2,9998,1,9999,2026-03-24,2026-07-09,2026-11-27
22390,Sperrmüll,Von-Groote-Platz,Rüngsdorf,53173,2,9998,1,9999,2026-03-23,2026-07-08,2026-11-26
22405,Sperrmüll,Von-Sandt-Ufer,Rüngsdorf,53173,2,9998,1,9999,2026-03-23,2026-07-08,2026-11-26
22636,Sperrmüll,Wendelstadtallee,Rüngsdorf,53179,2,9998,1,9999,2026-03-24,2026-07-09,2026-11-27
22681,Sperrmüll,Wiedemannstr.,Rüngsdorf,53173,2,36,1,39,2026-03-24,2026-07-09,2026-11-27
22696,Sperrmüll,Wiedemannstr.,Rüngsdorf,53173,38,58,41,47,2026-03-24,2026-07-09,2026-11-27
22711,Sperrmüll,Wiedemannstr.,Rüngsdorf,53173,60,9998,49,9999,2026-03-24,2026-07-09,2026-11-27
43364,Sperrmüll,Wiedemannstr.,Rüngsdorf,53173,,,,,2026-03-24,2026-07-09,2026-11-27
18934,Sperrmüll,Wielandstr.,Rüngsdorf,53173,2,9998,1,9999,2026-03-24,2026-07-09,2026-11-27
23886,Sperrmüll,Adelheidisstr.,Schwarzrheindorf,53225,2,10,1,21,2026-04-23,2026-09-07,2026-12-15
23901,Sperrmüll,Adelheidisstr.,Schwarzrheindorf,53225,12,9998,23,9999,2026-04-23,2026-09-07,2026-12-15
24526,Sperrmüll,Alt Gensem,Schwarzrheindorf,53225,2,9998,1,9999,2026-04-20,2026-09-01,2026-12-11
42675,Sperrmüll,Am Köppekreuz,Schwarzrheindorf,53225,2,9998,1,9999,2026-04-20,2026-09-01,2026-12-11
24161,Sperrmüll,Am Ledenhof,Schwarzrheindorf,53225,2,9998,1,9999,2026-04-23,2026-09-07,2026-12-15
24691,Sperrmüll,An der Wolfsburg,Schwarzrheindorf,53225,2,9998,1,9999,2026-04-20,2026-09-01,2026-12-11
24346,Sperrmüll,Arnoldstr.,Schwarzrheindorf,53225,2,9998,1,9999,2026-04-20,2026-09-01,2026-12-11
24391,Sperrmüll,Auf dem Hirschberg,Schwarzrheindorf,53225,2,9998,1,9999,2026-04-20,2026-09-01,2026-12-11
24406,Sperrmüll,Auf dem Mühlenberg,Schwarzrheindorf,53225,2,9998,1,9999,2026-04-23,2026-09-07,2026-12-15
24916,Sperrmüll,Bergheimer Str.,Schwarzrheindorf,53225,2,28,1,21,2026-04-20,2026-09-01,2026-12-11
42119,Sperrmüll,Bergheimer Str.,Schwarzrheindorf,53225,30,9998,23,9999,2026-04-20,2026-09-01,2026-12-11
25401,Sperrmüll,Büchelgarten,Schwarzrheindorf,53225,2,9998,1,9999,2026-04-20,2026-09-01,2026-12-11
25476,Sperrmüll,Clemensstr.,Schwarzrheindorf,53225,2,36,1,19,2026-04-20,2026-09-01,2026-12-11
25491,Sperrmüll,Clemensstr.,Schwarzrheindorf,53225,38,9998,21,9999,2026-04-20,2026-09-01,2026-12-11
25611,Sperrmüll,Dixstr.,Schwarzrheindorf,53225,2,9998,1,9999,2026-04-20,2026-09-01,2026-12-11
26056,Sperrmüll,Frankenweg,Schwarzrheindorf,53225,2,9998,1,9999,2026-04-20,2026-09-01,2026-12-11
4465,Sperrmüll,Friedrich-Ebert-Brücke,Schwarzrheindorf,53225,2,9998,1,9999,2026-04-20,2026-09-01,2026-12-11
26336,Sperrmüll,Gensemer Str.,Schwarzrheindorf,53225,2,9998,1,9999,2026-04-20,2026-09-01,2026-12-11
26351,Sperrmüll,Gensemer Str.,Schwarzrheindorf,53225,,,,,2026-04-20,2026-09-01,2026-12-11
30295,Sperrmüll,Haffstr.,Schwarzrheindorf,53225,2,9998,1,9999,2026-04-23,2026-09-07,2026-12-15
30886,Sperrmüll,Henri-Parisot-Str.,Schwarzrheindorf,53225,2,9998,1,9999,2026-04-20,2026-09-01,2026-12-11
26896,Sperrmüll,Hundeshagenstr.,Schwarzrheindorf,53225,2,9998,1,9999,2026-04-20,2026-09-01,2026-12-11
27081,Sperrmüll,Im Gensem,Schwarzrheindorf,53225,2,9998,1,9999,2026-04-20,2026-09-01,2026-12-11
25551,Sperrmüll,Im Niederfeld,Schwarzrheindorf,53225,2,9998,1,9999,2026-04-20,2026-09-01,2026-12-11
27276,Sperrmüll,Jahnstr.,Schwarzrheindorf,53225,2,18,1,17,2026-04-20,2026-09-01,2026-12-11
27291,Sperrmüll,Jahnstr.,Schwarzrheindorf,53225,20,9998,19,9999,2026-04-20,2026-09-01,2026-12-11
27696,Sperrmüll,Kirchfeldstr.,Schwarzrheindorf,53225,2,9998,1,9999,2026-04-23,2026-09-07,2026-12-15
28070,Sperrmüll,Kommentalweg,Schwarzrheindorf,53225,2,9998,1,9999,2026-04-20,2026-09-01,2026-12-11
27746,Sperrmüll,Kurlandstr.,Schwarzrheindorf,53225,2,9998,1,9999,2026-04-23,2026-09-07,2026-12-15
28559,Sperrmüll,Mirecourtstr.,Schwarzrheindorf,53225,2,10,1,9,2026-04-20,2026-09-01,2026-12-11
42104,Sperrmüll,Mirecourtstr.,Schwarzrheindorf,53225,12,9998,15,9999,2026-04-20,2026-09-01,2026-12-11
28814,Sperrmüll,Niederkasseler Str.,Schwarzrheindorf,53225,2,9998,1,9999,2026-04-20,2026-09-01,2026-12-11
29094,Sperrmüll,Pastor-Königs-Weg,Schwarzrheindorf,53225,2,9998,1,9999,2026-04-20,2026-09-01,2026-12-11
29139,Sperrmüll,Petrusstr.,Schwarzrheindorf,53225,2,20,1,21,2026-04-20,2026-09-01,2026-12-11
29154,Sperrmüll,Petrusstr.,Schwarzrheindorf,53225,22,9998,23,9999,2026-04-20,2026-09-01,2026-12-11
25171,Sperrmüll,Samlandstr.,Schwarzrheindorf,53225,2,9998,1,9999,2026-04-23,2026-09-07,2026-12-15
30311,Sperrmüll,Stiftsstr.,Schwarzrheindorf,53225,2,46,1,45,2026-04-20,2026-09-01,2026-12-11
30326,Sperrmüll,Stiftsstr.,Schwarzrheindorf,53225,48,78,47,71,2026-04-23,2026-09-07,2026-12-15
42998,Sperrmüll,Stiftsstr.,Schwarzrheindorf,53225,80,998,73,9999,2026-04-23,2026-09-07,2026-12-15
24706,Sperrmüll,Tentenstr.,Schwarzrheindorf,53225,2,9998,1,9999,2026-04-20,2026-09-01,2026-12-11
30491,Sperrmüll,Vilicher Str.,Schwarzrheindorf,53225,2,26,1,27,2026-04-20,2026-09-01,2026-12-11
30506,Sperrmüll,Vilicher Str.,Schwarzrheindorf,53225,28,9998,29,9999,2026-04-20,2026-09-01,2026-12-11
30731,Sperrmüll,Werdstr.,Schwarzrheindorf,53225,2,9998,1,9999,2026-04-20,2026-09-01,2026-12-11
30776,Sperrmüll,Wittestr.,Schwarzrheindorf,53225,2,22,1,31,2026-04-20,2026-09-01,2026-12-11
30796,Sperrmüll,Wittestr.,Schwarzrheindorf,53225,24,9998,33,9999,2026-04-20,2026-09-01,2026-12-11
30811,Sperrmüll,Wolfsgasse,Schwarzrheindorf,53225,2,9998,1,9999,2026-04-17,2026-09-03,2026-12-09
14040,Sperrmüll,Am Burgfriedhof,Schweinheim,53177,2,9998,1,9999,2026-03-11,2026-06-25,2026-11-18
14205,Sperrmüll,Am Schörnchen,Schweinheim,53177,2,9998,1,9999,2026-03-11,2026-06-25,2026-11-18
14255,Sperrmüll,Am Stadtwald,Schweinheim,53177,2,9998,1,9999,2026-03-11,2026-06-25,2026-11-18
14270,Sperrmüll,Am Stadtwald,Schweinheim,53177,,,,,2026-03-11,2026-06-25,2026-11-18
13965,Sperrmüll,Amalienhöhe,Schweinheim,53177,2,9998,1,9999,2026-03-11,2026-06-25,2026-11-18
14585,Sperrmüll,Auf dem Brand,Schweinheim,53177,2,9998,1,9999,2026-03-11,2026-06-25,2026-11-18
14635,Sperrmüll,Auf dem Rotkopf,Schweinheim,53177,2,9998,1,9999,2026-03-11,2026-06-25,2026-11-18
14650,Sperrmüll,Auf der Ley,Schweinheim,53177,2,9998,1,9999,2026-03-11,2026-06-25,2026-11-18
14740,Sperrmüll,Axenfeldstr.,Schweinheim,53177,2,9998,1,9999,2026-03-11,2026-06-25,2026-11-18
14865,Sperrmüll,Belderbuschstr.,Schweinheim,53177,2,9998,1,9999,2026-03-11,2026-06-25,2026-11-18
14895,Sperrmüll,Burgblick,Schweinheim,53177,2,9998,1,9999,2026-03-11,2026-06-25,2026-11-18
16145,Sperrmüll,Freier Weg,Schweinheim,53177,2,9998,1,9999,2026-03-11,2026-06-25,2026-11-18
17345,Sperrmüll,Horionstr.,Schweinheim,53177,2,44,1,45,2026-03-11,2026-06-25,2026-11-18
17360,Sperrmüll,Horionstr.,Schweinheim,53177,,,,,2026-03-11,2026-06-25,2026-11-18
17375,Sperrmüll,Horionstr.,Schweinheim,53177,46,9998,47,9999,2026-03-11,2026-06-25,2026-11-18
17565,Sperrmüll,Im Hohn,Schweinheim,53177,2,9998,1,9999,2026-03-11,2026-06-25,2026-11-18
17580,Sperrmüll,Im Hohn,Schweinheim,53177,,,,,2026-03-11,2026-06-25,2026-11-18
17790,Sperrmüll,Jägerweg,Schweinheim,53177,2,9998,1,9999,2026-03-11,2026-06-25,2026-11-18
19251,Sperrmüll,Marienforster Allee,Schweinheim,53177,2,9998,1,9999,2026-03-11,2026-06-25,2026-11-18
19266,Sperrmüll,Marienforster Kirchweg,Schweinheim,53177,2,9998,1,9999,2026-03-11,2026-06-25,2026-11-18
19311,Sperrmüll,Marienforster Str.,Schweinheim,53177,2,9998,1,9999,2026-03-11,2026-06-25,2026-11-18
20811,Sperrmüll,Röttgener Weg,Schweinheim,53177,2,9998,1,9999,2026-03-11,2026-06-25,2026-11-18
21146,Sperrmüll,Schmales Alleechen,Schweinheim,53177,2,9998,1,9999,2026-03-11,2026-06-25,2026-11-18
23556,Sperrmüll,Schweinheimer Weg,Schweinheim,53177,2,9998,1,9999,2026-03-11,2026-06-25,2026-11-18
21266,Sperrmüll,Sebastianusweg,Schweinheim,53177,2,9998,1,9999,2026-03-11,2026-06-25,2026-11-18
21840,Sperrmüll,Stümpchensweg,Schweinheim,53177,2,9998,1,9999,2026-03-11,2026-06-25,2026-11-18
22195,Sperrmüll,Venner Kirchweg,Schweinheim,53177,2,9998,1,9999,2026-03-11,2026-06-25,2026-11-18
22210,Sperrmüll,Venner Str.,Schweinheim,53177,2,9998,1,9999,2026-03-11,2026-06-25,2026-11-18
22225,Sperrmüll,Venner Str.,Schweinheim,53177,,,,,2026-03-11,2026-06-25,2026-11-18
22450,Sperrmüll,Waldburgstr.,Schweinheim,53177,2,34,1,27,2026-03-11,2026-06-25,2026-11-18
22465,Sperrmüll,Waldburgstr.,Schweinheim,53177,36,9998,29,9999,2026-03-11,2026-06-25,2026-11-18
22480,Sperrmüll,Waldstr.,Schweinheim,53177,2,9998,1,29,2026-03-11,2026-06-25,2026-11-18
43824,Sperrmüll,Waldstr.,Schweinheim,53177,,,31,33,2026-03-11,2026-06-25,2026-11-18
43839,Sperrmüll,Waldstr.,Schweinheim,53177,,,35,9999,2026-03-11,2026-06-25,2026-11-18
22510,Sperrmüll,Wattendorfer Allee,Schweinheim,53177,2,9998,1,9999,2026-03-11,2026-06-25,2026-11-18
22666,Sperrmüll,Wichterichstr.,Schweinheim,53177,2,9998,1,9999,2026-03-11,2026-06-25,2026-11-18
17450,Sperrmüll,Wiedstr.,Schweinheim,53177,2,9998,1,9999,2026-03-11,2026-06-25,2026-11-18
512,Sperrmüll,Am Hofgarten,Südstadt,53113,2,9998,1,9999,2026-02-06,2026-05-29,2026-10-01
803,Sperrmüll,Am Poppelsdorfer Weiher,Südstadt,53115,2,9998,1,9999,2026-02-02,2026-05-22,2026-10-05
5689,Sperrmüll,An der Elisabethkirche,Südstadt,53113,2,9998,1,9999,2026-02-02,2026-05-22,2026-10-05
883,Sperrmüll,An der Evangel. Kirche,Südstadt,53113,2,9998,1,9999,2026-02-06,2026-05-29,2026-10-01
5764,Sperrmüll,Bernard-Custodis-Str.,Südstadt,53113,2,9998,1,9999,2026-03-13,2026-07-17,2026-12-21
1971,Sperrmüll,Bismarckstr.,Südstadt,53113,2,9998,1,9999,2026-02-02,2026-05-22,2026-10-05
2359,Sperrmüll,Brassertufer,Südstadt,53111,2,9998,1,9999,2026-01-30,2026-05-20,2026-09-29
2872,Sperrmüll,Clausiusstr.,Südstadt,53113,2,9998,1,9999,2026-02-02,2026-05-22,2026-10-05
3132,Sperrmüll,Diezstr.,Südstadt,53113,2,9998,1,9999,2026-03-13,2026-07-17,2026-12-21
3363,Sperrmüll,Dyroffstr.,Südstadt,53113,2,9998,1,9999,2026-02-06,2026-05-29,2026-10-01
3874,Sperrmüll,Ermekeilstr.,Südstadt,53113,2,9998,1,9999,2026-02-02,2026-05-22,2026-10-05
3889,Sperrmüll,Erste Fährgasse,Südstadt,53113,2,9998,1,9999,2026-01-30,2026-05-20,2026-09-29
4419,Sperrmüll,Fritz-Tillmann-Str.,Südstadt,53113,2,9998,1,9999,2026-02-06,2026-05-29,2026-10-01
4802,Sperrmüll,Goebenstr.,Südstadt,53113,2,18,1,17,2026-02-02,2026-05-22,2026-10-05
4817,Sperrmüll,Goebenstr.,Südstadt,53113,20,9998,19,9999,2026-02-02,2026-05-22,2026-10-05
4847,Sperrmüll,Goethestr.,Südstadt,53113,2,9998,1,9999,2026-02-02,2026-05-22,2026-10-05
7401,Sperrmüll,Hans-Iwand-Str.,Südstadt,53113,2,9998,1,9999,2026-02-06,2026-05-29,2026-10-01
5362,Sperrmüll,Hartsteinstr.,Südstadt,53115,2,9998,1,9999,2026-02-02,2026-05-22,2026-10-05
5964,Sperrmüll,Heinrich-von-Kleist-Str.,Südstadt,53113,2,9998,1,9999,2026-02-02,2026-05-22,2026-10-05
7872,Sperrmüll,Königstr.,Südstadt,53113,2,40,1,37,2026-02-02,2026-05-22,2026-10-05
7887,Sperrmüll,Königstr.,Südstadt,53115,42,74,39,65,2026-02-02,2026-05-22,2026-10-05
42314,Sperrmüll,Königstr.,Südstadt,53115,88,9998,89,9999,2026-02-02,2026-05-22,2026-10-05
42449,Sperrmüll,Königstr.,Südstadt,53115,76,86,67,87,2026-02-02,2026-05-22,2026-10-05
8007,Sperrmüll,Kurfürstenstr.,Südstadt,53115,2,9998,1,9999,2026-02-02,2026-05-22,2026-10-05
8299,Sperrmüll,Lessingstr.,Südstadt,53113,2,50,1,51,2026-02-02,2026-05-22,2026-10-05
8314,Sperrmüll,Lessingstr.,Südstadt,53113,52,9998,53,9999,2026-02-02,2026-05-22,2026-10-05
8520,Sperrmüll,Loestr.,Südstadt,53113,2,9998,1,9999,2026-02-02,2026-05-22,2026-10-05
8805,Sperrmüll,Maarflach,Südstadt,53113,2,9998,1,9999,2026-02-06,2026-05-29,2026-10-01
9661,Sperrmüll,Nassestr.,Südstadt,53113,2,6,1,9,2026-02-06,2026-05-29,2026-10-01
9676,Sperrmüll,Nassestr.,Südstadt,53113,8,9998,11,9999,2026-02-06,2026-05-29,2026-10-01
4782,Sperrmüll,Oskar-Walzel-Str.,Südstadt,53113,2,9998,1,9999,2026-02-02,2026-05-22,2026-10-05
10376,Sperrmüll,Poppelsdorfer Allee,Südstadt,53115,2,40,1,33,2026-02-02,2026-05-22,2026-10-05
10395,Sperrmüll,Poppelsdorfer Allee,Südstadt,53115,42,9998,35,9999,2026-01-20,2026-06-19,2026-11-27
7992,Sperrmüll,Prinz-Albert-Str.,Südstadt,53113,2,9998,1,9999,2026-02-02,2026-05-22,2026-10-05
10579,Sperrmüll,Rathenauufer,Südstadt,53113,2,9998,1,9999,2026-01-30,2026-05-20,2026-09-29
11009,Sperrmüll,Riesstr.,Südstadt,53113,2,9998,1,9999,2026-02-06,2026-05-29,2026-10-01
11024,Sperrmüll,Rittershausstr.,Südstadt,53113,2,9998,1,9999,2026-02-02,2026-05-22,2026-10-05
11619,Sperrmüll,Schaumburg-Lippe-Str.,Südstadt,53113,2,9998,1,9999,2026-01-30,2026-05-20,2026-09-29
11724,Sperrmüll,Schloßstr.,Südstadt,53115,2,9998,1,9999,2026-02-02,2026-05-22,2026-10-05
11844,Sperrmüll,Schumannstr.,Südstadt,53113,2,42,1,57,2026-02-02,2026-05-22,2026-10-05
11859,Sperrmüll,Schumannstr.,Südstadt,53113,44,9998,59,9999,2026-02-02,2026-05-22,2026-10-05
12498,Sperrmüll,Thielstr.,Südstadt,53113,2,9998,1,9999,2026-03-13,2026-07-17,2026-12-21
12848,Sperrmüll,Venusbergweg,Südstadt,53115,2,20,1,33,2026-02-02,2026-05-22,2026-10-05
12863,Sperrmüll,Venusbergweg,Südstadt,53115,22,9998,35,9999,2026-02-02,2026-05-22,2026-10-05
9248,Sperrmüll,Wernher-von-Braun-Str.,Südstadt,53113,2,9998,1,9999,2026-03-13,2026-07-17,2026-12-21
11325,Sperrmüll,Wilhelm-Levison-Str.,Südstadt,53115,2,9998,1,9999,2026-02-02,2026-05-22,2026-10-05
36254,Sperrmüll,Agnetendorfer Str.,Tannenbusch,53119,2,6,1,33,2026-01-27,2026-05-13,2026-09-22
36269,Sperrmüll,Agnetendorfer Str.,Tannenbusch,53119,8,9998,35,9999,2026-01-08,2026-05-08,2026-09-17
10166,Sperrmüll,Am Krähenhorst,Tannenbusch,53119,2,6,1,9,2026-01-28,2026-05-18,2026-09-23
10181,Sperrmüll,Am Krähenhorst,Tannenbusch,53119,8,9998,11,9999,2026-01-09,2026-05-11,2026-09-18
713,Sperrmüll,Am Ringwall,Tannenbusch,53119,2,9998,1,9999,2026-01-26,2026-05-12,2026-09-21
758,Sperrmüll,Am Schützenhof,Tannenbusch,53119,2,9998,1,9999,2026-01-26,2026-05-12,2026-09-21
773,Sperrmüll,Amselweg,Tannenbusch,53119,2,9998,1,9999,2026-01-09,2026-05-11,2026-09-18
1429,Sperrmüll,An der Düne,Tannenbusch,53119,2,9998,1,9999,2026-01-09,2026-05-11,2026-09-18
928,Sperrmüll,An der Steinbrücke,Tannenbusch,53119,2,9998,1,9999,2026-01-09,2026-05-11,2026-09-18
1862,Sperrmüll,Berta-Lungstras-Str.,Tannenbusch,53119,2,9998,1,9999,2026-01-09,2026-05-11,2026-09-18
35820,Sperrmüll,Beuthener Str.,Tannenbusch,53117,2,9998,1,9999,2026-01-08,2026-05-08,2026-09-17
35965,Sperrmüll,Brieger Weg,Tannenbusch,53119,2,9998,1,9999,2026-01-27,2026-05-13,2026-09-22
2750,Sperrmüll,Bunzlauer Weg,Tannenbusch,53119,2,9998,1,9999,2026-01-27,2026-05-13,2026-09-22
36025,Sperrmüll,Camminer Str.,Tannenbusch,53119,2,9998,1,9999,2026-01-07,2026-05-07,2026-09-16
3012,Sperrmüll,Chemnitzer Weg,Tannenbusch,53119,2,9998,1,9999,2026-01-26,2026-05-12,2026-09-21
3318,Sperrmüll,Drosselweg,Tannenbusch,53119,2,9998,1,9999,2026-01-09,2026-05-11,2026-09-18
36539,Sperrmüll,Georg-Elser-Weg,Tannenbusch,53119,2,9998,1,9999,2026-01-08,2026-05-08,2026-09-17
4707,Sperrmüll,Glatzer Str.,Tannenbusch,53119,2,9998,1,9999,2026-01-07,2026-05-07,2026-09-16
5132,Sperrmüll,Gleiwitzer Weg,Tannenbusch,53119,2,9998,1,9999,2026-01-27,2026-05-13,2026-09-22
35935,Sperrmüll,Glogauer Str.,Tannenbusch,53117,2,9998,1,9999,2026-01-08,2026-05-08,2026-09-17
4832,Sperrmüll,Görlitzer Str.,Tannenbusch,53119,2,9998,1,9999,2026-01-09,2026-05-11,2026-09-18
36040,Sperrmüll,Greifswalder Weg,Tannenbusch,53119,2,9998,1,9999,2026-01-07,2026-05-07,2026-09-16
36160,Sperrmüll,Hermannstädter Str.,Tannenbusch,53119,2,9998,1,9999,2026-01-27,2026-05-13,2026-09-22
35915,Sperrmüll,Hirschberger Str.,Tannenbusch,53119,2,9998,1,9999,2026-01-27,2026-05-13,2026-09-22
5979,Sperrmüll,Hohe Str.,Tannenbusch,53119,,,1,11,2026-01-09,2026-05-11,2026-09-18
5994,Sperrmüll,Hohe Str.,Tannenbusch,53119,68,9998,77,9999,2026-01-26,2026-05-12,2026-09-21
6009,Sperrmüll,Hohe Str.,Tannenbusch,53119,2,36,13,67,2026-01-09,2026-05-11,2026-09-18
6024,Sperrmüll,Hohe Str.,Tannenbusch,53119,38,66,69,75,2026-01-26,2026-05-12,2026-09-21
6384,Sperrmüll,Im Tannenbusch,Tannenbusch,53119,2,9998,1,9999,2026-01-09,2026-05-11,2026-09-18
3689,Sperrmüll,Jakob-Hengstler-Str.,Tannenbusch,53119,2,9998,1,9999,2026-01-09,2026-05-11,2026-09-18
8084,Sperrmüll,Kattowitzer Weg,Tannenbusch,53119,2,9998,1,9999,2026-01-27,2026-05-13,2026-09-22
7857,Sperrmüll,Königsberger Str.,Tannenbusch,53119,2,9998,1,9999,2026-01-09,2026-05-11,2026-09-18
43334,Sperrmüll,Königsberger Str.,Tannenbusch,53119,,,,,2026-01-09,2026-05-11,2026-09-18
36145,Sperrmüll,Kronstädter Str.,Tannenbusch,53119,2,9998,1,9999,2026-01-27,2026-05-13,2026-09-22
8164,Sperrmüll,Landsberger Str.,Tannenbusch,53119,2,9998,1,9999,2026-01-09,2026-05-11,2026-09-18
8239,Sperrmüll,Leipziger Str.,Tannenbusch,53119,2,9998,1,9999,2026-01-09,2026-05-11,2026-09-18
8284,Sperrmüll,Lerchenweg,Tannenbusch,53119,2,9998,1,9999,2026-01-09,2026-05-11,2026-09-18
8345,Sperrmüll,Liegnitzer Str.,Tannenbusch,53119,2,9998,1,9999,2026-01-09,2026-05-11,2026-09-18
5117,Sperrmüll,Löwenberger Weg,Tannenbusch,53119,2,9998,1,9999,2026-01-27,2026-05-13,2026-09-22
8670,Sperrmüll,Lübener Weg,Tannenbusch,53119,2,9998,1,9999,2026-01-26,2026-05-12,2026-09-21
2404,Sperrmüll,Magdeburger Str.,Tannenbusch,53119,2,9998,1,9999,2026-01-09,2026-05-11,2026-09-18
8972,Sperrmüll,Marienburger Str.,Tannenbusch,53119,2,9998,1,9999,2026-01-09,2026-05-11,2026-09-18
44347,Sperrmüll,Marienburger Str.,Tannenbusch,53119,,,,,2026-01-09,2026-05-11,2026-09-18
9536,Sperrmüll,Masurenweg,Tannenbusch,53119,2,9998,1,9999,2026-01-26,2026-05-12,2026-09-21
9263,Sperrmüll,Meisenweg,Tannenbusch,53119,2,9998,1,9999,2026-01-09,2026-05-11,2026-09-18
9521,Sperrmüll,Memelweg,Tannenbusch,53119,2,9998,1,9999,2026-01-26,2026-05-12,2026-09-21
5102,Sperrmüll,Münsterberger Weg,Tannenbusch,53119,2,9998,1,9999,2026-01-27,2026-05-13,2026-09-22
35855,Sperrmüll,Oelser Str.,Tannenbusch,53117,2,9998,1,9999,2026-01-08,2026-05-08,2026-09-17
9952,Sperrmüll,Oppelner Str.,Tannenbusch,53119,2,110,1,39,2026-01-09,2026-05-11,2026-09-18
9972,Sperrmüll,Oppelner Str.,Tannenbusch,53119,112,9998,41,9999,2026-01-27,2026-05-13,2026-09-22
10026,Sperrmüll,Ostpreußenstr.,Tannenbusch,53119,2,9998,1,9999,2026-01-27,2026-05-13,2026-09-22
10241,Sperrmüll,Paulusplatz,Tannenbusch,53119,2,9998,1,9999,2026-01-09,2026-05-11,2026-09-18
36100,Sperrmüll,Pommernstr.,Tannenbusch,53119,2,9998,1,9999,2026-01-27,2026-05-13,2026-09-22
10151,Sperrmüll,Posener Weg,Tannenbusch,53119,2,9998,1,9999,2026-01-26,2026-05-12,2026-09-21
35620,Sperrmüll,Reichenbacher Str.,Tannenbusch,53119,2,9998,1,9999,2026-01-27,2026-05-13,2026-09-22
11449,Sperrmüll,Riesengebirgsstr.,Tannenbusch,53119,2,9998,1,9999,2026-01-26,2026-05-12,2026-09-21
4094,Sperrmüll,Rotkehlchenweg,Tannenbusch,53119,2,9998,1,9999,2026-01-09,2026-05-11,2026-09-18
11769,Sperrmüll,Schneidemühler Str.,Tannenbusch,53119,2,9998,1,9999,2026-01-09,2026-05-11,2026-09-18
35950,Sperrmüll,Schweidnitzer Weg,Tannenbusch,53119,2,9998,1,9999,2026-01-27,2026-05-13,2026-09-22
36130,Sperrmüll,Siebenbürgenstr.,Tannenbusch,53119,2,9998,1,9999,2026-01-27,2026-05-13,2026-09-22
12043,Sperrmüll,Soenneckenstr.,Tannenbusch,53119,2,9998,1,9999,2026-01-28,2026-05-18,2026-09-23
36479,Sperrmüll,Sonnenhof,Tannenbusch,53119,2,9998,1,9999,2026-01-08,2026-05-08,2026-09-17
35870,Sperrmüll,Sprottauer Str.,Tannenbusch,53117,2,9998,1,9999,2026-01-08,2026-05-08,2026-09-17
12212,Sperrmüll,Stettiner Str.,Tannenbusch,53119,2,9998,1,9999,2026-01-09,2026-05-11,2026-09-18
36055,Sperrmüll,Stolpmünder Str.,Tannenbusch,53119,2,9998,1,9999,2026-01-07,2026-05-07,2026-09-16
12278,Sperrmüll,Stolpstr.,Tannenbusch,53119,2,9998,1,9999,2026-01-07,2026-05-07,2026-09-16
36070,Sperrmüll,Stralsunder Weg,Tannenbusch,53119,2,9998,1,9999,2026-01-07,2026-05-07,2026-09-16
12353,Sperrmüll,Sudetenstr.,Tannenbusch,53119,2,100,1,61,2026-01-27,2026-05-13,2026-09-22
43424,Sperrmüll,Sudetenstr.,Tannenbusch,53119,102,9998,63,9999,2026-01-26,2026-05-12,2026-09-21
36085,Sperrmüll,Swinemünder Str.,Tannenbusch,53119,2,9998,1,9999,2026-01-07,2026-05-07,2026-09-16
35900,Sperrmüll,Waldenburger Ring,Tannenbusch,53119,2,9998,1,9999,2026-01-27,2026-05-13,2026-09-22
36115,Sperrmüll,Westpreußenstr.,Tannenbusch,53119,2,9998,1,9999,2026-01-27,2026-05-13,2026-09-22
13679,Sperrmüll,Zeisigweg,Tannenbusch,53119,2,9998,1,9999,2026-01-28,2026-05-18,2026-09-23
36314,Sperrmüll,Zoppoter Str.,Tannenbusch,53119,2,9998,1,9999,2026-01-27,2026-05-13,2026-09-22
34846,Sperrmüll,Am Alfterhof,Ückesdorf,53125,2,9998,1,9999,2026-02-25,2026-06-12,2026-11-02
35176,Sperrmüll,Am Götgesbach,Ückesdorf,53125,2,9998,1,23,2026-02-25,2026-06-12,2026-11-02
35196,Sperrmüll,Am Götgesbach,Ückesdorf,53125,,,25,9999,2026-02-25,2026-06-12,2026-11-02
34861,Sperrmüll,An den Kreuzen,Ückesdorf,53125,2,9998,1,9999,2026-02-25,2026-06-12,2026-11-02
34876,Sperrmüll,Annaweg,Ückesdorf,53125,2,9998,1,9999,2026-02-25,2026-06-12,2026-11-02
34906,Sperrmüll,Auf dem Weiler,Ückesdorf,53125,2,9998,1,9999,2026-02-25,2026-06-12,2026-11-02
34921,Sperrmüll,Auf den Steinen,Ückesdorf,53125,2,50,1,41,2026-02-25,2026-06-12,2026-11-02
34936,Sperrmüll,Auf den Steinen,Ückesdorf,53125,52,9998,43,9999,2026-02-25,2026-06-12,2026-11-02
34951,Sperrmüll,Barbaraweg,Ückesdorf,53125,2,9998,1,9999,2026-02-25,2026-06-12,2026-11-02
35211,Sperrmüll,Caspar-D.-Friedrich-Str.,Ückesdorf,53125,2,9998,1,9999,2026-02-25,2026-06-12,2026-11-02
35226,Sperrmüll,Charles-Wimar-Str.,Ückesdorf,53125,2,9998,1,9999,2026-02-25,2026-06-12,2026-11-02
35241,Sperrmüll,Emanuel-Leutze-Str.,Ückesdorf,53125,2,9998,1,9999,2026-02-25,2026-06-12,2026-11-02
34966,Sperrmüll,Florastr.,Ückesdorf,53125,2,9998,1,9999,2026-02-25,2026-06-12,2026-11-02
34981,Sperrmüll,Fonckstr.,Ückesdorf,53125,2,9998,1,9999,2026-02-25,2026-06-12,2026-11-02
35116,Sperrmüll,Franz-Böckle-Str.,Ückesdorf,53125,2,9998,1,9999,2026-02-25,2026-06-12,2026-11-02
35391,Sperrmüll,Georg-Weiß-Weg,Ückesdorf,53125,2,9998,1,9999,2026-02-25,2026-06-12,2026-11-02
35331,Sperrmüll,Heinrich-Dittmaier-Str.,Ückesdorf,53125,2,9998,1,9999,2026-02-25,2026-06-12,2026-11-02
35011,Sperrmüll,Henriettenstr.,Ückesdorf,53125,2,9998,1,9999,2026-02-25,2026-06-12,2026-11-02
35256,Sperrmüll,Hermann-Schlösser-Str.,Ückesdorf,53125,2,9998,1,9999,2026-02-25,2026-06-12,2026-11-02
35026,Sperrmüll,Höhlenweg,Ückesdorf,53125,2,9998,1,9999,2026-02-25,2026-06-12,2026-11-02
35041,Sperrmüll,Hubertusstr.,Ückesdorf,53125,2,50,1,45,2026-02-25,2026-06-12,2026-11-02
35056,Sperrmüll,Hubertusstr.,Ückesdorf,53125,52,9998,47,9999,2026-02-25,2026-06-12,2026-11-02
34891,Sperrmüll,Im Rosenhag,Ückesdorf,53125,2,9998,1,9999,2026-02-25,2026-06-12,2026-11-02
34371,Sperrmüll,Im Schmalzacker,Ückesdorf,53125,2,9998,1,9999,2026-02-25,2026-06-12,2026-11-02
35071,Sperrmüll,In der Langhecke,Ückesdorf,53125,2,9998,1,9999,2026-02-25,2026-06-12,2026-11-02
35086,Sperrmüll,In der Wieste,Ückesdorf,53125,2,9998,1,9999,2026-02-25,2026-06-12,2026-11-02
35271,Sperrmüll,Johann-W.-Schirmer-Str.,Ückesdorf,53125,2,9998,1,9999,2026-02-25,2026-06-12,2026-11-02
35131,Sperrmüll,Liebfrauenweg,Ückesdorf,53125,2,9998,1,9999,2026-02-25,2026-06-12,2026-11-02
35146,Sperrmüll,Magdalenenweg,Ückesdorf,53125,2,9998,1,9999,2026-02-25,2026-06-12,2026-11-02
34171,Sperrmüll,Max-Braubach-Str.,Ückesdorf,53125,2,9998,1,9999,2026-02-25,2026-06-12,2026-11-02
35286,Sperrmüll,Max-Ernst-Str.,Ückesdorf,53125,2,9998,1,9999,2026-02-25,2026-06-12,2026-11-02
35301,Sperrmüll,Oswald-Achenbach-Str.,Ückesdorf,53125,2,9998,1,9999,2026-02-25,2026-06-12,2026-11-02
34676,Sperrmüll,Theresienweg,Ückesdorf,53125,2,9998,1,9999,2026-02-25,2026-06-12,2026-11-02
34996,Sperrmüll,Von-Halberg-Str.,Ückesdorf,53125,2,9998,1,9999,2026-02-24,2026-06-11,2026-10-16
35316,Sperrmüll,Von-Kügelgen-Str.,Ückesdorf,53125,2,9998,1,9999,2026-02-25,2026-06-12,2026-11-02
35101,Sperrmüll,Zum Wingertsberg,Ückesdorf,53125,2,9998,1,9999,2026-02-24,2026-06-11,2026-10-16
623,Sperrmüll,Am Paulshof,Venusberg,53127,2,10,,,2026-03-03,2026-06-17,2026-11-05
638,Sperrmüll,Am Paulshof,Venusberg,53127,12,9998,1,9999,2026-03-03,2026-06-17,2026-11-05
12433,Sperrmüll,An der Casselsruhe,Venusberg,53127,2,9998,1,9999,2026-03-03,2026-06-17,2026-11-05
3272,Sperrmüll,An der Waldau,Venusberg,53127,2,9998,1,9999,2026-02-27,2026-06-16,2026-11-04
958,Sperrmüll,Anemonenweg,Venusberg,53127,2,9998,1,9999,2026-03-13,2026-07-17,2026-12-21
2046,Sperrmüll,Bodelschwinghweg,Venusberg,53127,2,9998,1,9999,2026-03-03,2026-06-17,2026-11-05
1909,Sperrmüll,Borkenweg,Venusberg,53127,2,9998,1,9999,2026-03-03,2026-06-17,2026-11-05
2419,Sperrmüll,Brombeerweg,Venusberg,53127,2,9998,1,9999,2026-03-03,2026-06-17,2026-11-05
3162,Sperrmüll,Don-Bosco-Str.,Venusberg,53127,2,9998,1,9999,2026-03-03,2026-06-17,2026-11-05
3408,Sperrmüll,Dottendorfer Allee,Venusberg,53129,2,9998,1,9999,2026-03-03,2026-06-17,2026-11-05
3470,Sperrmüll,Ebereschenweg,Venusberg,53127,2,9998,1,9999,2026-03-03,2026-06-17,2026-11-05
3538,Sperrmüll,Ehrlichstr.,Venusberg,53127,2,9998,1,9999,2026-03-03,2026-06-17,2026-11-05
3553,Sperrmüll,Eibenweg,Venusberg,53127,2,9998,1,9999,2026-03-03,2026-06-17,2026-11-05
12,Sperrmüll,Ernst-Abbe-Str.,Venusberg,53127,2,9998,1,9999,2026-03-03,2026-06-17,2026-11-05
118,Sperrmüll,Espenweg,Venusberg,53127,2,9998,1,9999,2026-03-03,2026-06-17,2026-11-05
4343,Sperrmüll,Friedrich-Schultze-Str.,Venusberg,53127,2,9998,1,9999,2026-03-03,2026-06-17,2026-11-05
4511,Sperrmüll,Garréstr.,Venusberg,53127,2,9998,1,9999,2026-03-13,2026-07-17,2026-12-21
4982,Sperrmüll,Gustav-von-Veit-Str.,Venusberg,53127,2,9998,1,9999,2026-03-13,2026-07-17,2026-12-21
5482,Sperrmüll,Hauweg,Venusberg,53127,2,9998,1,9999,2026-03-03,2026-06-17,2026-11-05
5607,Sperrmüll,Heinrich-Blömer-Weg,Venusberg,53127,2,9998,1,9999,2026-03-03,2026-06-17,2026-11-05
5622,Sperrmüll,Heinrich-Els-Str.,Venusberg,53127,2,9998,1,9999,2026-03-03,2026-06-17,2026-11-05
5637,Sperrmüll,Heinrich-Fritsch-Str.,Venusberg,53127,2,9998,1,9999,2026-03-03,2026-06-17,2026-11-05
6039,Sperrmüll,Holunderweg,Venusberg,53127,2,9998,1,9999,2026-03-03,2026-06-17,2026-11-05
6696,Sperrmüll,Johannes-Müller-Str.,Venusberg,53127,2,9998,1,9999,2026-03-13,2026-07-17,2026-12-21
3227,Sperrmüll,Karl-Landsteiner-Str.,Venusberg,53127,2,9998,1,9999,2026-03-03,2026-06-17,2026-11-05
7356,Sperrmüll,Kiefernweg,Venusberg,53127,2,9998,1,9999,2026-03-03,2026-06-17,2026-11-05
11280,Sperrmüll,Paul-Martini-Str.,Venusberg,53127,2,9998,1,9999,2026-03-03,2026-06-17,2026-11-05
11968,Sperrmüll,Sauerbruchstr.,Venusberg,53127,2,9998,1,9999,2026-03-03,2026-06-17,2026-11-05
11589,Sperrmüll,Schaaffhausenstr.,Venusberg,53127,2,9998,1,9999,2026-03-03,2026-06-17,2026-11-05
11694,Sperrmüll,Schleichstr.,Venusberg,53127,2,9998,1,9999,2026-03-03,2026-06-17,2026-11-05
11983,Sperrmüll,Sertürnerstr.,Venusberg,53127,2,9998,1,9999,2026-03-03,2026-06-17,2026-11-05
988,Sperrmüll,Sigmund-Freud-Str.,Venusberg,53127,2,9998,1,9999,2026-03-03,2026-06-17,2026-11-05
43138,Sperrmüll,Venusberg-Campus,Venusberg,0,2,9998,1,9999,2026-03-03,2026-06-17,2026-11-05
13059,Sperrmüll,Wacholderweg,Venusberg,53127,2,9998,1,9999,2026-03-03,2026-06-17,2026-11-05
13089,Sperrmüll,Waldauweg,Venusberg,53127,2,9998,1,9999,2026-03-03,2026-06-17,2026-11-05
24721,Sperrmüll,Alice-Salomon-Str.,Vilich,53229,2,9998,1,9999,2026-04-24,2026-09-08,2026-12-16
24021,Sperrmüll,Am Burgpark,Vilich,53225,2,9998,1,9999,2026-04-23,2026-09-07,2026-12-15
24496,Sperrmüll,An der Burg Lede,Vilich,53225,2,9998,1,9999,2026-04-23,2026-09-07,2026-12-15
24736,Sperrmüll,Anne-Marie-Prévot-Str.,Vilich,53229,2,9998,1,9999,2026-04-24,2026-09-08,2026-12-16
43168,Sperrmüll,Elisestr.,Vilich,0,2,9998,1,9999,2026-04-23,2026-09-07,2026-12-15
25891,Sperrmüll,Ewigstr.,Vilich,53225,2,9998,1,9999,2026-04-23,2026-09-07,2026-12-15
43183,Sperrmüll,Fideliostr.,Vilich,53225,2,9998,1,9999,2026-04-23,2026-09-07,2026-12-15
43063,Sperrmüll,Freudestr.,Vilich,53225,2,9998,1,9999,2026-04-23,2026-09-07,2026-12-15
26286,Sperrmüll,Gartenstr.,Vilich,53229,2,62,1,83,2026-04-24,2026-09-08,2026-12-16
26306,Sperrmüll,Gartenstr.,Vilich,53229,64,102,85,125,2026-04-24,2026-09-08,2026-12-16
26321,Sperrmüll,Gartenstr.,Vilich,53225,104,9998,127,9999,2026-04-23,2026-09-07,2026-12-15
43629,Sperrmüll,Gerbergastr.,Vilich,53225,2,9998,1,9999,2026-04-22,2026-09-02,2026-12-10
26381,Sperrmüll,Gerhardstr.,Vilich,53229,2,9998,1,9999,2026-04-24,2026-09-08,2026-12-16
26551,Sperrmüll,Gorch-Fock-Str.,Vilich,53229,2,9998,1,9999,2026-04-24,2026-09-08,2026-12-16
26931,Sperrmüll,Helene-Weber-Str.,Vilich,53229,2,9998,1,9999,2026-04-24,2026-09-08,2026-12-16
26946,Sperrmüll,Hermann-Gmeiner-Str.,Vilich,53229,2,9998,1,9999,2026-04-24,2026-09-08,2026-12-16
27171,Sperrmüll,Im Röhfeld,Vilich,53229,2,9998,1,9999,2026-04-24,2026-09-08,2026-12-16
27306,Sperrmüll,Jakob-Kaiser-Str.,Vilich,53225,2,9998,1,9999,2026-04-23,2026-09-07,2026-12-15
28739,Sperrmüll,Johannes-Norbisrath-Str.,Vilich,53229,2,9998,1,9999,2026-04-24,2026-09-08,2026-12-16
27591,Sperrmüll,Karl-Arnold-Str.,Vilich,53225,2,9998,1,9999,2026-04-23,2026-09-07,2026-12-15
27726,Sperrmüll,Käsbergstr.,Vilich,53225,2,9998,1,9999,2026-04-23,2026-09-07,2026-12-15
28340,Sperrmüll,Maria-Montessori-Allee,Vilich,53229,2,38,1,33,2026-04-24,2026-09-08,2026-12-16
28355,Sperrmüll,Maria-Montessori-Allee,Vilich,53229,40,9998,35,9999,2026-04-24,2026-09-08,2026-12-16
28370,Sperrmüll,Maria-Tiefenbacher-Str.,Vilich,53229,2,9998,1,9999,2026-04-24,2026-09-08,2026-12-16
43643,Sperrmüll,Mathildastr.,Vilich,53225,2,9998,1,9999,2026-04-23,2026-09-07,2026-12-15
28694,Sperrmüll,Michael-Piel-Str.,Vilich,53229,2,9998,1,9999,2026-04-24,2026-09-08,2026-12-16
28919,Sperrmüll,Nonnenpfad,Vilich,53229,2,9998,1,9999,2026-04-24,2026-09-08,2026-12-16
28709,Sperrmüll,Paul-Schumacher-Str.,Vilich,53229,2,9998,1,9999,2026-04-24,2026-09-08,2026-12-16
28999,Sperrmüll,Pilgerweg,Vilich,53229,2,9998,1,9999,2026-04-24,2026-09-08,2026-12-16
28724,Sperrmüll,Richard-Scherer-Str.,Vilich,53229,2,9998,1,9999,2026-04-24,2026-09-08,2026-12-16
30100,Sperrmüll,Schevastesstr.,Vilich,53229,2,48,1,39,2026-04-24,2026-09-08,2026-12-16
30115,Sperrmüll,Schevastesstr.,Vilich,53229,50,9998,41,9999,2026-04-24,2026-09-08,2026-12-16
30145,Sperrmüll,Schillerstr.,Vilich,53225,2,9998,1,9999,2026-04-23,2026-09-07,2026-12-15
24556,Sperrmüll,Schillingsweg,Vilich,53229,2,9998,1,9999,2026-04-24,2026-09-08,2026-12-16
30160,Sperrmüll,Schnorrenbergstr.,Vilich,53229,2,9998,1,9999,2026-04-24,2026-09-08,2026-12-16
30175,Sperrmüll,Schultheißstr.,Vilich,53225,2,9998,1,9999,2026-04-23,2026-09-07,2026-12-15
30371,Sperrmüll,Stroofstr.,Vilich,53225,2,9998,1,9999,2026-04-23,2026-09-07,2026-12-15
30596,Sperrmüll,Von-Pfingsten-Str.,Vilich,53229,2,9998,1,9999,2026-04-24,2026-09-08,2026-12-16
23856,Sperrmüll,Adele-Schopenhauer-Weg,Vilich-Müldorf,53229,2,9998,1,9999,2026-04-21,2026-09-04,2026-12-14
24826,Sperrmüll,Adolf-Quad-Str.,Vilich-Müldorf,53229,2,9998,1,9999,2026-04-21,2026-09-04,2026-12-14
25386,Sperrmüll,Auf dem Bachfeld,Vilich-Müldorf,53229,2,9998,1,9999,2026-04-21,2026-09-04,2026-12-14
24976,Sperrmüll,Beueler Str.,Vilich-Müldorf,53229,2,30,1,27,2026-04-21,2026-09-04,2026-12-14
24991,Sperrmüll,Beueler Str.,Vilich-Müldorf,53229,32,9998,29,9999,2026-04-21,2026-09-04,2026-12-14
25431,Sperrmüll,Bundesgrenzschutzstr.,Vilich-Müldorf,53229,2,9998,1,9999,2026-04-21,2026-09-04,2026-12-14
25266,Sperrmüll,Burbankstr.,Vilich-Müldorf,53229,2,9998,1,9999,2026-04-21,2026-09-04,2026-12-14
25341,Sperrmüll,Buschweg,Vilich-Müldorf,53229,2,9998,1,9999,2026-04-21,2026-09-04,2026-12-14
25446,Sperrmüll,Caroline-Herschel-Weg,Vilich-Müldorf,53229,2,9998,1,9999,2026-04-21,2026-09-04,2026-12-14
25461,Sperrmüll,Clara-Schumann-Weg,Vilich-Müldorf,53229,2,9998,1,9999,2026-04-21,2026-09-04,2026-12-14
25701,Sperrmüll,Dorothea-Erxleben-Weg,Vilich-Müldorf,53229,2,9998,1,9999,2026-04-21,2026-09-04,2026-12-14
25746,Sperrmüll,Eichenweg,Vilich-Müldorf,53229,2,9998,1,9999,2026-04-21,2026-09-04,2026-12-14
25716,Sperrmüll,Emmy-Noether-Weg,Vilich-Müldorf,53229,2,9998,1,9999,2026-04-21,2026-09-04,2026-12-14
25906,Sperrmüll,Eulaliastr.,Vilich-Müldorf,53229,2,9998,1,9999,2026-04-21,2026-09-04,2026-12-14
26011,Sperrmüll,Flughafenstr.,Vilich-Müldorf,53229,2,9998,1,9999,2026-04-21,2026-09-04,2026-12-14
26976,Sperrmüll,Hangelarer Weg,Vilich-Müldorf,53229,2,9998,1,9999,2026-04-21,2026-09-04,2026-12-14
26991,Sperrmüll,Helene-Weigel-Weg,Vilich-Müldorf,53229,2,9998,1,9999,2026-04-21,2026-09-04,2026-12-14
24511,Sperrmüll,Hummerichs Bitze,Vilich-Müldorf,53229,2,9998,1,9999,2026-04-21,2026-09-04,2026-12-14
27036,Sperrmüll,Im Birkenfeld,Vilich-Müldorf,53229,2,9998,1,9999,2026-04-21,2026-09-04,2026-12-14
27216,Sperrmüll,Im Ziegelfeld,Vilich-Müldorf,53229,2,9998,1,9999,2026-04-21,2026-09-04,2026-12-14
27531,Sperrmüll,Karl-Lambertz-Str.,Vilich-Müldorf,53229,2,9998,1,9999,2026-04-21,2026-09-04,2026-12-14
28415,Sperrmüll,Mary-Wigman-Weg,Vilich-Müldorf,53229,2,9998,1,9999,2026-04-21,2026-09-04,2026-12-14
28539,Sperrmüll,Mendener Weg,Vilich-Müldorf,53229,2,9998,1,9999,2026-04-21,2026-09-04,2026-12-14
28589,Sperrmüll,Mühlenbachstr.,Vilich-Müldorf,53229,2,42,1,69,2026-04-21,2026-09-04,2026-12-14
28604,Sperrmüll,Mühlenbachstr.,Vilich-Müldorf,53229,44,9998,71,9999,2026-04-21,2026-09-04,2026-12-14
28754,Sperrmüll,Müldorfer Anger,Vilich-Müldorf,53229,2,9998,1,9999,2026-04-21,2026-09-04,2026-12-14
28784,Sperrmüll,Nelly-Sachs-Weg,Vilich-Müldorf,53229,2,9998,1,9999,2026-04-21,2026-09-04,2026-12-14
29870,Sperrmüll,Rüsterstr.,Vilich-Müldorf,53229,2,9998,1,9999,2026-04-21,2026-09-04,2026-12-14
30220,Sperrmüll,Stiftsmühlenweg,Vilich-Müldorf,53229,2,9998,1,9999,2026-04-21,2026-09-04,2026-12-14
30461,Sperrmüll,Therese-Giehse-Weg,Vilich-Müldorf,53229,2,9998,1,9999,2026-04-21,2026-09-04,2026-12-14
25371,Sperrmüll,Werner-Körvers-Str.,Vilich-Müldorf,53229,2,9998,1,9999,2026-04-21,2026-09-04,2026-12-14
31006,Sperrmüll,Wilfried-Hatzfeld-Str.,Vilich-Müldorf,53229,2,9998,1,9999,2026-04-21,2026-09-04,2026-12-14
31021,Sperrmüll,Willi-Graf-Ring,Vilich-Müldorf,53229,2,9998,1,9999,2026-04-21,2026-09-04,2026-12-14
103,Sperrmüll,Agrippinenstr.,Weststadt,53115,2,9998,1,9999,2026-02-03,2026-05-26,2026-10-02
1384,Sperrmüll,Am Dickobskreuz,Weststadt,53121,2,9998,1,9999,2026-02-03,2026-05-26,2026-10-02
1504,Sperrmüll,Bachstr.,Weststadt,53115,2,9998,1,9999,2026-02-03,2026-05-26,2026-10-02
1565,Sperrmüll,Baumschulallee,Weststadt,53115,2,20,1,17,2026-02-03,2026-05-26,2026-10-02
1580,Sperrmüll,Baumschulallee,Weststadt,53115,22,9998,19,9999,2026-02-03,2026-05-26,2026-10-02
1610,Sperrmüll,Beethovenplatz,Weststadt,53115,2,9998,1,9999,2026-02-03,2026-05-26,2026-10-02
1625,Sperrmüll,Beethovenstr.,Weststadt,53115,2,9998,1,9999,2026-02-03,2026-05-26,2026-10-02
1797,Sperrmüll,Beringstr.,Weststadt,53115,2,9998,1,9999,2026-02-03,2026-05-26,2026-10-02
2434,Sperrmüll,Brucknerstr.,Weststadt,53115,2,9998,1,9999,2026-02-03,2026-05-26,2026-10-02
2962,Sperrmüll,Colmantstr.,Weststadt,53115,2,9998,1,9999,2026-02-03,2026-05-26,2026-10-02
3087,Sperrmüll,Dechenstr.,Weststadt,53115,2,9998,1,9999,2026-02-03,2026-05-26,2026-10-02
4722,Sperrmüll,Gluckstr.,Weststadt,53115,2,9998,1,9999,2026-02-03,2026-05-26,2026-10-02
5272,Sperrmüll,Händelstr.,Weststadt,53115,2,9998,1,9999,2026-02-03,2026-05-26,2026-10-02
5502,Sperrmüll,Haydnstr.,Weststadt,53115,2,18,1,41,2026-02-03,2026-05-26,2026-10-02
5517,Sperrmüll,Haydnstr.,Weststadt,53115,20,9998,43,9999,2026-02-03,2026-05-26,2026-10-02
5779,Sperrmüll,Hein-Moeller-Str.,Weststadt,53115,2,9998,1,9999,2026-02-03,2026-05-26,2026-10-02
5794,Sperrmüll,Herwarthstr.,Weststadt,53115,2,9998,1,9999,2026-02-03,2026-05-26,2026-10-02
6099,Sperrmüll,Humboldtstr.,Weststadt,53115,2,9998,1,9999,2026-02-03,2026-05-26,2026-10-02
6354,Sperrmüll,Immenburgstr.,Weststadt,53121,2,9998,1,9999,2026-02-03,2026-05-26,2026-10-02
6590,Sperrmüll,Jonas-Cahn-Str.,Weststadt,53115,2,9998,1,9999,2026-02-03,2026-05-26,2026-10-02
6069,Sperrmüll,Karl-Frowein-Str.,Weststadt,53115,2,9998,1,9999,2026-02-03,2026-05-26,2026-10-02
44122,Sperrmüll,Karl-Frowein-Str.,Weststadt,53115,,,,,2026-02-03,2026-05-26,2026-10-02
7175,Sperrmüll,Karlstr.,Weststadt,53115,2,9998,1,9999,2026-02-03,2026-05-26,2026-10-02
7251,Sperrmüll,Kaufmannstr.,Weststadt,53115,2,9998,1,9999,2026-02-03,2026-05-26,2026-10-02
8490,Sperrmüll,Lisztstr.,Weststadt,53115,2,9998,1,9999,2026-02-03,2026-05-26,2026-10-02
8912,Sperrmüll,Malteserstr.,Weststadt,53115,2,9998,1,9999,2026-02-03,2026-05-26,2026-10-02
9202,Sperrmüll,Meckenheimer Allee,Weststadt,53115,2,100,1,87,2026-02-03,2026-05-26,2026-10-02
9217,Sperrmüll,Meckenheimer Allee,Weststadt,53115,102,9998,89,9999,2026-02-03,2026-05-26,2026-10-02
9443,Sperrmüll,Mozartstr.,Weststadt,53115,2,9998,1,9999,2026-02-03,2026-05-26,2026-10-02
9691,Sperrmüll,Neefestr.,Weststadt,53115,2,9998,1,9999,2026-02-03,2026-05-26,2026-10-02
9706,Sperrmüll,Neuenahrer Str.,Weststadt,53115,2,9998,1,9999,2026-02-03,2026-05-26,2026-10-02
9721,Sperrmüll,Nideggerstr.,Weststadt,53115,2,9998,1,9999,2026-02-03,2026-05-26,2026-10-02
10503,Sperrmüll,Quantiusstr.,Weststadt,53115,2,9998,1,9999,2026-02-03,2026-05-26,2026-10-02
10835,Sperrmüll,Rheinbacher Str.,Weststadt,53115,2,9998,1,9999,2026-02-03,2026-05-26,2026-10-02
10949,Sperrmüll,Richard-Wagner-Str.,Weststadt,53115,2,9998,1,9999,2026-02-03,2026-05-26,2026-10-02
11400,Sperrmüll,Rottenburgstr.,Weststadt,53115,2,9998,1,9999,2026-02-03,2026-05-26,2026-10-02
11784,Sperrmüll,Schubertstr.,Weststadt,53115,2,9998,1,9999,2026-02-03,2026-05-26,2026-10-02
12878,Sperrmüll,Verdistr.,Weststadt,53115,2,9998,1,9999,2026-02-03,2026-05-26,2026-10-02
13316,Sperrmüll,Wesendonckstr.,Weststadt,53115,2,9998,1,9999,2026-02-03,2026-05-26,2026-10-02
13347,Sperrmüll,Wesselbahnweg,Weststadt,53115,2,9998,1,9999,2026-02-03,2026-05-26,2026-10-02
13544,Sperrmüll,Wittelsbacherring,Weststadt,53115,2,9998,1,9999,2026-02-03,2026-05-26,2026-10-02
41984,Sperrmüll,Wolfgang-Paul-Allee,Weststadt,53115,2,9998,1,9999,2026-02-03,2026-05-26,2026-10-02
13709,Sperrmüll,Zülpicher Str.,Weststadt,53115,2,9998,1,9999,2026-02-03,2026-05-26,2026-10-02
